{"stats":{"minecraft:used":{"minecraft:iron_shovel":251,"minecraft:diamond_hoe":319,"minecraft:ladder":26,"minecraft:oak_sign":19,"minecraft:chest":5,"minecraft:bell":2,"minecraft:mutton":6,"minecraft:carrot":784,"minecraft:glass":87,"minecraft:hopper_minecart":8,"minecraft:bow":1,"minecraft:oak_sapling":5,"minecraft:egg":1,"minecraft:golden_boots":1,"minecraft:diorite":13,"minecraft:stone_pickaxe":51,"minecraft:oak_planks":1117,"minecraft:wooden_pickaxe":4,"minecraft:composter":2,"minecraft:diamond_axe":1058,"minecraft:sugar_cane":75,"minecraft:crossbow":1,"minecraft:shears":1,"minecraft:bread":55,"minecraft:string":8,"minecraft:lectern":77,"minecraft:gravel":53,"minecraft:oak_trapdoor":27,"minecraft:netherrack":11,"minecraft:oak_door":1,"minecraft:torch":17,"minecraft:dirt":1109,"minecraft:hopper":2,"minecraft:iron_hoe":166,"minecraft:iron_axe":441,"minecraft:oak_stairs":2,"minecraft:crimson_slab":75,"minecraft:crimson_planks":144,"minecraft:tripwire_hook":42,"minecraft:glowstone":17,"minecraft:minecart":5,"minecraft:cooked_beef":9,"minecraft:water_bucket":73,"minecraft:birch_planks":2,"minecraft:baked_potato":2,"minecraft:fletching_table":8,"minecraft:cobblestone_slab":34,"minecraft:rail":34,"minecraft:oak_slab":7,"minecraft:crafting_table":10,"minecraft:crimson_trapdoor":15,"minecraft:magenta_bed":9,"minecraft:white_bed":16,"minecraft:oak_log":2,"minecraft:diamond_pickaxe":339,"minecraft:oxeye_daisy":1,"minecraft:diamond_shovel":1331,"minecraft:iron_pickaxe":87,"minecraft:stone_axe":118,"minecraft:cobblestone":92,"minecraft:bucket":73,"minecraft:yellow_bed":13},"minecraft:picked_up":{"minecraft:wheat":1,"minecraft:yellow_wool":14,"minecraft:oak_stairs":13,"minecraft:enchanted_book":1,"minecraft:crimson_planks":37,"minecraft:string":2437,"minecraft:raw_copper":10,"minecraft:oak_sign":9,"minecraft:beetroot":3,"minecraft:cobbled_deepslate":39,"minecraft:cobblestone_slab":4,"minecraft:hopper_minecart":1,"minecraft:furnace":2,"minecraft:stick":70,"minecraft:composter":1,"minecraft:torch":21,"minecraft:porkchop":12,"minecraft:diorite":38,"minecraft:rotten_flesh":42,"minecraft:cobblestone":181,"minecraft:cooked_beef":16,"minecraft:andesite":22,"minecraft:potato":6,"minecraft:flint":6,"minecraft:tuff":5,"minecraft:magenta_bed":10,"minecraft:lapis_lazuli":46,"minecraft:dirt":1433,"minecraft:glass":2,"minecraft:bone":11,"minecraft:bow":33,"minecraft:wheat_seeds":67,"minecraft:bell":3,"minecraft:grindstone":4,"minecraft:glowstone_dust":14,"minecraft:fletching_table":5,"minecraft:mossy_stone_bricks":3,"minecraft:oak_planks":237,"minecraft:sand":106,"minecraft:mossy_cobblestone":2,"minecraft:diamond":23,"minecraft:granite":1,"minecraft:emerald":1,"minecraft:oak_sapling":3,"minecraft:netherrack":20,"minecraft:crimson_roots":1,"minecraft:crafting_table":7,"minecraft:ladder":8,"minecraft:crimson_trapdoor":1,"minecraft:oak_trapdoor":10,"minecraft:cracked_stone_bricks":1,"minecraft:beef":13,"minecraft:minecart":5,"minecraft:lectern":71,"minecraft:sugar_cane":607,"minecraft:chest":4,"minecraft:egg":1,"minecraft:raw_iron":9,"minecraft:oak_door":9,"minecraft:carrot":1394,"minecraft:weeping_vines":5,"minecraft:arrow":4,"minecraft:beetroot_seeds":1,"minecraft:peony":1,"minecraft:hay_block":35,"minecraft:totem_of_undying":1,"minecraft:mutton":11,"minecraft:rail":24,"minecraft:crimson_slab":18,"minecraft:white_wool":23,"minecraft:oxeye_daisy":3,"minecraft:stripped_oak_log":11,"minecraft:tripwire_hook":98,"minecraft:crimson_stem":113,"minecraft:leather":8,"minecraft:birch_planks":6,"minecraft:oak_log":440,"minecraft:yellow_bed":9,"minecraft:nether_wart_block":14,"minecraft:gunpowder":8,"minecraft:paper":52,"minecraft:stone_bricks":1,"minecraft:apple":1,"minecraft:iron_ingot":3,"minecraft:stone_pickaxe":2,"minecraft:book":121,"minecraft:oak_slab":7,"minecraft:quartz":5,"minecraft:gravel":65,"minecraft:white_bed":11,"minecraft:spider_eye":1,"minecraft:oak_button":2,"minecraft:baked_potato":1},"minecraft:mined":{"minecraft:white_bed":11,"minecraft:farmland":27,"minecraft:cobblestone_stairs":1,"minecraft:granite":5,"minecraft:crimson_trapdoor":1,"minecraft:grass_block":584,"minecraft:composter":1,"minecraft:oak_wall_sign":8,"minecraft:oxeye_daisy":1,"minecraft:weeping_vines_plant":6,"minecraft:glowstone":5,"minecraft:iron_ore":8,"minecraft:fletching_table":5,"minecraft:oak_sign":2,"minecraft:dirt_path":25,"minecraft:oak_stairs":13,"minecraft:tripwire":6,"minecraft:crimson_nylium":5,"minecraft:torch":4,"minecraft:chest":3,"minecraft:glass":11,"minecraft:nether_quartz_ore":6,"minecraft:cobblestone":62,"minecraft:grindstone":1,"minecraft:sugar_cane":329,"minecraft:oak_planks":225,"minecraft:wall_torch":8,"minecraft:nether_wart_block":15,"minecraft:yellow_wool":15,"minecraft:wheat":14,"minecraft:magenta_bed":12,"minecraft:oak_log":377,"minecraft:beetroots":1,"minecraft:sand":111,"minecraft:dirt":862,"minecraft:crimson_planks":32,"minecraft:tripwire_hook":1,"minecraft:netherrack":14,"minecraft:oak_leaves":65,"minecraft:deepslate":112,"minecraft:diamond_ore":1,"minecraft:mossy_cobblestone":2,"minecraft:deepslate_diamond_ore":2,"minecraft:oak_door":1,"minecraft:ladder":2,"minecraft:crimson_roots":1,"minecraft:weeping_vines":4,"minecraft:crimson_stem":122,"minecraft:hay_block":35,"minecraft:oak_trapdoor":14,"minecraft:furnace":2,"minecraft:carrots":467,"minecraft:peony":1,"minecraft:bell":1,"minecraft:bookshelf":52,"minecraft:potatoes":4,"minecraft:shroomlight":1,"minecraft:cobblestone_slab":4,"minecraft:rail":31,"minecraft:stripped_oak_log":11,"minecraft:stone":77,"minecraft:white_wool":15,"minecraft:oak_slab":7,"minecraft:glass_pane":4,"minecraft:crafting_table":9,"minecraft:short_grass":80,"minecraft:crimson_slab":17,"minecraft:lectern":70,"minecraft:copper_ore":1,"minecraft:diorite":37,"minecraft:birch_planks":4,"minecraft:yellow_bed":10,"minecraft:gravel":60,"minecraft:cracked_stone_bricks":1,"minecraft:stone_bricks":1,"minecraft:mossy_stone_bricks":2},"minecraft:crafted":{"minecraft:oak_planks":1710,"minecraft:cobblestone_slab":30,"minecraft:oak_sign":21,"minecraft:birch_slab":72,"minecraft:diamond_shovel":1,"minecraft:bookshelf":10,"minecraft:glass":104,"minecraft:hopper":8,"minecraft:bow":28,"minecraft:chest":10,"minecraft:oak_button":1,"minecraft:rail":64,"minecraft:golden_boots":1,"minecraft:oak_slab":18,"minecraft:arrow":288,"minecraft:emerald":196,"minecraft:diamond_axe":1,"minecraft:crafting_table":3,"minecraft:baked_potato":2,"minecraft:wooden_pickaxe":1,"minecraft:fletching_table":3,"minecraft:hopper_minecart":6,"minecraft:birch_planks":48,"minecraft:lectern":9,"minecraft:diamond_pickaxe":1,"minecraft:charcoal":3,"minecraft:book":7,"minecraft:paper":369,"minecraft:stick":1034,"minecraft:iron_ingot":36,"minecraft:iron_pickaxe":1,"minecraft:gold_ingot":10,"minecraft:composter":1,"minecraft:shears":1,"minecraft:oak_door":3,"minecraft:tripwire_hook":4,"minecraft:crimson_trapdoor":14,"minecraft:diamond_hoe":1,"minecraft:yellow_bed":4,"minecraft:oak_trapdoor":16,"minecraft:iron_axe":1,"minecraft:ladder":24,"minecraft:iron_hoe":1,"minecraft:stone_pickaxe":1,"minecraft:minecart":6,"minecraft:wheat":315,"minecraft:crimson_planks":252,"minecraft:crossbow":1,"minecraft:crimson_slab":60,"minecraft:bucket":1,"minecraft:stone_axe":1,"minecraft:glowstone":12,"minecraft:enchanted_book":3,"minecraft:bread":63,"minecraft:air":0,"minecraft:iron_shovel":1,"minecraft:white_bed":6},"minecraft:killed":{"minecraft:spider":1,"minecraft:skeleton":3,"minecraft:piglin":1,"minecraft:pig":1,"minecraft:creeper":2,"minecraft:sheep":8,"minecraft:zombie":16,"minecraft:cow":5,"minecraft:drowned":4,"minecraft:bat":1,"minecraft:hoglin":1},"minecraft:killed_by":{"minecraft:creeper":1,"minecraft:zombie":1,"minecraft:player":1,"minecraft:skeleton":3},"minecraft:dropped":{"minecraft:birch_planks":2,"minecraft:porkchop":9,"minecraft:lapis_lazuli":2,"minecraft:cooked_beef":1,"minecraft:diamond":20,"minecraft:crossbow":1,"minecraft:weeping_vines":5,"minecraft:leather":1,"minecraft:cracked_stone_bricks":1,"minecraft:rail":63,"minecraft:birch_slab":40,"minecraft:emerald":5,"minecraft:dirt":18,"minecraft:mutton":5,"minecraft:crimson_roots":1,"minecraft:white_wool":3,"minecraft:gold_ingot":6,"minecraft:bone":7,"minecraft:oak_door":10,"minecraft:gravel":8,"minecraft:sugar_cane":132,"minecraft:cobbled_deepslate":2,"minecraft:wheat":43,"minecraft:beetroot":3,"minecraft:rotten_flesh":14,"minecraft:grindstone":3,"minecraft:oak_planks":7,"minecraft:glowstone_dust":3,"minecraft:carrot":548,"minecraft:gunpowder":6,"minecraft:beetroot_seeds":1,"minecraft:chest":1,"minecraft:ladder":6,"minecraft:arrow":132,"minecraft:glass":19,"minecraft:beef":13,"minecraft:quartz":5,"minecraft:netherrack":9,"minecraft:crimson_planks":5,"minecraft:oak_slab":7,"minecraft:wheat_seeds":42,"minecraft:mossy_cobblestone":2,"minecraft:bookshelf":1,"minecraft:cobblestone":6,"minecraft:book":10,"minecraft:granite":1,"minecraft:stick":296,"minecraft:oxeye_daisy":2,"minecraft:diorite":19,"minecraft:torch":4,"minecraft:nether_wart_block":14,"minecraft:paper":71,"minecraft:tripwire_hook":2,"minecraft:oak_trapdoor":1,"minecraft:raw_copper":10,"minecraft:oak_sign":7,"minecraft:potato":1,"minecraft:oak_button":3,"minecraft:crimson_slab":3,"minecraft:peony":1,"minecraft:mossy_stone_bricks":3,"minecraft:oak_sapling":3,"minecraft:spider_eye":1,"minecraft:stone_bricks":1,"minecraft:bow":59,"minecraft:stone_pickaxe":2,"minecraft:bell":1},"minecraft:custom":{"minecraft:animals_bred":4,"minecraft:interact_with_crafting_table":89,"minecraft:bell_ring":9,"minecraft:leave_game":11,"minecraft:time_since_death":47574,"minecraft:sprint_one_cm":176326,"minecraft:drop":229,"minecraft:talked_to_villager":314,"minecraft:play_time":314551,"minecraft:deaths":12,"minecraft:jump":5026,"minecraft:walk_on_water_one_cm":39466,"minecraft:interact_with_furnace":34,"minecraft:traded_with_villager":247,"minecraft:sleep_in_bed":7,"minecraft:damage_dealt":8194,"minecraft:crouch_one_cm":20124,"minecraft:mob_kills":43,"minecraft:inspect_hopper":2,"minecraft:climb_one_cm":40799,"minecraft:walk_one_cm":482005,"minecraft:sneak_time":15180,"minecraft:walk_under_water_one_cm":11902,"minecraft:interact_with_blast_furnace":3,"minecraft:total_world_time":314551,"minecraft:interact_with_grindstone":1,"minecraft:time_since_rest":10341,"minecraft:damage_taken":5620,"minecraft:swim_one_cm":16307,"minecraft:fly_one_cm":1432102,"minecraft:open_chest":87,"minecraft:fall_one_cm":120440},"minecraft:broken":{"minecraft:iron_shovel":1,"minecraft:iron_axe":1}},"DataVersion":3953}