{"stats":{"minecraft:crafted":{"minecraft:oak_planks":1942,"minecraft:cobblestone_slab":30,"minecraft:oak_sign":21,"minecraft:crimson_sign":3,"minecraft:birch_slab":72,"minecraft:diamond_shovel":1,"minecraft:bookshelf":451,"minecraft:glass":3887,"minecraft:hopper":8,"minecraft:diamond_helmet":1,"minecraft:bow":28,"minecraft:diamond_leggings":1,"minecraft:tipped_arrow":5,"minecraft:chest":24,"minecraft:oak_button":1,"minecraft:rail":64,"minecraft:name_tag":84,"minecraft:golden_boots":1,"minecraft:oak_slab":36,"minecraft:emerald":2180,"minecraft:arrow":496,"minecraft:diamond_axe":3,"minecraft:crafting_table":4,"minecraft:wooden_pickaxe":1,"minecraft:baked_potato":2,"minecraft:clock":6,"minecraft:fletching_table":3,"minecraft:hopper_minecart":6,"minecraft:crimson_pressure_plate":2,"minecraft:birch_planks":48,"minecraft:lectern":13,"minecraft:book":7,"minecraft:diamond_pickaxe":2,"minecraft:paper":729,"minecraft:charcoal":3,"minecraft:stick":1530,"minecraft:iron_ingot":36,"minecraft:iron_pickaxe":1,"minecraft:iron_block":3,"minecraft:gold_ingot":10,"minecraft:composter":1,"minecraft:shears":3,"minecraft:oak_door":3,"minecraft:tripwire_hook":4,"minecraft:crimson_trapdoor":18,"minecraft:diamond_hoe":1,"minecraft:yellow_bed":4,"minecraft:bone_meal":15,"minecraft:oak_trapdoor":16,"minecraft:lantern":244,"minecraft:iron_axe":1,"minecraft:ladder":24,"minecraft:iron_hoe":1,"minecraft:stone_pickaxe":1,"minecraft:diamond_boots":1,"minecraft:dark_oak_planks":212,"minecraft:minecart":6,"minecraft:wheat":315,"minecraft:crimson_planks":316,"minecraft:crossbow":17,"minecraft:diamond_sword":1,"minecraft:crimson_slab":84,"minecraft:bucket":2,"minecraft:dark_oak_button":84,"minecraft:stone_axe":1,"minecraft:glowstone":12,"minecraft:enchanted_book":33,"minecraft:bread":63,"minecraft:air":0,"minecraft:crimson_stairs":8,"minecraft:oak_boat":2,"minecraft:iron_shovel":1,"minecraft:anvil":1,"minecraft:white_bed":6,"minecraft:diamond_chestplate":1},"minecraft:picked_up":{"minecraft:shulker_shell":6,"minecraft:wheat":1,"minecraft:yellow_wool":14,"minecraft:oak_stairs":20,"minecraft:wither_rose":36,"minecraft:enchanted_book":3,"minecraft:crimson_planks":68,"minecraft:golden_sword":2,"minecraft:amethyst_block":9,"minecraft:string":4199,"minecraft:soul_soil":2,"minecraft:raw_copper":10,"minecraft:oak_sign":17,"minecraft:beetroot":3,"minecraft:gold_nugget":4,"minecraft:cobbled_deepslate":45,"minecraft:dark_oak_leaves":1,"minecraft:cobblestone_slab":4,"minecraft:calcite":83,"minecraft:hopper_minecart":1,"minecraft:crimson_sign":1,"minecraft:furnace":2,"minecraft:golden_helmet":1,"minecraft:stick":72,"minecraft:composter":1,"minecraft:purpur_pillar":2,"minecraft:torch":39,"minecraft:porkchop":16,"minecraft:golden_axe":1,"minecraft:diorite":41,"minecraft:golden_chestplate":1,"minecraft:rotten_flesh":54,"minecraft:end_rod":1,"minecraft:bookshelf":2,"minecraft:iron_bars":11,"minecraft:cobblestone":272,"minecraft:magma_block":3147,"minecraft:feather":46,"minecraft:cooked_beef":17,"minecraft:andesite":22,"minecraft:potato":6,"minecraft:flint":6,"minecraft:tuff":5,"minecraft:magenta_bed":10,"minecraft:lapis_lazuli":165,"minecraft:dirt":1488,"minecraft:lantern":14,"minecraft:glass":2,"minecraft:bone":11,"minecraft:bow":33,"minecraft:wheat_seeds":96,"minecraft:bell":3,"minecraft:grindstone":4,"minecraft:mossy_stone_bricks":3,"minecraft:fletching_table":5,"minecraft:glowstone_dust":81,"minecraft:oak_planks":243,"minecraft:sand":106,"minecraft:grass_block":1,"minecraft:dark_oak_log":53,"minecraft:mossy_cobblestone":6,"minecraft:diamond":57,"minecraft:crossbow":20,"minecraft:granite":1,"minecraft:bone_meal":8,"minecraft:emerald":143,"minecraft:bread":2,"minecraft:oak_sapling":4,"minecraft:netherrack":511,"minecraft:crimson_roots":1,"minecraft:end_stone_bricks":3,"minecraft:crafting_table":7,"minecraft:chicken":43,"minecraft:ladder":8,"minecraft:brown_mushroom":13,"minecraft:crimson_trapdoor":1,"minecraft:purpur_block":6,"minecraft:oak_trapdoor":14,"minecraft:elytra":1,"minecraft:cracked_stone_bricks":1,"minecraft:beef":13,"minecraft:poppy":9,"minecraft:minecart":5,"minecraft:lectern":259,"minecraft:sugar_cane":976,"minecraft:chest":10,"minecraft:egg":1,"minecraft:dark_oak_sapling":5,"minecraft:raw_iron":9,"minecraft:end_stone":9,"minecraft:oak_door":9,"minecraft:polished_blackstone_bricks":13,"minecraft:cookie":1,"minecraft:carrot":1502,"minecraft:dark_oak_planks":64,"minecraft:arrow":11,"minecraft:weeping_vines":5,"minecraft:beetroot_seeds":1,"minecraft:pumpkin_pie":1,"minecraft:peony":1,"minecraft:shears":4,"minecraft:hay_block":35,"minecraft:totem_of_undying":2,"minecraft:mutton":11,"minecraft:rail":24,"minecraft:white_wool":23,"minecraft:crimson_slab":21,"minecraft:oxeye_daisy":3,"minecraft:stripped_oak_log":26,"minecraft:tripwire_hook":106,"minecraft:crimson_stem":115,"minecraft:leather":8,"minecraft:birch_planks":6,"minecraft:oak_log":489,"minecraft:golden_boots":1,"minecraft:yellow_bed":9,"minecraft:nether_wart_block":14,"minecraft:gunpowder":10,"minecraft:paper":92,"minecraft:stone_bricks":1,"minecraft:apple":1,"minecraft:iron_ingot":125,"minecraft:stone_pickaxe":2,"minecraft:book":1446,"minecraft:oak_slab":7,"minecraft:smooth_basalt":11,"minecraft:quartz":5,"minecraft:gravel":65,"minecraft:amethyst_shard":12,"minecraft:white_bed":11,"minecraft:spider_eye":8,"minecraft:dragon_egg":1,"minecraft:oak_button":2,"minecraft:baked_potato":1,"minecraft:ender_pearl":17},"minecraft:custom":{"minecraft:animals_bred":4,"minecraft:interact_with_crafting_table":132,"minecraft:bell_ring":19,"minecraft:leave_game":15,"minecraft:time_since_death":179096,"minecraft:sprint_one_cm":176543,"minecraft:drop":521,"minecraft:talked_to_villager":1297,"minecraft:play_time":650980,"minecraft:deaths":15,"minecraft:jump":9782,"minecraft:walk_on_water_one_cm":69584,"minecraft:enchant_item":24,"minecraft:interact_with_furnace":41,"minecraft:traded_with_villager":4010,"minecraft:sleep_in_bed":9,"minecraft:damage_dealt":25231,"minecraft:player_kills":1,"minecraft:crouch_one_cm":25237,"minecraft:interact_with_anvil":24,"minecraft:mob_kills":131,"minecraft:inspect_hopper":5,"minecraft:climb_one_cm":67034,"minecraft:walk_one_cm":733363,"minecraft:raid_win":1,"minecraft:sneak_time":27422,"minecraft:walk_under_water_one_cm":25016,"minecraft:boat_one_cm":3,"minecraft:interact_with_blast_furnace":3,"minecraft:total_world_time":650980,"minecraft:interact_with_grindstone":21,"minecraft:time_since_rest":88309,"minecraft:damage_absorbed":80,"minecraft:damage_taken":10369,"minecraft:swim_one_cm":61911,"minecraft:fly_one_cm":3266720,"minecraft:open_chest":216,"minecraft:fall_one_cm":251986},"minecraft:broken":{"minecraft:iron_shovel":1,"minecraft:iron_axe":1},"minecraft:mined":{"minecraft:dragon_wall_head":1,"minecraft:white_bed":11,"minecraft:farmland":27,"minecraft:cobblestone_stairs":1,"minecraft:granite":15,"minecraft:grass_block":598,"minecraft:crimson_trapdoor":1,"minecraft:oak_pressure_plate":2,"minecraft:soul_soil":2,"minecraft:composter":1,"minecraft:oak_wall_sign":13,"minecraft:oxeye_daisy":1,"minecraft:polished_blackstone_bricks":14,"minecraft:weeping_vines_plant":7,"minecraft:magma_block":3356,"minecraft:glowstone":27,"minecraft:iron_ore":8,"minecraft:deepslate_lapis_ore":8,"minecraft:fletching_table":5,"minecraft:enchanting_table":1,"minecraft:oak_sign":2,"minecraft:dirt_path":25,"minecraft:oak_stairs":14,"minecraft:end_stone_bricks":3,"minecraft:tripwire":13,"minecraft:brown_mushroom":13,"minecraft:crimson_nylium":24,"minecraft:soul_fire":1,"minecraft:torch":4,"minecraft:poppy":1,"minecraft:chest":9,"minecraft:glass":27,"minecraft:nether_quartz_ore":52,"minecraft:cobblestone":62,"minecraft:oak_planks":230,"minecraft:sugar_cane":519,"minecraft:grindstone":1,"minecraft:wall_torch":15,"minecraft:nether_wart_block":15,"minecraft:yellow_wool":15,"minecraft:wheat":14,"minecraft:magenta_bed":12,"minecraft:purpur_block":3,"minecraft:oak_log":426,"minecraft:beetroots":1,"minecraft:sand":111,"minecraft:dirt":876,"minecraft:crimson_planks":62,"minecraft:tripwire_hook":3,"minecraft:netherrack":2198,"minecraft:stripped_crimson_stem":1,"minecraft:oak_leaves":76,"minecraft:deepslate":361,"minecraft:diamond_ore":1,"minecraft:tuff":15,"minecraft:dark_oak_leaves":63,"minecraft:mossy_cobblestone":3,"minecraft:deepslate_diamond_ore":37,"minecraft:oak_door":1,"minecraft:dark_oak_log":55,"minecraft:end_stone":6,"minecraft:ladder":2,"minecraft:crimson_roots":1,"minecraft:weeping_vines":4,"minecraft:crimson_stem":124,"minecraft:hay_block":35,"minecraft:oak_trapdoor":18,"minecraft:furnace":2,"minecraft:carrots":521,"minecraft:peony":1,"minecraft:bell":1,"minecraft:bookshelf":455,"minecraft:potatoes":4,"minecraft:cobblestone_slab":4,"minecraft:shroomlight":1,"minecraft:rail":31,"minecraft:lantern":4,"minecraft:stripped_oak_log":23,"minecraft:stone":174,"minecraft:white_wool":15,"minecraft:oak_slab":7,"minecraft:glass_pane":4,"minecraft:soul_sand":3,"minecraft:basalt":3,"minecraft:crafting_table":9,"minecraft:short_grass":86,"minecraft:crimson_slab":20,"minecraft:purpur_pillar":1,"minecraft:lectern":258,"minecraft:copper_ore":1,"minecraft:tall_grass":1,"minecraft:lapis_ore":16,"minecraft:polished_blackstone_brick_stairs":2,"minecraft:diorite":50,"minecraft:birch_planks":4,"minecraft:yellow_bed":10,"minecraft:gravel":69,"minecraft:cracked_stone_bricks":1,"minecraft:crimson_wall_sign":1,"minecraft:stone_bricks":1,"minecraft:mossy_stone_bricks":2},"minecraft:killed":{"minecraft:zombified_piglin":1,"minecraft:witch":2,"minecraft:spider":3,"minecraft:shulker":10,"minecraft:wither":1,"minecraft:skeleton":5,"minecraft:chicken":8,"minecraft:piglin_brute":3,"minecraft:piglin":13,"minecraft:pig":1,"minecraft:creeper":3,"minecraft:sheep":8,"minecraft:pillager":9,"minecraft:zombie":17,"minecraft:cow":5,"minecraft:evoker":3,"minecraft:vex":1,"minecraft:vindicator":13,"minecraft:drowned":6,"minecraft:bat":1,"minecraft:hoglin":4,"minecraft:villager":2,"minecraft:enderman":7},"minecraft:used":{"minecraft:iron_shovel":251,"minecraft:oak_sign":27,"minecraft:ladder":26,"minecraft:diamond_hoe":319,"minecraft:chest":25,"minecraft:bell":2,"minecraft:mutton":6,"minecraft:carrot":874,"minecraft:glass":276,"minecraft:lantern":34,"minecraft:hopper_minecart":8,"minecraft:magma_block":4,"minecraft:bow":1,"minecraft:oak_sapling":5,"minecraft:egg":1,"minecraft:dark_oak_sapling":4,"minecraft:golden_boots":1,"minecraft:end_rod":1,"minecraft:diorite":13,"minecraft:stone_pickaxe":51,"minecraft:oak_planks":1118,"minecraft:ender_pearl":15,"minecraft:wooden_pickaxe":4,"minecraft:composter":2,"minecraft:sugar_cane":75,"minecraft:diamond_axe":1888,"minecraft:crossbow":54,"minecraft:shears":3,"minecraft:string":21,"minecraft:bread":63,"minecraft:lectern":272,"minecraft:gravel":53,"minecraft:diamond_sword":182,"minecraft:grindstone":1,"minecraft:oak_boat":2,"minecraft:bone_meal":21,"minecraft:oak_trapdoor":27,"minecraft:netherrack":316,"minecraft:oak_door":1,"minecraft:torch":22,"minecraft:dirt":1125,"minecraft:anvil":1,"minecraft:hopper":2,"minecraft:diamond_helmet":1,"minecraft:iron_hoe":166,"minecraft:bookshelf":417,"minecraft:iron_axe":441,"minecraft:oak_stairs":3,"minecraft:crimson_slab":101,"minecraft:crimson_planks":177,"minecraft:totem_of_undying":2,"minecraft:tripwire_hook":42,"minecraft:diamond_chestplate":2,"minecraft:glowstone":17,"minecraft:minecart":5,"minecraft:crimson_pressure_plate":2,"minecraft:cooked_beef":49,"minecraft:crimson_stem":15,"minecraft:water_bucket":78,"minecraft:birch_planks":2,"minecraft:baked_potato":2,"minecraft:fletching_table":8,"minecraft:cobblestone_slab":34,"minecraft:rail":34,"minecraft:oak_slab":7,"minecraft:crafting_table":11,"minecraft:magenta_bed":9,"minecraft:crimson_trapdoor":19,"minecraft:white_bed":16,"minecraft:oak_log":2,"minecraft:diamond_pickaxe":6492,"minecraft:oxeye_daisy":1,"minecraft:diamond_shovel":1331,"minecraft:iron_pickaxe":87,"minecraft:stone_axe":118,"minecraft:crimson_sign":3,"minecraft:cobblestone":100,"minecraft:crimson_stairs":8,"minecraft:bucket":79,"minecraft:yellow_bed":13,"minecraft:diamond_leggings":1},"minecraft:dropped":{"minecraft:birch_planks":2,"minecraft:porkchop":13,"minecraft:brown_mushroom":13,"minecraft:lapis_lazuli":44,"minecraft:diamond_axe":1,"minecraft:cooked_beef":2,"minecraft:diamond":20,"minecraft:dark_oak_sapling":1,"minecraft:crossbow":31,"minecraft:weeping_vines":5,"minecraft:cookie":1,"minecraft:lantern":96,"minecraft:leather":1,"minecraft:dark_oak_button":20,"minecraft:cracked_stone_bricks":1,"minecraft:rail":63,"minecraft:birch_slab":40,"minecraft:emerald":26,"minecraft:gold_block":1,"minecraft:dirt":57,"minecraft:mutton":5,"minecraft:crimson_roots":1,"minecraft:gold_nugget":4,"minecraft:pumpkin_pie":1,"minecraft:amethyst_shard":12,"minecraft:bone_block":15,"minecraft:polished_blackstone_bricks":13,"minecraft:dark_oak_planks":64,"minecraft:white_wool":3,"minecraft:gold_ingot":6,"minecraft:bone":7,"minecraft:oak_door":10,"minecraft:gravel":8,"minecraft:purpur_block":3,"minecraft:sugar_cane":142,"minecraft:golden_chestplate":1,"minecraft:cobbled_deepslate":8,"minecraft:wheat":43,"minecraft:obsidian":5,"minecraft:beetroot":3,"minecraft:rotten_flesh":26,"minecraft:grindstone":3,"minecraft:oak_planks":12,"minecraft:end_stone":9,"minecraft:diamond_shovel":1,"minecraft:glowstone_dust":6,"minecraft:carrot":630,"minecraft:poppy":9,"minecraft:gunpowder":8,"minecraft:beetroot_seeds":1,"minecraft:chest":1,"minecraft:ladder":6,"minecraft:end_stone_bricks":3,"minecraft:arrow":306,"minecraft:glass":102,"minecraft:beef":13,"minecraft:quartz":5,"minecraft:netherrack":291,"minecraft:crimson_planks":19,"minecraft:enchanted_book":2,"minecraft:golden_boots":2,"minecraft:iron_ingot":73,"minecraft:bread":2,"minecraft:oak_slab":9,"minecraft:wheat_seeds":69,"minecraft:clock":6,"minecraft:golden_helmet":1,"minecraft:mossy_cobblestone":6,"minecraft:bookshelf":23,"minecraft:golden_axe":1,"minecraft:cobblestone":28,"minecraft:book":10,"minecraft:amethyst_block":9,"minecraft:granite":1,"minecraft:grass_block":1,"minecraft:stick":498,"minecraft:oxeye_daisy":2,"minecraft:dark_oak_leaves":1,"minecraft:diorite":22,"minecraft:torch":21,"minecraft:nether_wart_block":14,"minecraft:crimson_sign":1,"minecraft:oak_stairs":6,"minecraft:paper":71,"minecraft:string":636,"minecraft:tripwire_hook":12,"minecraft:smooth_basalt":11,"minecraft:purpur_pillar":2,"minecraft:soul_soil":2,"minecraft:oak_trapdoor":5,"minecraft:raw_copper":10,"minecraft:diamond_hoe":1,"minecraft:stripped_oak_log":6,"minecraft:oak_sign":11,"minecraft:shears":6,"minecraft:potato":1,"minecraft:oak_button":3,"minecraft:crimson_slab":4,"minecraft:diamond_chestplate":1,"minecraft:peony":1,"minecraft:diamond_pickaxe":1,"minecraft:mossy_stone_bricks":3,"minecraft:oak_sapling":4,"minecraft:golden_sword":2,"minecraft:spider_eye":8,"minecraft:stone_bricks":1,"minecraft:bow":60,"minecraft:stone_pickaxe":2,"minecraft:magma_cream":8,"minecraft:bell":1,"minecraft:calcite":83,"minecraft:magma_block":13},"minecraft:killed_by":{"minecraft:creeper":1,"minecraft:zombie":1,"minecraft:player":3,"minecraft:skeleton":3}},"DataVersion":3953}