{"stats":{"minecraft:used":{"minecraft:oak_trapdoor":17,"minecraft:iron_shovel":251,"minecraft:diamond_hoe":106,"minecraft:ladder":19,"minecraft:chest":5,"minecraft:bell":1,"minecraft:netherrack":4,"minecraft:torch":9,"minecraft:dirt":676,"minecraft:mutton":6,"minecraft:hopper":2,"minecraft:carrot":463,"minecraft:iron_hoe":166,"minecraft:glass":84,"minecraft:iron_axe":441,"minecraft:oak_stairs":2,"minecraft:hopper_minecart":2,"minecraft:glowstone":10,"minecraft:oak_sapling":5,"minecraft:minecart":5,"minecraft:egg":1,"minecraft:cooked_beef":5,"minecraft:water_bucket":22,"minecraft:diorite":13,"minecraft:birch_planks":2,"minecraft:stone_pickaxe":51,"minecraft:baked_potato":2,"minecraft:oak_planks":1018,"minecraft:wooden_pickaxe":4,"minecraft:composter":2,"minecraft:cobblestone_slab":34,"minecraft:diamond_axe":200,"minecraft:rail":27,"minecraft:magenta_bed":7,"minecraft:crafting_table":6,"minecraft:white_bed":16,"minecraft:oak_log":2,"minecraft:diamond_pickaxe":81,"minecraft:oxeye_daisy":1,"minecraft:diamond_shovel":858,"minecraft:iron_pickaxe":87,"minecraft:bread":18,"minecraft:stone_axe":118,"minecraft:cobblestone":60,"minecraft:bucket":23,"minecraft:yellow_bed":13},"minecraft:picked_up":{"minecraft:crafting_table":4,"minecraft:wheat":1,"minecraft:ladder":7,"minecraft:yellow_wool":14,"minecraft:oak_stairs":13,"minecraft:crimson_planks":20,"minecraft:oak_trapdoor":8,"minecraft:beetroot":3,"minecraft:cobbled_deepslate":37,"minecraft:cobblestone_slab":4,"minecraft:minecart":5,"minecraft:sugar_cane":35,"minecraft:chest":4,"minecraft:furnace":2,"minecraft:egg":1,"minecraft:stick":5,"minecraft:raw_iron":9,"minecraft:oak_door":5,"minecraft:composter":1,"minecraft:torch":12,"minecraft:porkchop":3,"minecraft:diorite":38,"minecraft:carrot":1194,"minecraft:rotten_flesh":29,"minecraft:arrow":2,"minecraft:beetroot_seeds":1,"minecraft:peony":1,"minecraft:hay_block":35,"minecraft:mutton":7,"minecraft:rail":24,"minecraft:white_wool":20,"minecraft:cobblestone":146,"minecraft:oxeye_daisy":3,"minecraft:stripped_oak_log":11,"minecraft:cooked_beef":16,"minecraft:andesite":22,"minecraft:potato":6,"minecraft:birch_planks":6,"minecraft:tuff":5,"minecraft:oak_log":272,"minecraft:magenta_bed":7,"minecraft:yellow_bed":9,"minecraft:gunpowder":8,"minecraft:lapis_lazuli":44,"minecraft:dirt":992,"minecraft:bone":11,"minecraft:apple":1,"minecraft:bow":1,"minecraft:wheat_seeds":58,"minecraft:grindstone":4,"minecraft:bell":3,"minecraft:iron_ingot":3,"minecraft:stone_pickaxe":2,"minecraft:glowstone_dust":12,"minecraft:oak_planks":185,"minecraft:quartz":5,"minecraft:gravel":8,"minecraft:sand":106,"minecraft:white_bed":11,"minecraft:mossy_cobblestone":2,"minecraft:diamond":20,"minecraft:oak_button":2,"minecraft:baked_potato":1,"minecraft:netherrack":8},"minecraft:mined":{"minecraft:white_bed":11,"minecraft:farmland":27,"minecraft:mossy_cobblestone":2,"minecraft:oak_door":1,"minecraft:cobblestone_stairs":1,"minecraft:ladder":1,"minecraft:grass_block":475,"minecraft:composter":1,"minecraft:oxeye_daisy":1,"minecraft:hay_block":35,"minecraft:oak_trapdoor":9,"minecraft:glowstone":4,"minecraft:furnace":2,"minecraft:carrots":419,"minecraft:iron_ore":8,"minecraft:peony":1,"minecraft:bell":1,"minecraft:potatoes":4,"minecraft:cobblestone_slab":4,"minecraft:dirt_path":22,"minecraft:rail":26,"minecraft:oak_stairs":13,"minecraft:stripped_oak_log":11,"minecraft:stone":51,"minecraft:white_wool":15,"minecraft:glass_pane":3,"minecraft:crafting_table":5,"minecraft:torch":2,"minecraft:short_grass":51,"minecraft:chest":3,"minecraft:glass":7,"minecraft:nether_quartz_ore":6,"minecraft:cobblestone":47,"minecraft:grindstone":1,"minecraft:sugar_cane":21,"minecraft:oak_planks":189,"minecraft:diorite":28,"minecraft:wall_torch":3,"minecraft:birch_planks":4,"minecraft:yellow_wool":15,"minecraft:wheat":14,"minecraft:magenta_bed":7,"minecraft:yellow_bed":10,"minecraft:oak_log":201,"minecraft:beetroots":1,"minecraft:sand":111,"minecraft:dirt":490,"minecraft:crimson_planks":14,"minecraft:netherrack":10,"minecraft:oak_leaves":42},"minecraft:crafted":{"minecraft:oak_planks":1030,"minecraft:cobblestone_slab":30,"minecraft:diamond_hoe":1,"minecraft:yellow_bed":4,"minecraft:diamond_shovel":1,"minecraft:oak_trapdoor":10,"minecraft:hopper":4,"minecraft:glass":104,"minecraft:iron_axe":1,"minecraft:ladder":18,"minecraft:iron_hoe":1,"minecraft:stone_pickaxe":1,"minecraft:chest":6,"minecraft:oak_button":1,"minecraft:rail":64,"minecraft:wheat":315,"minecraft:minecart":2,"minecraft:oak_slab":12,"minecraft:diamond_axe":1,"minecraft:crafting_table":2,"minecraft:wooden_pickaxe":1,"minecraft:baked_potato":2,"minecraft:hopper_minecart":2,"minecraft:bucket":1,"minecraft:stone_axe":1,"minecraft:glowstone":12,"minecraft:bread":63,"minecraft:air":0,"minecraft:charcoal":3,"minecraft:diamond_pickaxe":1,"minecraft:stick":76,"minecraft:iron_ingot":36,"minecraft:iron_pickaxe":1,"minecraft:iron_shovel":1,"minecraft:gold_ingot":10,"minecraft:white_bed":6,"minecraft:composter":1},"minecraft:killed":{"minecraft:skeleton":3,"minecraft:drowned":1,"minecraft:pig":1,"minecraft:creeper":2,"minecraft:sheep":5,"minecraft:zombie":6},"minecraft:killed_by":{"minecraft:skeleton":3,"minecraft:zombie":1},"minecraft:dropped":{"minecraft:birch_planks":2,"minecraft:wheat_seeds":32,"minecraft:mossy_cobblestone":2,"minecraft:diamond":20,"minecraft:cobblestone":3,"minecraft:oxeye_daisy":2,"minecraft:dirt":7,"minecraft:diorite":19,"minecraft:torch":3,"minecraft:mutton":1,"minecraft:bone":6,"minecraft:oak_door":4,"minecraft:gravel":4,"minecraft:beetroot":3,"minecraft:rotten_flesh":4,"minecraft:grindstone":3,"minecraft:oak_planks":6,"minecraft:glowstone_dust":1,"minecraft:carrot":253,"minecraft:potato":1,"minecraft:gunpowder":2,"minecraft:oak_button":2,"minecraft:peony":1,"minecraft:beetroot_seeds":1,"minecraft:chest":1,"minecraft:ladder":6,"minecraft:arrow":2,"minecraft:stone_pickaxe":2,"minecraft:bell":1,"minecraft:quartz":5},"minecraft:custom":{"minecraft:mob_kills":18,"minecraft:interact_with_crafting_table":39,"minecraft:bell_ring":5,"minecraft:leave_game":4,"minecraft:time_since_death":14762,"minecraft:climb_one_cm":12651,"minecraft:sprint_one_cm":176225,"minecraft:walk_one_cm":339001,"minecraft:drop":59,"minecraft:talked_to_villager":15,"minecraft:play_time":138078,"minecraft:sneak_time":8526,"minecraft:deaths":5,"minecraft:walk_under_water_one_cm":4388,"minecraft:jump":2439,"minecraft:interact_with_blast_furnace":3,"minecraft:walk_on_water_one_cm":9494,"minecraft:total_world_time":138078,"minecraft:interact_with_furnace":32,"minecraft:interact_with_grindstone":1,"minecraft:sleep_in_bed":1,"minecraft:time_since_rest":14799,"minecraft:damage_taken":2287,"minecraft:damage_dealt":3233,"minecraft:swim_one_cm":6460,"minecraft:fly_one_cm":654466,"minecraft:open_chest":43,"minecraft:crouch_one_cm":17994,"minecraft:fall_one_cm":57520},"minecraft:broken":{"minecraft:iron_shovel":1,"minecraft:iron_axe":1}},"DataVersion":3953}