{"stats":{"minecraft:picked_up":{"regions_unexplored:larch_planks":3,"minecraft:brown_bed":1,"minecraft:wither_rose":14,"minecraft:music_disc_cat":6,"regions_unexplored:prismarite_cluster":9,"minecraft:string":98,"minecraft:iron_leggings":1,"butchersdelight:cleaver":2,"minecraft:gold_nugget":1,"minecraft:bucket":1,"minecraft:spruce_planks":7,"regions_unexplored:larch_log":177,"minecraft:written_book":1,"minecraft:cobblestone_slab":6,"minecraft:iron_boots":1,"minecraft:furnace":2,"minecraft:dark_oak_door":1,"minecraft:spruce_pressure_plate":3,"minecraft:tipped_arrow":2,"minecraft:stick":31,"born_in_chaos_v1:shattered_skull":2,"minecraft:jukebox":3,"minecraft:torch":38,"minecraft:acacia_log":1,"minecraft:spruce_stairs":1,"minecraft:porkchop":2,"minecraft:diorite":6,"minecraft:rotten_flesh":110,"supplementaries:ash":4,"regions_unexplored:golden_larch_sapling":25,"minecraft:cobblestone":86,"minecraft:birch_log":2,"minecraft:leather_chestplate":1,"minecraft:mossy_cobblestone_slab":7,"minecraft:feather":2,"minecraft:iron_door":2,"minecraft:brown_wool":1,"minecraft:golden_leggings":1,"minecraft:smoker":1,"minecraft:potato":1,"butchersdelight:deadpig":3,"supplementaries:flax_seeds":3,"minecraft:dirt":44,"minecraft:lantern":1,"born_in_chaos_v1:monster_skin":2,"born_in_chaos_v1:marigolds":1,"horror_element_mod:phished_head":2,"minecraft:bone":24,"hexerei:wax_blend":6,"minecraft:wheat_seeds":9,"minecraft:cobbled_deepslate_slab":2,"ftbquests:book":2,"minecraft:cyan_candle":3,"minecraft:mossy_stone_bricks":2,"butchersdelightfoods:cookedsheepshank":1,"minecraft:oak_planks":8,"hexerei:animal_fat":4,"regions_unexplored:larch_door":3,"minecraft:sand":35,"minecraft:stripped_spruce_log":5,"regions_unexplored:pink_lupine":7,"minecraft:dark_oak_log":3,"minecraft:barrel":1,"supplementaries:bamboo_spikes":2,"minecraft:diamond":3,"regions_unexplored:clover":56,"minecraft:golden_apple":1,"minecraft:spruce_button":4,"minecraft:oak_sapling":21,"butchersdelightfoods:sheepshank":1,"minecraft:dark_oak_fence":1,"minecraft:andesite_slab":1,"minecraft:diamond_pickaxe":1,"minecraft:charcoal":2,"minecraft:crafting_table":18,"minecraft:coarse_dirt":1,"minecraft:chicken":2,"minecraft:gold_block":1,"minecraft:chain":1,"minecraft:shield":1,"minecraft:red_bed":3,"born_in_chaos_v1:intoxicating_decoction":2,"horror_element_mod:human_remains":4,"graveyard:corruption":2,"butchersdelightfoods:sheeploin":1,"minecraft:cracked_stone_bricks":1,"minecraft:cartography_table":4,"minecraft:spruce_slab":4,"minecraft:light_gray_wool":1,"minecraft:sugar_cane":17,"minecraft:birch_sapling":2,"minecraft:phantom_membrane":4,"minecraft:spruce_trapdoor":7,"minecraft:egg":1,"minecraft:polished_deepslate_slab":5,"quark:green_corundum_cluster":4,"regions_unexplored:blue_lupine":6,"born_in_chaos_v1:pieceofdarkmetal":2,"regions_unexplored:dusktrap":2,"hexerei:sage_seed":6,"minecraft:arrow":2,"butchersdelight:deadsheep":5,"regions_unexplored:redstone_bulb":1,"minecraft:hay_block":8,"minecraft:cracked_deepslate_bricks":1,"butchersdelightfoods:sheeprack":1,"regions_unexplored:purple_lupine":3,"minecraft:mutton":1,"minecraft:white_wool":2,"born_in_chaos_v1:fused_bone":2,"born_in_chaos_v1:corpse_maggot":3,"minecraft:golden_carrot":2,"regions_unexplored:hanging_prismarite":9,"born_in_chaos_v1:monster_flesh":5,"minecraft:glow_ink_sac":2,"minecraft:leather":39,"minecraft:birch_planks":2,"minecraft:oak_log":34,"regions_unexplored:red_lupine":2,"butchersdelight:deadchiken":2,"regions_unexplored:large_prismarite_cluster":1,"minecraft:apple":3,"minecraft:stone_bricks":9,"horror_element_mod:bloody_tombstone":1,"minecraft:iron_ingot":7,"minecraft:polished_andesite_slab":2,"minecraft:iron_sword":1,"minecraft:dark_oak_stairs":8,"minecraft:book":51,"minecraft:oak_slab":2,"minecraft:dark_oak_slab":5,"minecraft:emerald_block":1,"minecraft:sweet_berries":7,"minecraft:stone_brick_slab":10,"minecraft:dandelion":3,"minecraft:raw_iron_block":1,"minecraft:gravel":6,"minecraft:mossy_stone_brick_slab":13,"travelersbackpack:standard":7,"regions_unexplored:cave_hyssop":1,"butchersdelight:sheephide":4,"immersiveengineering:seed":8,"minecraft:chainmail_leggings":2,"minecraft:black_wool":1,"minecraft:stripped_dark_oak_log":1,"minecraft:coal":13},"minecraft:custom":{"minecraft:interact_with_crafting_table":53,"minecraft:open_barrel":2,"minecraft:bell_ring":14,"minecraft:eat_cake_slice":1,"minecraft:leave_game":2,"minecraft:time_since_death":8930,"minecraft:sprint_one_cm":548129,"minecraft:damage_blocked_by_shield":75,"minecraft:drop":197,"minecraft:talked_to_villager":9,"minecraft:play_time":247260,"minecraft:deaths":13,"minecraft:jump":3507,"minecraft:walk_on_water_one_cm":12456,"minecraft:interact_with_furnace":26,"minecraft:play_record":7,"minecraft:interact_with_cartography_table":6,"minecraft:sleep_in_bed":5,"minecraft:damage_dealt":26218,"minecraft:crouch_one_cm":47643,"minecraft:interact_with_smoker":2,"minecraft:horse_one_cm":1141,"minecraft:mob_kills":135,"minecraft:damage_dealt_resisted":659,"minecraft:climb_one_cm":13597,"minecraft:walk_one_cm":837569,"minecraft:sneak_time":14371,"minecraft:walk_under_water_one_cm":3993,"minecraft:interact_with_lectern":3,"minecraft:total_world_time":247260,"minecraft:pot_flower":1,"minecraft:interact_with_stonecutter":1,"minecraft:time_since_rest":9304,"minecraft:damage_taken":7526,"minecraft:trigger_trapped_chest":4,"minecraft:swim_one_cm":13758,"minecraft:fly_one_cm":830235,"minecraft:open_chest":45,"minecraft:fall_one_cm":78337},"minecraft:killed":{"born_in_chaos_v1:zombie_clown":3,"graveyard:skeleton_creeper":2,"born_in_chaos_v1:zombie_lumberjack":1,"born_in_chaos_v1:skeleton_demoman":1,"minecraft:spider":4,"graveyard:wraith":2,"born_in_chaos_v1:siamese_skeletonsright":1,"born_in_chaos_v1:baby_skeleton_minion":2,"graveyard:reaper":1,"born_in_chaos_v1:skeleton_thrasher":1,"boh:rake":1,"minecraft:zombie_villager":1,"theplaguedoctor:plague_doctor":1,"minecraft:sheep":4,"minecraft:pillager":7,"minecraft:zombie":67,"born_in_chaos_v1:dread_hound":2,"born_in_chaos_v1:siamese_skeletonsleft":1,"graveyard:revenant":2,"minecraft:zoglin":1,"born_in_chaos_v1:zombie_bruiser":1,"born_in_chaos_v1:maggot":3,"graveyard:ghoul":5,"born_in_chaos_v1:baby_skeleton":1,"difficult_spawners:evil_spirit":1,"born_in_chaos_v1:dark_vortex":1,"boh:jeff_the_killer":1},"minecraft:killed_by":{"theplaguedoctor:plague_doctor":1,"graveyard:skeleton_creeper":1,"siren_head:siren_head":1,"minecraft:player":2,"graveyard:ghoul":1,"thestairwell:scp_0871":1,"minecraft:skeleton":3,"born_in_chaos_v1:dread_hound":1},"minecraft:dropped":{"minecraft:iron_sword":2,"minecraft:porkchop":2,"minecraft:dark_oak_stairs":2,"minecraft:glow_ink_sac":2,"minecraft:crafting_table":1,"minecraft:crossbow":1,"minecraft:dark_oak_slab":8,"minecraft:saddle":1,"minecraft:gold_block":1,"born_in_chaos_v1:monster_flesh":2,"minecraft:dark_oak_fence":1,"horror_element_mod:phished_head":1,"regions_unexplored:large_prismarite_cluster":1,"regions_unexplored:golden_larch_sapling":25,"minecraft:gold_nugget":2,"minecraft:bone_block":1,"minecraft:phantom_membrane":5,"regions_unexplored:prismarite_cluster":9,"ftbquests:book":2,"regions_unexplored:cave_hyssop":1,"regions_unexplored:redstone_bulb":1,"minecraft:bone":8,"minecraft:gravel":6,"minecraft:stone_axe":1,"minecraft:sugar_cane":17,"minecraft:polished_andesite_slab":2,"minecraft:andesite_slab":1,"butchersdelight:cleaver":2,"minecraft:rotten_flesh":36,"minecraft:oak_planks":12,"minecraft:mossy_stone_brick_slab":9,"minecraft:rabbit_foot":1,"minecraft:leather_chestplate":2,"supplementaries:flax_seeds":3,"supplementaries:ash":3,"minecraft:tipped_arrow":2,"minecraft:gunpowder":1,"minecraft:charcoal":2,"born_in_chaos_v1:corpse_maggot":1,"minecraft:spruce_pressure_plate":2,"regions_unexplored:hanging_prismarite":9,"minecraft:spruce_slab":2,"minecraft:arrow":2,"born_in_chaos_v1:marigolds":1,"immersiveengineering:seed":7,"minecraft:written_book":1,"minecraft:cartography_table":2,"minecraft:oak_slab":2,"born_in_chaos_v1:shattered_skull":2,"minecraft:wheat_seeds":9,"minecraft:feather":2,"minecraft:cobblestone":12,"minecraft:book":3,"minecraft:copper_ingot":2,"minecraft:acacia_log":1,"minecraft:coal":4,"minecraft:stick":4,"minecraft:cobweb":6,"minecraft:mossy_cobblestone_slab":7,"minecraft:golden_carrot":2,"minecraft:torch":3,"minecraft:brown_wool":1,"born_in_chaos_v1:fused_bone":2,"minecraft:iron_door":2,"minecraft:iron_leggings":1,"minecraft:chainmail_leggings":1,"minecraft:string":47,"butchersdelight:deadpig":1,"minecraft:dandelion":3,"minecraft:stone_brick_slab":6,"minecraft:sweet_berries":5,"regions_unexplored:larch_log":51,"hexerei:sage_seed":6,"minecraft:polished_deepslate_slab":4,"regions_unexplored:clover":7,"minecraft:light_gray_wool":1,"minecraft:iron_boots":2,"minecraft:cobbled_deepslate_slab":2,"regions_unexplored:silver_birch_log":2,"minecraft:diamond_sword":1,"supplementaries:quiver":1,"minecraft:cobblestone_slab":3,"minecraft:shield":1,"minecraft:spruce_trapdoor":4,"minecraft:spruce_planks":1,"horror_element_mod:human_remains":2,"sanitydim:garland":1,"minecraft:mossy_stone_bricks":2,"minecraft:golden_leggings":1,"minecraft:oak_sapling":3,"minecraft:stone_bricks":5,"minecraft:bamboo":4,"minecraft:stone_pickaxe":1,"minecraft:cracked_deepslate_bricks":1,"minecraft:black_wool":1},"minecraft:broken":{"minecraft:iron_boots":1,"minecraft:iron_leggings":1,"minecraft:stone_axe":1,"minecraft:stone_sword":1,"aether:iron_gloves":1,"minecraft:iron_helmet":1},"minecraft:crafted":{"minecraft:oak_planks":128,"immersiveengineering:manual":1,"regions_unexplored:larch_planks":272,"supplementaries:bamboo_spikes":2,"minecraft:lever":1,"minecraft:cooked_mutton":1,"minecraft:dark_oak_door":3,"minecraft:bow":1,"regions_unexplored:larch_door":9,"minecraft:cooked_porkchop":1,"minecraft:crafting_table":4,"minecraft:wooden_pickaxe":1,"minecraft:iron_helmet":1,"butchersdelight:cleaver":2,"minecraft:birch_planks":8,"minecraft:cartography_table":1,"minecraft:dark_oak_slab":6,"minecraft:purple_dye":1,"minecraft:shield":1,"minecraft:diamond_pickaxe":1,"minecraft:stick":44,"minecraft:iron_ingot":2,"minecraft:stone_sword":1,"minecraft:iron_nugget":9,"minecraft:furnace":1,"butchersdelightfoods:cookedsheepshank":1,"sanitydim:garland":1,"minecraft:stone_pickaxe":1,"minecraft:dark_oak_planks":28,"minecraft:stone_axe":3,"minecraft:air":0,"butchersdelightfoods:cooked_sheeploin":1,"minecraft:wooden_axe":1,"minecraft:iron_leggings":1,"minecraft:torch":12,"minecraft:diamond_chestplate":1},"minecraft:mined":{"minecraft:dark_oak_planks":1,"minecraft:stone_pressure_plate":1,"regions_unexplored:golden_larch_leaves":6,"minecraft:spruce_planks":9,"regions_unexplored:blue_lupine":7,"minecraft:mossy_stone_brick_slab":9,"regions_unexplored:larch_planks":3,"minecraft:spruce_trapdoor":5,"regions_unexplored:hanging_prismarite":8,"regions_unexplored:dropleaf":1,"minecraft:grass_block":4,"minecraft:stone_brick_wall":1,"minecraft:brown_wool":1,"horror_element_mod:bloody_tombstone":1,"minecraft:raw_iron_block":1,"minecraft:mossy_cobblestone_slab":4,"horror_element_mod:villager_head":1,"minecraft:fire":2,"minecraft:barrel":1,"regions_unexplored:purple_lupine":3,"minecraft:dark_oak_stairs":1,"minecraft:brown_bed":1,"minecraft:polished_deepslate_slab":3,"minecraft:spruce_pressure_plate":2,"minecraft:azalea":1,"minecraft:spruce_slab":4,"hexerei:witch_hazel_altar":1,"hexerei:witch_hazel_drying_rack":3,"minecraft:red_bed":2,"regions_unexplored:cave_hyssop":1,"regions_unexplored:red_lupine":2,"minecraft:smoker":1,"minecraft:torch":14,"minecraft:chest":2,"minecraft:cobblestone":14,"minecraft:sugar_cane":6,"minecraft:oak_planks":4,"minecraft:iron_door":1,"minecraft:wall_torch":15,"minecraft:chain":1,"horror_element_mod:phished_head":2,"minecraft:dark_oak_slab":1,"minecraft:dark_oak_door":1,"horror_element_mod:spiked_villager":1,"minecraft:magenta_bed":1,"minecraft:jukebox":3,"minecraft:wither_rose":4,"minecraft:grass":27,"graveyard:creeper_skeleton":1,"minecraft:sand":18,"minecraft:dirt":23,"regions_unexplored:clover":19,"regions_unexplored:prismoss_sprout":1,"minecraft:oak_leaves":11,"minecraft:cyan_candle":1,"minecraft:emerald_block":1,"minecraft:mossy_cobblestone":10,"minecraft:candle":1,"regions_unexplored:pink_lupine":9,"regions_unexplored:dusktrap":2,"minecraft:dark_oak_log":3,"horror_element_mod:hanging_villager":1,"butchersdelight:deadsheepblock":1,"minecraft:cobbled_deepslate_slab":1,"minecraft:dark_oak_fence":1,"minecraft:spruce_fence":1,"minecraft:soul_campfire":1,"minecraft:polished_andesite_slab":1,"minecraft:spruce_leaves":2,"minecraft:moss_block":1,"minecraft:cartography_table":2,"regions_unexplored:large_prismarite_cluster":1,"minecraft:large_fern":6,"minecraft:hay_block":8,"regions_unexplored:larch_door":3,"minecraft:furnace":1,"supplementaries:bamboo_spikes":2,"treechop:chopped_log":5,"minecraft:gold_block":1,"minecraft:bookshelf":5,"minecraft:cobblestone_slab":7,"minecraft:lantern":1,"regions_unexplored:medium_grass":5,"minecraft:stone":62,"regions_unexplored:redstone_bulb":1,"minecraft:podzol":8,"minecraft:oak_slab":1,"minecraft:scaffolding":1,"born_in_chaos_v1:marigolds":1,"minecraft:stripped_dark_oak_log":1,"minecraft:stone_brick_slab":8,"travelersbackpack:standard":4,"minecraft:crafting_table":17,"minecraft:spruce_button":2,"minecraft:andesite_slab":3,"minecraft:tall_grass":13,"minecraft:cracked_deepslate_bricks":1,"butchersdelight:deadchickenblock":2,"minecraft:diorite":6,"regions_unexplored:prismarite_cluster":9,"supplementaries:urn":3,"minecraft:spruce_stairs":1,"minecraft:birch_planks":2,"minecraft:coarse_dirt":2,"minecraft:stripped_spruce_wood":2,"minecraft:cobblestone_wall":2,"minecraft:sweet_berry_bush":3,"horror_element_mod:human_remains":2,"minecraft:gravel":6,"minecraft:cobweb":3,"minecraft:cracked_stone_bricks":1,"minecraft:stone_bricks":12,"minecraft:mossy_stone_bricks":2,"minecraft:fern":5},"minecraft:used":{"regions_unexplored:pink_lupine":7,"minecraft:spruce_slab":2,"minecraft:shield":3,"minecraft:iron_sword":405,"minecraft:mossy_stone_brick_slab":4,"regions_unexplored:red_lupine":2,"minecraft:music_disc_13":1,"horror_element_mod:human_remains":2,"minecraft:lantern":1,"minecraft:birch_sapling":1,"minecraft:iron_helmet":1,"minecraft:golden_sword":1,"minecraft:hay_block":5,"minecraft:written_book":2,"minecraft:sweet_berries":2,"minecraft:furnace":1,"minecraft:diorite":6,"minecraft:diamond_boots":1,"horror_element_mod:phished_head":1,"minecraft:stone_pickaxe":124,"minecraft:oak_planks":106,"minecraft:wooden_pickaxe":21,"butchersdelightfoods:cookedsheepshank":2,"regions_unexplored:dusktrap":2,"minecraft:bread":92,"minecraft:soul_lantern":1,"regions_unexplored:larch_door":12,"minecraft:diamond_sword":1,"supplementaries:bamboo_spikes":2,"minecraft:chain":1,"minecraft:coarse_dirt":1,"butchersdelightfoods:cooked_sheeploin":1,"minecraft:netherite_sword":8,"minecraft:stone_sword":127,"minecraft:torch":48,"minecraft:dirt":39,"minecraft:wooden_axe":10,"butchersdelight:cleaver":8,"quark:green_corundum_cluster":4,"horror_element_mod:bloody_tombstone":1,"minecraft:barrel":1,"regions_unexplored:larch_planks":236,"regions_unexplored:blue_lupine":6,"minecraft:cooked_mutton":1,"minecraft:cyan_candle":3,"minecraft:cartography_table":3,"minecraft:cobblestone_slab":2,"minecraft:music_disc_cat":6,"minecraft:crafting_table":20,"minecraft:red_bed":2,"minecraft:smoker":1,"minecraft:dark_oak_door":1,"minecraft:diamond_pickaxe":66,"minecraft:apple":3,"minecraft:spruce_pressure_plate":1,"regions_unexplored:larch_log":6,"minecraft:stone_axe":165,"minecraft:cobblestone":54,"travelersbackpack:standard":43,"minecraft:cooked_porkchop":1,"minecraft:jukebox":2}},"DataVersion":3120}