{"stats":{"minecraft:used":{"minecraft:oak_trapdoor":22,"minecraft:iron_shovel":251,"minecraft:ladder":19,"minecraft:diamond_hoe":319,"minecraft:chest":5,"minecraft:bell":2,"minecraft:netherrack":11,"minecraft:oak_door":1,"minecraft:torch":13,"minecraft:mutton":6,"minecraft:dirt":1108,"minecraft:hopper":2,"minecraft:carrot":784,"minecraft:glass":87,"minecraft:iron_hoe":166,"minecraft:iron_axe":441,"minecraft:oak_stairs":2,"minecraft:crimson_slab":32,"minecraft:hopper_minecart":8,"minecraft:crimson_planks":95,"minecraft:glowstone":17,"minecraft:oak_sapling":5,"minecraft:minecart":5,"minecraft:egg":1,"minecraft:cooked_beef":9,"minecraft:golden_boots":1,"minecraft:water_bucket":73,"minecraft:diorite":13,"minecraft:birch_planks":2,"minecraft:stone_pickaxe":51,"minecraft:baked_potato":2,"minecraft:oak_planks":1112,"minecraft:wooden_pickaxe":4,"minecraft:composter":2,"minecraft:sugar_cane":75,"minecraft:diamond_axe":784,"minecraft:cobblestone_slab":34,"minecraft:crimson_trapdoor":6,"minecraft:rail":34,"minecraft:oak_slab":7,"minecraft:magenta_bed":9,"minecraft:crafting_table":9,"minecraft:white_bed":16,"minecraft:oak_log":2,"minecraft:diamond_pickaxe":249,"minecraft:oxeye_daisy":1,"minecraft:diamond_shovel":1329,"minecraft:iron_pickaxe":87,"minecraft:string":2,"minecraft:bread":46,"minecraft:lectern":5,"minecraft:stone_axe":118,"minecraft:cobblestone":73,"minecraft:bucket":73,"minecraft:yellow_bed":13},"minecraft:picked_up":{"minecraft:crafting_table":7,"minecraft:wheat":1,"minecraft:ladder":7,"minecraft:yellow_wool":14,"minecraft:oak_stairs":13,"minecraft:crimson_trapdoor":1,"minecraft:crimson_planks":33,"minecraft:string":24,"minecraft:oak_trapdoor":9,"minecraft:raw_copper":10,"minecraft:beetroot":3,"minecraft:cracked_stone_bricks":1,"minecraft:cobbled_deepslate":39,"minecraft:beef":13,"minecraft:cobblestone_slab":4,"minecraft:lectern":3,"minecraft:hopper_minecart":1,"minecraft:minecart":5,"minecraft:sugar_cane":543,"minecraft:chest":4,"minecraft:furnace":2,"minecraft:egg":1,"minecraft:stick":5,"minecraft:raw_iron":9,"minecraft:oak_door":9,"minecraft:composter":1,"minecraft:torch":18,"minecraft:porkchop":12,"minecraft:diorite":38,"minecraft:carrot":1391,"minecraft:arrow":2,"minecraft:weeping_vines":5,"minecraft:rotten_flesh":42,"minecraft:beetroot_seeds":1,"minecraft:peony":1,"minecraft:hay_block":35,"minecraft:crimson_slab":10,"minecraft:mutton":11,"minecraft:rail":24,"minecraft:white_wool":23,"minecraft:cobblestone":159,"minecraft:oxeye_daisy":3,"minecraft:stripped_oak_log":11,"minecraft:cooked_beef":16,"minecraft:crimson_stem":113,"minecraft:andesite":22,"minecraft:leather":8,"minecraft:potato":6,"minecraft:birch_planks":6,"minecraft:tuff":5,"minecraft:oak_log":297,"minecraft:yellow_bed":9,"minecraft:magenta_bed":10,"minecraft:nether_wart_block":14,"minecraft:gunpowder":8,"minecraft:paper":52,"minecraft:lapis_lazuli":44,"minecraft:dirt":1430,"minecraft:stone_bricks":1,"minecraft:glass":2,"minecraft:bone":11,"minecraft:apple":1,"minecraft:bow":1,"minecraft:wheat_seeds":63,"minecraft:bell":3,"minecraft:iron_ingot":3,"minecraft:grindstone":4,"minecraft:stone_pickaxe":2,"minecraft:mossy_stone_bricks":3,"minecraft:glowstone_dust":14,"minecraft:oak_planks":226,"minecraft:book":120,"minecraft:oak_slab":7,"minecraft:quartz":5,"minecraft:gravel":8,"minecraft:sand":106,"minecraft:white_bed":11,"minecraft:spider_eye":1,"minecraft:mossy_cobblestone":2,"minecraft:diamond":23,"minecraft:granite":1,"minecraft:oak_button":2,"minecraft:baked_potato":1,"minecraft:oak_sapling":3,"minecraft:netherrack":20,"minecraft:crimson_roots":1},"minecraft:crafted":{"minecraft:oak_door":3,"minecraft:oak_planks":1138,"minecraft:cobblestone_slab":30,"minecraft:crimson_trapdoor":10,"minecraft:diamond_hoe":1,"minecraft:birch_slab":72,"minecraft:yellow_bed":4,"minecraft:diamond_shovel":1,"minecraft:bookshelf":5,"minecraft:oak_trapdoor":12,"minecraft:glass":104,"minecraft:hopper":8,"minecraft:iron_axe":1,"minecraft:ladder":18,"minecraft:iron_hoe":1,"minecraft:stone_pickaxe":1,"minecraft:chest":10,"minecraft:oak_button":1,"minecraft:rail":64,"minecraft:wheat":315,"minecraft:golden_boots":1,"minecraft:minecart":6,"minecraft:oak_slab":12,"minecraft:crimson_planks":196,"minecraft:diamond_axe":1,"minecraft:crafting_table":2,"minecraft:wooden_pickaxe":1,"minecraft:baked_potato":2,"minecraft:crimson_slab":30,"minecraft:birch_planks":48,"minecraft:hopper_minecart":6,"minecraft:bucket":1,"minecraft:stone_axe":1,"minecraft:glowstone":12,"minecraft:bread":63,"minecraft:air":0,"minecraft:lectern":5,"minecraft:book":7,"minecraft:paper":180,"minecraft:diamond_pickaxe":1,"minecraft:charcoal":3,"minecraft:stick":76,"minecraft:iron_ingot":36,"minecraft:iron_pickaxe":1,"minecraft:iron_shovel":1,"minecraft:gold_ingot":10,"minecraft:white_bed":6,"minecraft:composter":1,"minecraft:shears":1},"minecraft:mined":{"minecraft:diamond_ore":1,"minecraft:white_bed":11,"minecraft:farmland":27,"minecraft:mossy_cobblestone":2,"minecraft:deepslate_diamond_ore":2,"minecraft:oak_door":1,"minecraft:cobblestone_stairs":1,"minecraft:granite":5,"minecraft:ladder":1,"minecraft:crimson_trapdoor":1,"minecraft:grass_block":583,"minecraft:crimson_roots":1,"minecraft:weeping_vines":4,"minecraft:composter":1,"minecraft:oxeye_daisy":1,"minecraft:crimson_stem":122,"minecraft:hay_block":35,"minecraft:weeping_vines_plant":6,"minecraft:oak_trapdoor":13,"minecraft:glowstone":5,"minecraft:furnace":2,"minecraft:carrots":467,"minecraft:iron_ore":8,"minecraft:peony":1,"minecraft:bell":1,"minecraft:bookshelf":52,"minecraft:potatoes":4,"minecraft:dirt_path":25,"minecraft:cobblestone_slab":4,"minecraft:shroomlight":1,"minecraft:rail":31,"minecraft:oak_stairs":13,"minecraft:stripped_oak_log":11,"minecraft:stone":65,"minecraft:white_wool":15,"minecraft:tripwire":1,"minecraft:oak_slab":7,"minecraft:glass_pane":3,"minecraft:crimson_nylium":5,"minecraft:crafting_table":9,"minecraft:torch":4,"minecraft:short_grass":57,"minecraft:lectern":3,"minecraft:crimson_slab":9,"minecraft:chest":3,"minecraft:nether_quartz_ore":6,"minecraft:copper_ore":1,"minecraft:glass":11,"minecraft:cobblestone":47,"minecraft:oak_planks":215,"minecraft:grindstone":1,"minecraft:sugar_cane":289,"minecraft:diorite":37,"minecraft:wall_torch":5,"minecraft:birch_planks":4,"minecraft:nether_wart_block":15,"minecraft:yellow_wool":15,"minecraft:wheat":14,"minecraft:magenta_bed":12,"minecraft:yellow_bed":10,"minecraft:oak_log":226,"minecraft:beetroots":1,"minecraft:sand":111,"minecraft:dirt":859,"minecraft:crimson_planks":27,"minecraft:cracked_stone_bricks":1,"minecraft:stone_bricks":1,"minecraft:netherrack":14,"minecraft:mossy_stone_bricks":2,"minecraft:oak_leaves":55,"minecraft:deepslate":112},"minecraft:killed":{"minecraft:spider":1,"minecraft:skeleton":3,"minecraft:drowned":4,"minecraft:piglin":1,"minecraft:pig":1,"minecraft:bat":1,"minecraft:hoglin":1,"minecraft:creeper":2,"minecraft:sheep":8,"minecraft:zombie":16,"minecraft:cow":5},"minecraft:killed_by":{"minecraft:creeper":1,"minecraft:skeleton":3,"minecraft:zombie":1},"minecraft:dropped":{"minecraft:porkchop":9,"minecraft:oak_slab":5,"minecraft:birch_planks":2,"minecraft:wheat_seeds":38,"minecraft:mossy_cobblestone":2,"minecraft:diamond":20,"minecraft:weeping_vines":5,"minecraft:cobblestone":3,"minecraft:leather":1,"minecraft:granite":1,"minecraft:cracked_stone_bricks":1,"minecraft:birch_slab":4,"minecraft:oxeye_daisy":2,"minecraft:dirt":16,"minecraft:diorite":19,"minecraft:torch":3,"minecraft:mutton":5,"minecraft:nether_wart_block":14,"minecraft:crimson_roots":1,"minecraft:paper":64,"minecraft:bone":7,"minecraft:oak_door":10,"minecraft:gravel":4,"minecraft:sugar_cane":72,"minecraft:oak_trapdoor":1,"minecraft:cobbled_deepslate":2,"minecraft:raw_copper":5,"minecraft:beetroot":3,"minecraft:rotten_flesh":14,"minecraft:grindstone":3,"minecraft:oak_planks":6,"minecraft:glowstone_dust":3,"minecraft:carrot":542,"minecraft:potato":1,"minecraft:gunpowder":6,"minecraft:oak_button":3,"minecraft:peony":1,"minecraft:beetroot_seeds":1,"minecraft:mossy_stone_bricks":1,"minecraft:chest":1,"minecraft:oak_sapling":3,"minecraft:ladder":6,"minecraft:stone_bricks":1,"minecraft:spider_eye":1,"minecraft:arrow":2,"minecraft:beef":13,"minecraft:glass":2,"minecraft:stone_pickaxe":2,"minecraft:bell":1,"minecraft:quartz":5,"minecraft:netherrack":9},"minecraft:custom":{"minecraft:mob_kills":43,"minecraft:animals_bred":4,"minecraft:inspect_hopper":2,"minecraft:interact_with_crafting_table":59,"minecraft:bell_ring":9,"minecraft:leave_game":9,"minecraft:time_since_death":2911,"minecraft:climb_one_cm":27203,"minecraft:sprint_one_cm":176317,"minecraft:walk_one_cm":426107,"minecraft:drop":111,"minecraft:talked_to_villager":19,"minecraft:play_time":242975,"minecraft:sneak_time":14043,"minecraft:deaths":11,"minecraft:walk_under_water_one_cm":11052,"minecraft:jump":4316,"minecraft:interact_with_blast_furnace":3,"minecraft:walk_on_water_one_cm":19352,"minecraft:total_world_time":242975,"minecraft:interact_with_furnace":34,"minecraft:interact_with_grindstone":1,"minecraft:sleep_in_bed":1,"minecraft:time_since_rest":2938,"minecraft:damage_taken":4993,"minecraft:damage_dealt":7508,"minecraft:swim_one_cm":14645,"minecraft:fly_one_cm":1167172,"minecraft:open_chest":76,"minecraft:crouch_one_cm":19708,"minecraft:fall_one_cm":105685},"minecraft:broken":{"minecraft:iron_shovel":1,"minecraft:iron_axe":1}},"DataVersion":3953}