{"stats":{"minecraft:crafted":{"minecraft:oak_planks":1830,"minecraft:cobblestone_slab":30,"minecraft:oak_sign":21,"minecraft:crimson_sign":3,"minecraft:birch_slab":72,"minecraft:diamond_shovel":1,"minecraft:bookshelf":365,"minecraft:glass":527,"minecraft:hopper":8,"minecraft:diamond_helmet":1,"minecraft:bow":28,"minecraft:diamond_leggings":1,"minecraft:chest":24,"minecraft:oak_button":1,"minecraft:rail":64,"minecraft:name_tag":84,"minecraft:golden_boots":1,"minecraft:oak_slab":36,"minecraft:emerald":1093,"minecraft:arrow":288,"minecraft:diamond_axe":2,"minecraft:crafting_table":3,"minecraft:wooden_pickaxe":1,"minecraft:baked_potato":2,"minecraft:clock":6,"minecraft:fletching_table":3,"minecraft:hopper_minecart":6,"minecraft:birch_planks":48,"minecraft:lectern":13,"minecraft:book":7,"minecraft:diamond_pickaxe":2,"minecraft:paper":600,"minecraft:charcoal":3,"minecraft:stick":1050,"minecraft:iron_ingot":36,"minecraft:iron_pickaxe":1,"minecraft:iron_block":3,"minecraft:gold_ingot":10,"minecraft:composter":1,"minecraft:shears":2,"minecraft:oak_door":3,"minecraft:tripwire_hook":4,"minecraft:crimson_trapdoor":18,"minecraft:diamond_hoe":1,"minecraft:yellow_bed":4,"minecraft:oak_trapdoor":16,"minecraft:lantern":244,"minecraft:iron_axe":1,"minecraft:ladder":24,"minecraft:iron_hoe":1,"minecraft:stone_pickaxe":1,"minecraft:diamond_boots":1,"minecraft:minecart":6,"minecraft:wheat":315,"minecraft:crimson_planks":316,"minecraft:crossbow":1,"minecraft:diamond_sword":1,"minecraft:crimson_slab":84,"minecraft:bucket":1,"minecraft:stone_axe":1,"minecraft:glowstone":12,"minecraft:enchanted_book":31,"minecraft:bread":63,"minecraft:air":0,"minecraft:crimson_stairs":8,"minecraft:oak_boat":2,"minecraft:iron_shovel":1,"minecraft:anvil":1,"minecraft:white_bed":6,"minecraft:diamond_chestplate":1},"minecraft:picked_up":{"minecraft:wheat":1,"minecraft:yellow_wool":14,"minecraft:oak_stairs":15,"minecraft:enchanted_book":3,"minecraft:crimson_planks":52,"minecraft:golden_sword":2,"minecraft:string":3233,"minecraft:soul_soil":2,"minecraft:raw_copper":10,"minecraft:oak_sign":17,"minecraft:beetroot":3,"minecraft:gold_nugget":3,"minecraft:cobbled_deepslate":39,"minecraft:cobblestone_slab":4,"minecraft:hopper_minecart":1,"minecraft:crimson_sign":1,"minecraft:furnace":2,"minecraft:golden_helmet":1,"minecraft:stick":70,"minecraft:composter":1,"minecraft:torch":38,"minecraft:porkchop":16,"minecraft:diorite":41,"minecraft:golden_chestplate":1,"minecraft:rotten_flesh":45,"minecraft:bookshelf":1,"minecraft:cobblestone":272,"minecraft:magma_block":1353,"minecraft:cooked_beef":16,"minecraft:andesite":22,"minecraft:potato":6,"minecraft:flint":6,"minecraft:tuff":5,"minecraft:magenta_bed":10,"minecraft:lapis_lazuli":165,"minecraft:dirt":1488,"minecraft:lantern":14,"minecraft:glass":2,"minecraft:bone":11,"minecraft:bow":33,"minecraft:wheat_seeds":72,"minecraft:bell":3,"minecraft:grindstone":4,"minecraft:glowstone_dust":81,"minecraft:fletching_table":5,"minecraft:mossy_stone_bricks":3,"minecraft:oak_planks":238,"minecraft:sand":106,"minecraft:mossy_cobblestone":6,"minecraft:diamond":57,"minecraft:granite":1,"minecraft:emerald":143,"minecraft:bread":2,"minecraft:oak_sapling":3,"minecraft:netherrack":363,"minecraft:crimson_roots":1,"minecraft:crafting_table":7,"minecraft:ladder":8,"minecraft:brown_mushroom":13,"minecraft:crimson_trapdoor":1,"minecraft:oak_trapdoor":14,"minecraft:cracked_stone_bricks":1,"minecraft:beef":13,"minecraft:poppy":2,"minecraft:minecart":5,"minecraft:lectern":259,"minecraft:sugar_cane":845,"minecraft:chest":10,"minecraft:egg":1,"minecraft:raw_iron":9,"minecraft:oak_door":9,"minecraft:carrot":1396,"minecraft:weeping_vines":5,"minecraft:arrow":9,"minecraft:beetroot_seeds":1,"minecraft:pumpkin_pie":1,"minecraft:peony":1,"minecraft:hay_block":35,"minecraft:totem_of_undying":2,"minecraft:mutton":11,"minecraft:crimson_slab":20,"minecraft:rail":24,"minecraft:white_wool":23,"minecraft:oxeye_daisy":3,"minecraft:stripped_oak_log":26,"minecraft:tripwire_hook":106,"minecraft:crimson_stem":115,"minecraft:leather":8,"minecraft:birch_planks":6,"minecraft:oak_log":461,"minecraft:golden_boots":1,"minecraft:yellow_bed":9,"minecraft:nether_wart_block":14,"minecraft:gunpowder":8,"minecraft:paper":92,"minecraft:stone_bricks":1,"minecraft:apple":1,"minecraft:iron_ingot":11,"minecraft:stone_pickaxe":2,"minecraft:book":909,"minecraft:oak_slab":7,"minecraft:quartz":5,"minecraft:gravel":65,"minecraft:white_bed":11,"minecraft:spider_eye":1,"minecraft:oak_button":2,"minecraft:baked_potato":1},"minecraft:custom":{"minecraft:animals_bred":4,"minecraft:interact_with_crafting_table":122,"minecraft:bell_ring":9,"minecraft:leave_game":12,"minecraft:time_since_death":11536,"minecraft:sprint_one_cm":176463,"minecraft:drop":415,"minecraft:talked_to_villager":964,"minecraft:play_time":483420,"minecraft:deaths":15,"minecraft:jump":7078,"minecraft:walk_on_water_one_cm":48828,"minecraft:enchant_item":14,"minecraft:interact_with_furnace":41,"minecraft:traded_with_villager":1965,"minecraft:sleep_in_bed":8,"minecraft:damage_dealt":12664,"minecraft:crouch_one_cm":23602,"minecraft:mob_kills":82,"minecraft:interact_with_anvil":20,"minecraft:inspect_hopper":4,"minecraft:climb_one_cm":56758,"minecraft:walk_one_cm":592656,"minecraft:raid_win":1,"minecraft:sneak_time":21293,"minecraft:walk_under_water_one_cm":13960,"minecraft:boat_one_cm":3,"minecraft:interact_with_blast_furnace":3,"minecraft:total_world_time":483420,"minecraft:interact_with_grindstone":15,"minecraft:time_since_rest":11569,"minecraft:damage_absorbed":80,"minecraft:damage_taken":7672,"minecraft:swim_one_cm":29775,"minecraft:fly_one_cm":2039946,"minecraft:open_chest":126,"minecraft:fall_one_cm":161544},"minecraft:broken":{"minecraft:iron_shovel":1,"minecraft:iron_axe":1},"minecraft:mined":{"minecraft:white_bed":11,"minecraft:farmland":27,"minecraft:cobblestone_stairs":1,"minecraft:granite":15,"minecraft:crimson_trapdoor":1,"minecraft:grass_block":597,"minecraft:soul_soil":2,"minecraft:composter":1,"minecraft:oak_wall_sign":13,"minecraft:oxeye_daisy":1,"minecraft:weeping_vines_plant":7,"minecraft:magma_block":1484,"minecraft:glowstone":27,"minecraft:iron_ore":8,"minecraft:fletching_table":5,"minecraft:deepslate_lapis_ore":8,"minecraft:enchanting_table":1,"minecraft:oak_sign":2,"minecraft:dirt_path":25,"minecraft:oak_stairs":14,"minecraft:tripwire":10,"minecraft:brown_mushroom":13,"minecraft:crimson_nylium":24,"minecraft:soul_fire":1,"minecraft:torch":4,"minecraft:poppy":1,"minecraft:chest":9,"minecraft:glass":11,"minecraft:nether_quartz_ore":36,"minecraft:cobblestone":62,"minecraft:grindstone":1,"minecraft:sugar_cane":453,"minecraft:oak_planks":226,"minecraft:wall_torch":14,"minecraft:nether_wart_block":15,"minecraft:yellow_wool":15,"minecraft:wheat":14,"minecraft:magenta_bed":12,"minecraft:oak_log":398,"minecraft:beetroots":1,"minecraft:sand":111,"minecraft:dirt":876,"minecraft:crimson_planks":45,"minecraft:tripwire_hook":3,"minecraft:netherrack":1062,"minecraft:stripped_crimson_stem":1,"minecraft:oak_leaves":65,"minecraft:deepslate":361,"minecraft:diamond_ore":1,"minecraft:tuff":15,"minecraft:mossy_cobblestone":3,"minecraft:deepslate_diamond_ore":37,"minecraft:oak_door":1,"minecraft:ladder":2,"minecraft:crimson_roots":1,"minecraft:weeping_vines":4,"minecraft:crimson_stem":124,"minecraft:hay_block":35,"minecraft:oak_trapdoor":18,"minecraft:furnace":2,"minecraft:carrots":467,"minecraft:peony":1,"minecraft:bell":1,"minecraft:bookshelf":280,"minecraft:potatoes":4,"minecraft:shroomlight":1,"minecraft:cobblestone_slab":4,"minecraft:rail":31,"minecraft:lantern":4,"minecraft:stripped_oak_log":23,"minecraft:stone":174,"minecraft:white_wool":15,"minecraft:oak_slab":7,"minecraft:glass_pane":4,"minecraft:soul_sand":3,"minecraft:crafting_table":9,"minecraft:short_grass":80,"minecraft:crimson_slab":19,"minecraft:lectern":258,"minecraft:tall_grass":1,"minecraft:copper_ore":1,"minecraft:lapis_ore":16,"minecraft:diorite":50,"minecraft:birch_planks":4,"minecraft:yellow_bed":10,"minecraft:gravel":69,"minecraft:cracked_stone_bricks":1,"minecraft:crimson_wall_sign":1,"minecraft:stone_bricks":1,"minecraft:mossy_stone_bricks":2},"minecraft:killed":{"minecraft:witch":2,"minecraft:spider":1,"minecraft:skeleton":4,"minecraft:piglin":7,"minecraft:pig":1,"minecraft:creeper":2,"minecraft:sheep":8,"minecraft:pillager":9,"minecraft:zombie":16,"minecraft:cow":5,"minecraft:evoker":3,"minecraft:vex":1,"minecraft:vindicator":13,"minecraft:drowned":4,"minecraft:bat":1,"minecraft:hoglin":3},"minecraft:used":{"minecraft:iron_shovel":251,"minecraft:ladder":26,"minecraft:diamond_hoe":319,"minecraft:oak_sign":27,"minecraft:chest":25,"minecraft:bell":2,"minecraft:mutton":6,"minecraft:carrot":784,"minecraft:glass":87,"minecraft:lantern":34,"minecraft:hopper_minecart":8,"minecraft:bow":1,"minecraft:oak_sapling":5,"minecraft:egg":1,"minecraft:golden_boots":1,"minecraft:diorite":13,"minecraft:stone_pickaxe":51,"minecraft:oak_planks":1118,"minecraft:wooden_pickaxe":4,"minecraft:composter":2,"minecraft:sugar_cane":75,"minecraft:diamond_axe":1598,"minecraft:crossbow":1,"minecraft:shears":2,"minecraft:string":13,"minecraft:bread":63,"minecraft:lectern":272,"minecraft:gravel":53,"minecraft:diamond_sword":21,"minecraft:grindstone":1,"minecraft:oak_boat":2,"minecraft:oak_trapdoor":27,"minecraft:netherrack":223,"minecraft:oak_door":1,"minecraft:torch":21,"minecraft:dirt":1125,"minecraft:anvil":1,"minecraft:hopper":2,"minecraft:diamond_helmet":1,"minecraft:iron_hoe":166,"minecraft:bookshelf":240,"minecraft:iron_axe":441,"minecraft:oak_stairs":3,"minecraft:crimson_slab":101,"minecraft:totem_of_undying":2,"minecraft:crimson_planks":168,"minecraft:tripwire_hook":42,"minecraft:diamond_chestplate":2,"minecraft:glowstone":17,"minecraft:minecart":5,"minecraft:cooked_beef":20,"minecraft:crimson_stem":15,"minecraft:water_bucket":73,"minecraft:birch_planks":2,"minecraft:baked_potato":2,"minecraft:fletching_table":8,"minecraft:cobblestone_slab":34,"minecraft:rail":34,"minecraft:oak_slab":7,"minecraft:crafting_table":10,"minecraft:crimson_trapdoor":19,"minecraft:magenta_bed":9,"minecraft:white_bed":16,"minecraft:oak_log":2,"minecraft:diamond_pickaxe":3400,"minecraft:oxeye_daisy":1,"minecraft:diamond_shovel":1331,"minecraft:iron_pickaxe":87,"minecraft:stone_axe":118,"minecraft:crimson_sign":3,"minecraft:cobblestone":100,"minecraft:crimson_stairs":8,"minecraft:bucket":73,"minecraft:yellow_bed":13,"minecraft:diamond_leggings":1},"minecraft:dropped":{"minecraft:birch_planks":2,"minecraft:porkchop":13,"minecraft:diamond_axe":1,"minecraft:lapis_lazuli":13,"minecraft:cooked_beef":1,"minecraft:diamond":20,"minecraft:crossbow":1,"minecraft:weeping_vines":5,"minecraft:lantern":96,"minecraft:leather":1,"minecraft:cracked_stone_bricks":1,"minecraft:rail":63,"minecraft:birch_slab":40,"minecraft:emerald":26,"minecraft:dirt":55,"minecraft:mutton":5,"minecraft:crimson_roots":1,"minecraft:pumpkin_pie":1,"minecraft:gold_nugget":3,"minecraft:white_wool":3,"minecraft:gold_ingot":6,"minecraft:bone":7,"minecraft:oak_door":10,"minecraft:gravel":8,"minecraft:sugar_cane":140,"minecraft:golden_chestplate":1,"minecraft:cobbled_deepslate":2,"minecraft:wheat":43,"minecraft:beetroot":3,"minecraft:rotten_flesh":17,"minecraft:grindstone":3,"minecraft:oak_planks":11,"minecraft:diamond_shovel":1,"minecraft:glowstone_dust":6,"minecraft:carrot":614,"minecraft:poppy":2,"minecraft:gunpowder":6,"minecraft:beetroot_seeds":1,"minecraft:chest":1,"minecraft:ladder":6,"minecraft:arrow":295,"minecraft:glass":31,"minecraft:beef":13,"minecraft:quartz":5,"minecraft:netherrack":211,"minecraft:crimson_planks":16,"minecraft:iron_ingot":12,"minecraft:enchanted_book":2,"minecraft:golden_boots":2,"minecraft:bread":2,"minecraft:oak_slab":9,"minecraft:wheat_seeds":47,"minecraft:clock":6,"minecraft:golden_helmet":1,"minecraft:mossy_cobblestone":6,"minecraft:bookshelf":23,"minecraft:cobblestone":28,"minecraft:book":10,"minecraft:granite":1,"minecraft:stick":306,"minecraft:oxeye_daisy":2,"minecraft:diorite":22,"minecraft:torch":21,"minecraft:nether_wart_block":14,"minecraft:crimson_sign":1,"minecraft:oak_stairs":1,"minecraft:paper":71,"minecraft:string":502,"minecraft:tripwire_hook":12,"minecraft:soul_soil":2,"minecraft:oak_trapdoor":5,"minecraft:raw_copper":10,"minecraft:diamond_hoe":1,"minecraft:stripped_oak_log":6,"minecraft:oak_sign":11,"minecraft:shears":1,"minecraft:potato":1,"minecraft:oak_button":3,"minecraft:crimson_slab":3,"minecraft:peony":1,"minecraft:diamond_pickaxe":1,"minecraft:mossy_stone_bricks":3,"minecraft:oak_sapling":3,"minecraft:golden_sword":2,"minecraft:spider_eye":1,"minecraft:stone_bricks":1,"minecraft:bow":60,"minecraft:stone_pickaxe":2,"minecraft:bell":1,"minecraft:magma_block":13},"minecraft:killed_by":{"minecraft:creeper":1,"minecraft:zombie":1,"minecraft:player":3,"minecraft:skeleton":3}},"DataVersion":3953}