{"stats":{"minecraft:killed":{"minecraft:zombified_piglin":2,"minecraft:witch":2,"minecraft:spider":6,"minecraft:shulker":10,"minecraft:wither":1,"minecraft:skeleton":8,"minecraft:chicken":8,"minecraft:silverfish":850,"minecraft:piglin_brute":3,"minecraft:cat":13,"minecraft:piglin":13,"minecraft:pig":1,"minecraft:creeper":9,"minecraft:sheep":8,"minecraft:pillager":9,"minecraft:zombie":43,"minecraft:stray":7,"minecraft:cow":6,"minecraft:evoker":3,"minecraft:vex":1,"minecraft:bogged":23,"minecraft:vindicator":13,"minecraft:slime":87,"minecraft:drowned":8,"minecraft:bat":1,"minecraft:hoglin":4,"minecraft:breeze":4,"minecraft:villager":2,"minecraft:enderman":7},"minecraft:dropped":{"minecraft:guster_pottery_sherd":1,"minecraft:iron_sword":3,"minecraft:porkchop":13,"minecraft:brown_mushroom":13,"minecraft:birch_planks":11,"minecraft:lapis_lazuli":44,"minecraft:diamond_axe":3,"minecraft:cooked_beef":2,"minecraft:oak_log":7,"minecraft:baked_potato":2,"minecraft:glass_bottle":2,"minecraft:diamond":20,"minecraft:dark_oak_sapling":1,"minecraft:crossbow":31,"minecraft:weeping_vines":5,"minecraft:cookie":1,"minecraft:lantern":96,"minecraft:leather":1,"minecraft:dark_oak_button":20,"minecraft:cracked_stone_bricks":1,"minecraft:saddle":1,"minecraft:rail":63,"minecraft:birch_slab":40,"minecraft:emerald":37,"minecraft:gold_block":1,"minecraft:dirt":258,"minecraft:mutton":5,"minecraft:crimson_roots":2,"minecraft:gold_nugget":6,"minecraft:pumpkin_pie":2,"minecraft:amethyst_shard":12,"minecraft:bone_block":15,"minecraft:sand":118,"minecraft:polished_blackstone_bricks":13,"minecraft:dark_oak_planks":64,"minecraft:birch_log":47,"minecraft:white_wool":3,"minecraft:gold_ingot":6,"minecraft:bone":15,"minecraft:oak_door":10,"minecraft:gravel":8,"minecraft:stone_axe":31,"minecraft:purpur_block":6,"minecraft:sugar_cane":142,"minecraft:golden_chestplate":1,"minecraft:cobbled_deepslate":14,"minecraft:wheat":43,"minecraft:birch_sapling":4,"minecraft:obsidian":6,"minecraft:beetroot":3,"minecraft:rotten_flesh":75,"minecraft:grindstone":3,"minecraft:oak_planks":14,"minecraft:diamond_shovel":3,"minecraft:glowstone_dust":6,"minecraft:end_stone":9,"minecraft:waxed_copper_block":2,"minecraft:carrot":631,"minecraft:poppy":12,"minecraft:tipped_arrow":33,"minecraft:gunpowder":8,"minecraft:red_candle":4,"minecraft:beetroot_seeds":1,"minecraft:hopper":1,"minecraft:chest":1,"minecraft:ladder":6,"minecraft:iron_bars":11,"minecraft:arrow":349,"minecraft:end_stone_bricks":3,"minecraft:glass":103,"minecraft:beef":13,"minecraft:quartz":5,"minecraft:oak_leaves":1,"minecraft:netherrack":291,"minecraft:crimson_planks":19,"minecraft:stone_hoe":2,"minecraft:enchanted_book":39,"minecraft:golden_boots":2,"minecraft:iron_ingot":73,"minecraft:bread":2,"minecraft:oak_slab":9,"minecraft:wheat_seeds":81,"minecraft:clock":6,"minecraft:golden_helmet":1,"minecraft:mossy_cobblestone":6,"minecraft:bookshelf":23,"minecraft:oak_fence":1,"minecraft:golden_axe":1,"minecraft:cobblestone":35,"minecraft:book":21,"minecraft:amethyst_block":9,"minecraft:granite":1,"minecraft:ominous_trial_key":1,"minecraft:grass_block":2,"minecraft:stick":504,"minecraft:oxeye_daisy":2,"minecraft:dark_oak_leaves":1,"minecraft:diorite":22,"minecraft:torch":22,"minecraft:nether_wart_block":14,"minecraft:crimson_sign":1,"minecraft:oak_stairs":6,"minecraft:iron_axe":7,"minecraft:paper":71,"minecraft:string":662,"minecraft:trapped_chest":1,"minecraft:tripwire_hook":12,"minecraft:smooth_basalt":11,"minecraft:purpur_pillar":2,"minecraft:tuff_bricks":2,"minecraft:soul_soil":2,"minecraft:oak_trapdoor":5,"minecraft:raw_copper":10,"minecraft:diamond_hoe":1,"minecraft:stone_shovel":1,"minecraft:chicken":43,"minecraft:stripped_oak_log":6,"minecraft:shulker_box":1,"minecraft:oak_sign":11,"minecraft:shears":6,"minecraft:potato":1,"minecraft:shield":1,"minecraft:oak_button":3,"minecraft:crimson_slab":4,"minecraft:diamond_chestplate":1,"minecraft:peony":1,"minecraft:diamond_pickaxe":1,"minecraft:mossy_stone_bricks":3,"minecraft:oak_sapling":4,"minecraft:golden_sword":4,"minecraft:stone_bricks":1,"minecraft:spider_eye":8,"minecraft:slime_ball":33,"minecraft:birch_boat":1,"minecraft:bow":60,"minecraft:stone_pickaxe":2,"minecraft:magma_cream":8,"minecraft:bell":1,"minecraft:calcite":83,"minecraft:magma_block":13,"minecraft:brick":23},"minecraft:custom":{"minecraft:animals_bred":4,"minecraft:interact_with_crafting_table":144,"minecraft:open_barrel":6,"minecraft:open_shulker_box":19,"minecraft:bell_ring":19,"minecraft:leave_game":23,"minecraft:time_since_death":222260,"minecraft:damage_resisted":542,"minecraft:sprint_one_cm":176574,"minecraft:damage_blocked_by_shield":60,"minecraft:drop":696,"minecraft:talked_to_villager":1374,"minecraft:play_time":1243400,"minecraft:deaths":23,"minecraft:jump":14825,"minecraft:walk_on_water_one_cm":197984,"minecraft:enchant_item":25,"minecraft:interact_with_furnace":47,"minecraft:traded_with_villager":4268,"minecraft:sleep_in_bed":10,"minecraft:damage_dealt":49748,"minecraft:player_kills":10,"minecraft:crouch_one_cm":40792,"minecraft:inspect_dispenser":7,"minecraft:interact_with_smithing_table":3,"minecraft:interact_with_anvil":29,"minecraft:mob_kills":1161,"minecraft:inspect_hopper":7,"minecraft:climb_one_cm":95074,"minecraft:walk_one_cm":895162,"minecraft:raid_win":1,"minecraft:sneak_time":75247,"minecraft:walk_under_water_one_cm":53310,"minecraft:boat_one_cm":3,"minecraft:interact_with_blast_furnace":3,"minecraft:total_world_time":1243400,"minecraft:interact_with_grindstone":21,"minecraft:time_since_rest":222282,"minecraft:damage_absorbed":439,"minecraft:damage_taken":16347,"minecraft:trigger_trapped_chest":28,"minecraft:swim_one_cm":65814,"minecraft:fly_one_cm":6834698,"minecraft:open_chest":312,"minecraft:aviate_one_cm":11227,"minecraft:fall_one_cm":507633},"minecraft:broken":{"minecraft:iron_shovel":1,"minecraft:iron_axe":1},"minecraft:crafted":{"minecraft:oak_planks":1982,"minecraft:cobblestone_slab":30,"minecraft:oak_sign":21,"minecraft:crimson_sign":3,"minecraft:birch_slab":72,"minecraft:diamond_shovel":4,"minecraft:bookshelf":466,"minecraft:shulker_box":3,"minecraft:mace":1,"minecraft:glass":4223,"minecraft:hopper":8,"minecraft:diamond_helmet":1,"minecraft:bow":28,"minecraft:diamond_leggings":1,"minecraft:tipped_arrow":5,"minecraft:chest":27,"minecraft:oak_button":1,"minecraft:rail":64,"minecraft:name_tag":84,"minecraft:golden_boots":1,"minecraft:oak_slab":36,"minecraft:arrow":496,"minecraft:emerald":2287,"minecraft:diamond_axe":5,"minecraft:crafting_table":5,"minecraft:wooden_pickaxe":1,"minecraft:baked_potato":2,"minecraft:smithing_table":1,"minecraft:clock":6,"minecraft:fletching_table":3,"minecraft:hopper_minecart":6,"minecraft:crimson_pressure_plate":2,"minecraft:birch_planks":316,"minecraft:lectern":13,"minecraft:book":7,"minecraft:paper":729,"minecraft:diamond_pickaxe":2,"minecraft:charcoal":3,"minecraft:shield":1,"minecraft:stick":1538,"minecraft:iron_pickaxe":1,"minecraft:iron_ingot":47,"minecraft:iron_block":3,"minecraft:gold_ingot":10,"minecraft:composter":1,"minecraft:shears":3,"minecraft:oak_door":3,"minecraft:tripwire_hook":4,"minecraft:crimson_trapdoor":18,"minecraft:diamond_hoe":1,"minecraft:yellow_bed":4,"minecraft:bone_meal":15,"minecraft:oak_trapdoor":16,"minecraft:lantern":244,"minecraft:iron_axe":8,"minecraft:ladder":24,"minecraft:iron_hoe":1,"minecraft:stone_pickaxe":1,"minecraft:diamond_boots":1,"minecraft:dark_oak_planks":212,"minecraft:wheat":315,"minecraft:minecart":6,"minecraft:crimson_planks":316,"minecraft:crossbow":17,"minecraft:diamond_sword":1,"minecraft:crimson_slab":84,"minecraft:iron_sword":3,"minecraft:bucket":2,"minecraft:dark_oak_button":84,"minecraft:glowstone":12,"minecraft:stone_axe":11,"minecraft:enchanted_book":61,"minecraft:bread":63,"minecraft:air":0,"minecraft:crimson_stairs":8,"minecraft:oak_boat":2,"minecraft:iron_shovel":1,"minecraft:anvil":1,"minecraft:white_bed":6,"minecraft:diamond_chestplate":1},"minecraft:used":{"minecraft:oak_sign":27,"minecraft:shield":1,"minecraft:elytra":13,"minecraft:iron_shovel":251,"minecraft:ladder":26,"minecraft:diamond_hoe":319,"minecraft:black_carpet":1,"minecraft:chest":25,"minecraft:bell":2,"minecraft:soul_campfire":8,"minecraft:mutton":6,"minecraft:carrot":874,"minecraft:obsidian":460,"minecraft:glass":6465,"minecraft:lantern":34,"minecraft:grass_block":16,"minecraft:hopper_minecart":8,"minecraft:magma_block":4,"minecraft:bow":1,"minecraft:oak_sapling":5,"minecraft:egg":1,"minecraft:dark_oak_sapling":4,"minecraft:golden_boots":1,"minecraft:diorite":13,"minecraft:end_rod":1,"minecraft:stone_pickaxe":51,"minecraft:oak_planks":1120,"minecraft:ender_pearl":15,"minecraft:wooden_pickaxe":4,"minecraft:composter":2,"minecraft:sugar_cane":75,"minecraft:diamond_axe":2103,"minecraft:golden_apple":2,"minecraft:sand":42,"minecraft:crossbow":54,"minecraft:shears":3,"minecraft:polished_tuff":2,"minecraft:string":21,"minecraft:mace":52,"minecraft:bread":64,"minecraft:warped_slab":110,"minecraft:lectern":272,"minecraft:gravel":53,"minecraft:cat_spawn_egg":17,"minecraft:diamond_sword":512,"minecraft:grindstone":3,"minecraft:smithing_table":6,"minecraft:smooth_stone_slab":3471,"minecraft:oak_boat":3,"minecraft:bone_meal":21,"minecraft:oak_trapdoor":2376,"minecraft:flint_and_steel":43,"minecraft:netherrack":316,"minecraft:oak_door":1,"minecraft:torch":27,"minecraft:dragon_egg":1,"minecraft:dirt":1126,"minecraft:anvil":1,"minecraft:white_carpet":264,"minecraft:hopper":13,"minecraft:diamond_helmet":1,"minecraft:shulker_box":16,"minecraft:iron_hoe":166,"minecraft:bookshelf":432,"minecraft:iron_block":3,"minecraft:iron_axe":441,"minecraft:oak_stairs":3,"minecraft:crimson_slab":101,"minecraft:chicken_spawn_egg":11,"minecraft:crimson_planks":177,"minecraft:totem_of_undying":3,"minecraft:diamond_chestplate":13,"minecraft:tripwire_hook":42,"minecraft:glowstone":17,"minecraft:golden_carrot":3,"minecraft:trapped_chest":45,"minecraft:minecart":5,"minecraft:crimson_pressure_plate":2,"minecraft:cooked_beef":67,"minecraft:cobbled_deepslate":2,"minecraft:enchanted_golden_apple":2,"minecraft:crimson_stem":15,"minecraft:water_bucket":269,"minecraft:birch_planks":91,"minecraft:baked_potato":5,"minecraft:birch_boat":3,"minecraft:fletching_table":8,"minecraft:cobblestone_slab":34,"minecraft:salmon":1,"minecraft:rail":34,"minecraft:magenta_bed":9,"minecraft:crafting_table":12,"minecraft:oak_slab":7,"minecraft:crimson_trapdoor":19,"minecraft:white_bed":16,"minecraft:oak_log":2,"minecraft:diamond_pickaxe":6566,"minecraft:oxeye_daisy":1,"minecraft:ominous_trial_key":3,"minecraft:diamond_shovel":3143,"minecraft:wind_charge":65,"minecraft:chicken":2,"minecraft:iron_pickaxe":87,"minecraft:stone_axe":118,"minecraft:crimson_sign":3,"minecraft:cobblestone":109,"minecraft:crimson_stairs":8,"minecraft:bucket":131,"minecraft:yellow_bed":13,"minecraft:gray_wool":2,"minecraft:diamond_leggings":1,"minecraft:splash_potion":1,"minecraft:smooth_stone":1966},"minecraft:picked_up":{"minecraft:wheat":1,"minecraft:yellow_wool":14,"minecraft:smithing_table":5,"minecraft:oak_stairs":20,"minecraft:enchanted_book":22,"minecraft:wither_rose":36,"minecraft:potion":3,"minecraft:crimson_planks":68,"minecraft:golden_sword":4,"minecraft:amethyst_block":9,"minecraft:string":4321,"minecraft:soul_soil":2,"minecraft:raw_copper":10,"minecraft:red_candle":4,"minecraft:oak_sign":17,"minecraft:beetroot":3,"minecraft:gold_nugget":7,"minecraft:cobbled_deepslate":53,"minecraft:dark_oak_leaves":1,"minecraft:cobblestone_slab":4,"minecraft:calcite":83,"minecraft:hopper_minecart":1,"minecraft:enchanted_golden_apple":1,"minecraft:crimson_sign":1,"minecraft:furnace":2,"minecraft:tipped_arrow":55,"minecraft:golden_helmet":1,"minecraft:stick":76,"minecraft:composter":1,"minecraft:oak_fence":1,"minecraft:torch":41,"minecraft:purpur_pillar":2,"minecraft:porkchop":16,"minecraft:golden_axe":1,"minecraft:diorite":41,"minecraft:golden_chestplate":1,"minecraft:rotten_flesh":126,"minecraft:iron_block":4,"minecraft:bookshelf":2,"minecraft:end_rod":1,"minecraft:obsidian":18,"minecraft:iron_bars":11,"minecraft:cobblestone":288,"minecraft:birch_log":178,"minecraft:magma_block":3147,"minecraft:feather":46,"minecraft:cooked_beef":68,"minecraft:andesite":22,"minecraft:potato":6,"minecraft:flint":6,"minecraft:tuff":5,"minecraft:magenta_bed":10,"minecraft:lapis_lazuli":165,"minecraft:dirt":1690,"minecraft:lantern":14,"minecraft:glass":2,"minecraft:bone":90,"minecraft:bow":34,"minecraft:wheat_seeds":108,"minecraft:bell":3,"minecraft:grindstone":6,"minecraft:mossy_stone_bricks":3,"minecraft:fletching_table":5,"minecraft:glowstone_dust":81,"minecraft:oak_planks":247,"minecraft:stone_hoe":2,"minecraft:sand":1910,"minecraft:grass_block":1,"minecraft:dark_oak_log":53,"minecraft:shulker_box":17,"minecraft:mossy_cobblestone":6,"minecraft:diamond":59,"minecraft:granite":1,"minecraft:crossbow":20,"minecraft:breeze_rod":11,"minecraft:bone_meal":8,"minecraft:golden_apple":2,"minecraft:emerald":174,"minecraft:bread":3,"minecraft:oak_sapling":4,"minecraft:netherrack":511,"minecraft:ominous_trial_key":4,"minecraft:oak_leaves":1,"minecraft:crimson_roots":2,"minecraft:end_stone_bricks":3,"minecraft:crafting_table":7,"minecraft:chicken":86,"minecraft:ladder":8,"minecraft:brown_mushroom":13,"minecraft:crimson_trapdoor":1,"minecraft:purpur_block":6,"minecraft:brick":23,"minecraft:wind_charge":22,"minecraft:oak_trapdoor":14,"minecraft:elytra":1,"minecraft:white_carpet":1,"minecraft:cracked_stone_bricks":1,"minecraft:beef":13,"minecraft:poppy":12,"minecraft:minecart":5,"minecraft:lectern":259,"minecraft:guster_pottery_sherd":1,"minecraft:sugar_cane":976,"minecraft:chest":10,"minecraft:birch_sapling":6,"minecraft:egg":11,"minecraft:dark_oak_sapling":5,"minecraft:raw_iron":9,"minecraft:end_stone":9,"minecraft:oak_door":9,"minecraft:polished_blackstone_bricks":13,"minecraft:cookie":1,"minecraft:carrot":1502,"minecraft:dark_oak_planks":64,"minecraft:arrow":129,"minecraft:weeping_vines":5,"minecraft:stone_shovel":1,"minecraft:beetroot_seeds":1,"minecraft:pumpkin_pie":2,"minecraft:peony":1,"minecraft:shears":4,"minecraft:hay_block":35,"minecraft:flow_armor_trim_smithing_template":1,"minecraft:totem_of_undying":2,"minecraft:tuff_bricks":2,"minecraft:mutton":11,"minecraft:rail":24,"minecraft:white_wool":23,"minecraft:crimson_slab":21,"minecraft:oxeye_daisy":3,"minecraft:stripped_oak_log":28,"minecraft:golden_carrot":3,"minecraft:tripwire_hook":106,"minecraft:crimson_stem":115,"minecraft:leather":8,"minecraft:birch_planks":32,"minecraft:oak_log":504,"minecraft:waxed_copper_block":3,"minecraft:golden_boots":1,"minecraft:yellow_bed":9,"minecraft:nether_wart_block":14,"minecraft:gunpowder":20,"minecraft:paper":92,"minecraft:apple":1,"minecraft:stone_bricks":1,"minecraft:iron_ingot":136,"minecraft:stone_pickaxe":2,"minecraft:glass_bottle":2,"minecraft:book":1506,"minecraft:oak_slab":7,"minecraft:smooth_basalt":11,"minecraft:heavy_core":1,"minecraft:quartz":5,"minecraft:gravel":65,"minecraft:amethyst_shard":12,"minecraft:white_bed":11,"minecraft:spider_eye":17,"minecraft:dragon_egg":1,"minecraft:polished_tuff":2,"minecraft:slime_ball":390,"minecraft:stone_axe":21,"minecraft:gray_wool":2,"minecraft:oak_button":2,"minecraft:baked_potato":19,"minecraft:shulker_shell":6,"minecraft:ender_pearl":17},"minecraft:mined":{"minecraft:dragon_wall_head":1,"minecraft:white_bed":11,"minecraft:farmland":27,"minecraft:sculk_vein":2,"minecraft:cobblestone_stairs":1,"minecraft:obsidian":18,"minecraft:granite":15,"minecraft:grass_block":615,"minecraft:crimson_trapdoor":1,"minecraft:oak_pressure_plate":2,"minecraft:soul_soil":2,"minecraft:composter":1,"minecraft:oak_wall_sign":13,"minecraft:oxeye_daisy":1,"minecraft:tuff_bricks":10,"minecraft:polished_blackstone_bricks":14,"minecraft:weeping_vines_plant":7,"minecraft:magma_block":3356,"minecraft:glowstone":27,"minecraft:iron_ore":8,"minecraft:fire":6,"minecraft:deepslate_lapis_ore":8,"minecraft:fletching_table":5,"minecraft:enchanting_table":1,"minecraft:oak_sign":2,"minecraft:dirt_path":25,"minecraft:oak_stairs":14,"minecraft:deepslate_brick_stairs":1,"minecraft:end_stone_bricks":3,"minecraft:tripwire":13,"minecraft:brown_mushroom":13,"minecraft:crimson_nylium":24,"minecraft:soul_fire":1,"minecraft:torch":4,"minecraft:poppy":1,"minecraft:chest":9,"minecraft:glass":27,"minecraft:nether_quartz_ore":52,"minecraft:cobblestone":66,"minecraft:oak_planks":234,"minecraft:sugar_cane":519,"minecraft:waxed_chiseled_copper":2,"minecraft:grindstone":3,"minecraft:wall_torch":15,"minecraft:waxed_copper_bulb":1,"minecraft:red_candle":1,"minecraft:nether_wart_block":15,"minecraft:birch_log":178,"minecraft:yellow_wool":15,"minecraft:wheat":14,"minecraft:magenta_bed":12,"minecraft:waxed_copper_block":2,"minecraft:purpur_block":3,"minecraft:oak_log":436,"minecraft:beetroots":1,"minecraft:sand":1903,"minecraft:dirt":888,"minecraft:crimson_planks":62,"minecraft:tripwire_hook":3,"minecraft:netherrack":2198,"minecraft:stripped_crimson_stem":1,"minecraft:oak_leaves":77,"minecraft:deepslate":363,"minecraft:diamond_ore":1,"minecraft:tuff":17,"minecraft:dark_oak_leaves":63,"minecraft:mossy_cobblestone":3,"minecraft:deepslate_diamond_ore":37,"minecraft:oak_door":1,"minecraft:dark_oak_log":55,"minecraft:end_stone":6,"minecraft:shulker_box":15,"minecraft:ladder":2,"minecraft:decorated_pot":6,"minecraft:crimson_roots":1,"minecraft:weeping_vines":4,"minecraft:crimson_stem":124,"minecraft:hay_block":35,"minecraft:oak_trapdoor":18,"minecraft:furnace":2,"minecraft:carrots":521,"minecraft:peony":1,"minecraft:bell":1,"minecraft:bookshelf":470,"minecraft:potatoes":4,"minecraft:cobblestone_slab":4,"minecraft:shroomlight":1,"minecraft:rail":31,"minecraft:lantern":4,"minecraft:stripped_oak_log":25,"minecraft:packed_ice":1,"minecraft:stone":186,"minecraft:white_wool":15,"minecraft:smithing_table":5,"minecraft:oak_slab":7,"minecraft:glass_pane":4,"minecraft:soul_sand":3,"minecraft:basalt":3,"minecraft:crafting_table":9,"minecraft:short_grass":92,"minecraft:crimson_slab":20,"minecraft:lectern":258,"minecraft:copper_ore":1,"minecraft:purpur_pillar":1,"minecraft:tall_grass":1,"minecraft:lapis_ore":16,"minecraft:polished_blackstone_brick_stairs":2,"minecraft:sculk":1,"minecraft:diorite":50,"minecraft:gray_wool":2,"minecraft:birch_planks":5,"minecraft:yellow_bed":10,"minecraft:gravel":69,"minecraft:cracked_stone_bricks":1,"minecraft:crimson_wall_sign":1,"minecraft:stone_bricks":1,"minecraft:mossy_stone_bricks":2},"minecraft:killed_by":{"minecraft:creeper":1,"minecraft:zombie":1,"minecraft:player":8,"minecraft:warden":2,"minecraft:skeleton":3}},"DataVersion":3953}