{"stats":{"minecraft:picked_up":{"minecraft:iron_chestplate":1,"regions_unexplored:larch_planks":5,"minecraft:wither_rose":17,"minecraft:oak_stairs":2,"minecraft:brown_bed":2,"minecraft:enchanted_book":10,"minecraft:golden_sword":1,"minecraft:music_disc_cat":6,"minecraft:string":149,"butchersdelight:cleaver":4,"minecraft:gold_nugget":2,"minecraft:spruce_planks":7,"regions_unexplored:larch_log":177,"minecraft:written_book":1,"minecraft:dark_oak_door":1,"minecraft:spruce_pressure_plate":3,"born_in_chaos_v1:shattered_skull":4,"minecraft:jukebox":4,"minecraft:acacia_log":1,"born_in_chaos_v1:pileof_dark_metal":1,"hexerei:cloth":1,"cataclysm:music_disc_ancient_remnant":2,"minecraft:iron_block":3,"fantasyfurniture:nordic/bed_single":1,"supplementaries:ash":5,"minecraft:blaze_rod":2,"minecraft:birch_log":2,"minecraft:magma_block":5,"minecraft:mossy_cobblestone_slab":7,"minecraft:feather":2,"minecraft:iron_door":2,"minecraft:brown_wool":1,"regions_unexplored:brimwood_planks":4,"minecraft:smoker":1,"hexerei:witch_hazel_drying_rack":3,"butchersdelight:deadpig":3,"travelersbackpack:gold_tier_upgrade":1,"minecraft:lantern":1,"born_in_chaos_v1:marigolds":1,"ftbquests:book":4,"supplementaries:hanging_sign_mangrove":1,"regions_unexplored:dropleaf":1,"hexerei:animal_fat":4,"minecraft:stripped_spruce_log":5,"minecraft:ink_sac":2,"minecraft:dark_oak_log":3,"regions_unexplored:pink_lupine":7,"minecraft:barrel":1,"supplementaries:bamboo_spikes":2,"regions_unexplored:clover":56,"minecraft:spruce_button":4,"minecraft:dark_oak_fence":1,"supplementaries:hanging_sign_crimson":1,"minecraft:diamond_pickaxe":1,"minecraft:music_disc_5":1,"minecraft:crafting_table":19,"minecraft:coarse_dirt":1,"graveyard:dark_iron_ingot":25,"minecraft:red_bed":5,"minecraft:netherite_scrap":2,"born_in_chaos_v1:intoxicating_decoction":3,"minecraft:iron_shovel":1,"supplementaries:bomb":7,"minecraft:cracked_stone_bricks":1,"minecraft:cartography_table":5,"minecraft:netherite_sword":1,"born_in_chaos_v1:gnawed_bones":1,"minecraft:spruce_slab":4,"supplementaries:rope":8,"minecraft:birch_sapling":2,"minecraft:egg":1,"minecraft:polished_deepslate_slab":5,"minecraft:stone":5,"quark:green_corundum_cluster":4,"supplementaries:regions_unexplored/hanging_sign_brimwood":6,"born_in_chaos_v1:pieceofdarkmetal":3,"minecraft:carrot":2,"minecraft:redstone":2,"regions_unexplored:dusktrap":10,"butchersdelight:deadsheep":5,"regions_unexplored:mauve_sapling":3,"regions_unexplored:felicia_daisy":3,"minecraft:deepslate_bricks":4,"minecraft:hay_block":8,"minecraft:cracked_deepslate_bricks":3,"butchersdelightfoods:sheeprack":1,"minecraft:gold_ingot":64,"regions_unexplored:willow_planks":64,"minecraft:polished_blackstone":1,"regions_unexplored:purple_lupine":3,"butchersdelight:roaster":1,"minecraft:mutton":1,"minecraft:white_wool":2,"cotw:zenith":1,"born_in_chaos_v1:monster_flesh":9,"minecraft:ochre_froglight":1,"minecraft:oak_log":63,"minecraft:paper":4,"butchersdelight:deadchiken":2,"cataclysm:music_disc_ender_guardian":7,"minecraft:apple":6,"minecraft:stone_bricks":9,"minecraft:kelp":19,"horror_element_mod:bloody_tombstone":1,"minecraft:cobweb":9,"spore:mutated_fiber":2,"regions_unexplored:brimwood_log":1,"minecraft:iron_sword":3,"minecraft:dark_oak_stairs":8,"minecraft:dark_oak_slab":5,"minecraft:milk_bucket":1,"minecraft:sweet_berries":7,"born_in_chaos_v1:ethereal_spirit":2,"minecraft:gravel":15,"supplementaries:lead_lantern":3,"minecraft:spruce_sapling":9,"minecraft:spruce_log":26,"travelersbackpack:standard":8,"regions_unexplored:cave_hyssop":1,"minecraft:slime_ball":2,"immersiveengineering:seed":9,"graveyard:vase_block":1,"minecraft:stone_axe":2,"drinkbeer:beer_mug":3,"minecraft:stripped_dark_oak_log":1,"minecraft:mangrove_propagule":2,"minecraft:ender_pearl":31,"aether:iron_gloves":1,"regions_unexplored:brimsprout":1,"minecraft:potion":1,"regions_unexplored:maple_planks":4,"regions_unexplored:prismarite_cluster":18,"minecraft:iron_leggings":2,"minecraft:experience_bottle":2,"minecraft:bucket":5,"minecraft:cobblestone_slab":6,"minecraft:iron_pickaxe":5,"minecraft:iron_boots":4,"minecraft:furnace":2,"minecraft:tipped_arrow":2,"minecraft:stick":83,"minecraft:oak_fence":3,"travelersbackpack:iron_tier_upgrade":3,"minecraft:torch":52,"minecraft:spruce_stairs":1,"minecraft:porkchop":2,"aether:music_disc_aether_tune":1,"minecraft:music_disc_pigstep":1,"minecraft:diorite":6,"regions_unexplored:daisy":11,"quark:ancient_tome":3,"minecraft:rotten_flesh":157,"regions_unexplored:mauve_log":58,"minecraft:deepslate_brick_stairs":2,"minecraft:music_disc_wait":1,"minecraft:cobblestone":100,"regions_unexplored:golden_larch_sapling":25,"minecraft:leather_chestplate":1,"minecraft:golden_leggings":1,"minecraft:potato":1,"supplementaries:flax_seeds":4,"minecraft:lapis_lazuli":108,"minecraft:dirt":81,"minecraft:name_tag":4,"born_in_chaos_v1:monster_skin":7,"minecraft:glass":1,"horror_element_mod:phished_head":2,"minecraft:bone":36,"hexerei:wax_blend":12,"minecraft:wheat_seeds":13,"minecraft:raw_gold":55,"minecraft:cobbled_deepslate_slab":2,"minecraft:mossy_stone_bricks":2,"minecraft:cyan_candle":3,"butchersdelightfoods:cookedsheepshank":1,"minecraft:oak_planks":46,"minecraft:music_disc_13":1,"graveyard:bone_dagger":1,"regions_unexplored:larch_door":3,"minecraft:sand":37,"minecraft:mossy_cobblestone":2,"regions_unexplored:mauve_planks":11,"cataclysm:music_disc_netherite_monstrosity":1,"minecraft:diamond":27,"minecraft:crossbow":1,"minecraft:golden_apple":18,"minecraft:spruce_sign":3,"minecraft:emerald":76,"butchersdelightfoods:sheepshank":1,"minecraft:oak_sapling":25,"minecraft:andesite_slab":1,"minecraft:charcoal":2,"deep_dark_regrowth:between_gems":1,"minecraft:chicken":2,"fantasyfurniture:necrolord/wardrobe_bottom":2,"minecraft:gold_block":5,"minecraft:chain":1,"minecraft:shield":1,"drinkbeer:empty_beer_mug":1,"regions_unexplored:mauve_fence":1,"graveyard:corruption":20,"butchersdelightfoods:sheeploin":1,"horror_element_mod:human_remains":4,"minecraft:light_gray_wool":1,"minecraft:sugar_cane":34,"minecraft:spruce_trapdoor":7,"hexerei:witch_hazel_window_pane":1,"minecraft:phantom_membrane":4,"regions_unexplored:blue_lupine":6,"minecraft:dark_oak_planks":14,"hexerei:sage_seed":8,"minecraft:arrow":2,"regions_unexplored:redstone_bulb":1,"immersiveengineering:treated_post":1,"minecraft:saddle":2,"spore:zoaholic":1,"born_in_chaos_v1:fused_bone":2,"born_in_chaos_v1:corpse_maggot":3,"minecraft:golden_carrot":2,"regions_unexplored:hanging_prismarite":18,"minecraft:glow_ink_sac":2,"minecraft:leather":45,"minecraft:birch_planks":2,"regions_unexplored:red_lupine":2,"minecraft:gunpowder":4,"regions_unexplored:large_prismarite_cluster":2,"hexerei:pestle_and_mortar":2,"boh:kindness_flower":1,"cataclysm:music_disc_the_leviathan":1,"fantasyfurniture:nordic/bed_double":1,"minecraft:iron_ingot":10,"minecraft:polished_andesite_slab":2,"minecraft:verdant_froglight":1,"minecraft:book":53,"minecraft:oak_slab":2,"supplementaries:regions_unexplored/hanging_sign_pink_bioshroom":1,"minecraft:emerald_block":1,"born_in_chaos_v1:death_totem":1,"minecraft:stone_brick_slab":10,"minecraft:quartz":6,"minecraft:dandelion":3,"fantasyfurniture:decorations/book_stack":1,"minecraft:raw_iron_block":2,"born_in_chaos_v1:dark_rod":1,"graveyard:dark_iron_block":2,"minecraft:amethyst_shard":2,"minecraft:mossy_stone_brick_slab":13,"butchersdelight:sheephide":4,"minecraft:chainmail_leggings":2,"regions_unexplored:maple_log":18,"minecraft:black_wool":1,"minecraft:coal":17},"minecraft:custom":{"minecraft:interact_with_crafting_table":96,"minecraft:open_barrel":8,"minecraft:bell_ring":14,"minecraft:eat_cake_slice":1,"minecraft:leave_game":5,"minecraft:time_since_death":302338,"minecraft:damage_blocked_by_shield":75,"minecraft:play_time":628910,"minecraft:deaths":17,"minecraft:jump":6572,"minecraft:interact_with_furnace":26,"minecraft:play_record":37,"minecraft:interact_with_cartography_table":13,"minecraft:sleep_in_bed":7,"minecraft:damage_dealt":53860,"minecraft:interact_with_smoker":2,"minecraft:horse_one_cm":1141,"minecraft:interact_with_smithing_table":7,"minecraft:interact_with_anvil":2,"minecraft:sneak_time":30472,"minecraft:interact_with_lectern":9,"minecraft:total_world_time":628910,"minecraft:interact_with_stonecutter":1,"minecraft:time_since_rest":49407,"minecraft:swim_one_cm":36475,"minecraft:fly_one_cm":2365703,"minecraft:open_chest":168,"minecraft:fall_one_cm":131031,"minecraft:sprint_one_cm":1041815,"minecraft:drop":335,"minecraft:talked_to_villager":9,"minecraft:walk_on_water_one_cm":45691,"minecraft:interact_with_loom":3,"minecraft:player_kills":1,"minecraft:crouch_one_cm":82089,"minecraft:mob_kills":291,"minecraft:damage_dealt_resisted":2293,"minecraft:climb_one_cm":14029,"minecraft:walk_one_cm":1698554,"minecraft:walk_under_water_one_cm":132067,"minecraft:pot_flower":1,"minecraft:damage_taken":12756,"minecraft:damage_absorbed":101,"minecraft:trigger_trapped_chest":4},"minecraft:killed":{"born_in_chaos_v1:mr_pumpkin":1,"born_in_chaos_v1:zombie_lumberjack":2,"born_in_chaos_v1:skeleton_demoman":3,"graveyard:wraith":19,"born_in_chaos_v1:siamese_skeletonsright":1,"born_in_chaos_v1:baby_skeleton_minion":2,"minecraft:skeleton":1,"graveyard:acolyte":7,"born_in_chaos_v1:skeleton_thrasher":1,"boh:rake":1,"theplaguedoctor:plague_doctor":1,"minecraft:pillager":7,"minecraft:zombie":97,"born_in_chaos_v1:corpse_fly":1,"born_in_chaos_v1:door_knight":1,"graveyard:corrupted_vindicator":1,"minecraft:zoglin":1,"graveyard:ghoul":7,"born_in_chaos_v1:decrepit_skeleton":3,"born_in_chaos_v1:dark_vortex":1,"boh:jeff_the_killer":1,"born_in_chaos_v1:zombie_clown":3,"minecraft:zombified_piglin":2,"minecraft:witch":1,"graveyard:skeleton_creeper":2,"minecraft:spider":5,"graveyard:reaper":1,"minecraft:piglin_brute":6,"minecraft:piglin":1,"minecraft:zombie_villager":1,"minecraft:creeper":1,"minecraft:sheep":4,"spore:inf_human":2,"born_in_chaos_v1:dread_hound":3,"minecraft:ghast":3,"born_in_chaos_v1:siamese_skeletonsleft":1,"minecraft:blaze":2,"graveyard:revenant":2,"sanitydim:rotting_stalker":1,"born_in_chaos_v1:zombie_bruiser":2,"born_in_chaos_v1:maggot":3,"born_in_chaos_v1:baby_skeleton":8,"born_in_chaos_v1:swarmer":2,"difficult_spawners:evil_spirit":38,"hexerei:crow":1,"minecraft:villager":1},"minecraft:killed_by":{"theplaguedoctor:plague_doctor":1,"minecraft:piglin_brute":2,"born_in_chaos_v1:dread_hound":1,"graveyard:skeleton_creeper":1,"siren_head:siren_head":1,"minecraft:player":2,"graveyard:ghoul":1,"thestairwell:scp_0871":1,"minecraft:skeleton":3},"minecraft:dropped":{"minecraft:iron_sword":3,"minecraft:porkchop":2,"minecraft:glow_ink_sac":2,"minecraft:crafting_table":1,"minecraft:dark_oak_slab":11,"minecraft:crossbow":3,"travelersbackpack:iron_tier_upgrade":1,"map_atlases:atlas":2,"born_in_chaos_v1:pieceofdarkmetal":2,"minecraft:saddle":2,"regions_unexplored:maple_planks":19,"minecraft:gold_block":2,"born_in_chaos_v1:monster_flesh":4,"minecraft:red_bed":1,"immersiveengineering:bannerpattern_treated_wood":1,"minecraft:dark_oak_fence":1,"horror_element_mod:phished_head":1,"regions_unexplored:large_prismarite_cluster":3,"regions_unexplored:golden_larch_sapling":25,"minecraft:gold_nugget":3,"minecraft:bone_block":1,"minecraft:phantom_membrane":5,"minecraft:verdant_froglight":1,"minecraft:sand":2,"regions_unexplored:prismarite_cluster":27,"minecraft:iron_pickaxe":1,"drinkbeer:empty_beer_mug":1,"regions_unexplored:mauve_sapling":2,"regions_unexplored:cave_hyssop":1,"regions_unexplored:redstone_bulb":1,"minecraft:bone":8,"minecraft:stone_axe":3,"minecraft:sugar_cane":51,"minecraft:polished_andesite_slab":2,"butchersdelight:cleaver":4,"minecraft:rotten_flesh":61,"minecraft:oak_planks":15,"minecraft:rabbit_foot":1,"supplementaries:flax_seeds":4,"minecraft:tipped_arrow":2,"fantasyfurniture:decorations/book_stack":1,"minecraft:coal_ore":1,"minecraft:charcoal":2,"regions_unexplored:hanging_prismarite":27,"minecraft:spruce_slab":2,"regions_unexplored:mauve_door":1,"spore:infested_laboratory_block3":1,"minecraft:crying_obsidian":1,"born_in_chaos_v1:marigolds":1,"minecraft:cartography_table":2,"born_in_chaos_v1:shattered_skull":2,"minecraft:wheat_seeds":9,"deep_dark_regrowth:between_gems":1,"minecraft:cobblestone":25,"minecraft:feather":2,"minecraft:oak_fence":3,"minecraft:iron_helmet":2,"minecraft:book":3,"minecraft:apple":3,"minecraft:coal":21,"regions_unexplored:daisy":3,"minecraft:golden_apple":16,"minecraft:cobweb":6,"minecraft:golden_carrot":2,"minecraft:oak_stairs":1,"minecraft:paper":3,"minecraft:chainmail_leggings":1,"minecraft:string":92,"butchersdelight:deadpig":1,"minecraft:stone_brick_slab":6,"quark:glow_shroom_block":1,"regions_unexplored:larch_log":51,"hexerei:sage_seed":7,"minecraft:dark_oak_sign":1,"minecraft:polished_deepslate_slab":4,"regions_unexplored:clover":7,"minecraft:iron_boots":8,"minecraft:cobbled_deepslate_slab":2,"biomancy:tendon_chain":1,"minecraft:diamond_sword":1,"supplementaries:quiver":1,"minecraft:cobblestone_slab":3,"minecraft:stone":5,"minecraft:spruce_trapdoor":4,"minecraft:spruce_planks":7,"born_in_chaos_v1:spawn_structures_lookout_tower":1,"minecraft:brown_bed":1,"minecraft:stone_bricks":5,"minecraft:bamboo":4,"minecraft:bow":2,"minecraft:magma_block":4,"minecraft:black_wool":1,"boh:kindness_flower":1,"minecraft:dark_oak_stairs":2,"regions_unexplored:brimwood_planks":9,"born_in_chaos_v1:monster_skin":4,"ftbquests:book":2,"regions_unexplored:felicia_daisy":1,"minecraft:gold_ingot":96,"minecraft:gravel":15,"minecraft:blackstone":1,"minecraft:andesite_slab":1,"minecraft:mossy_stone_brick_slab":9,"minecraft:carrot":2,"minecraft:leather_chestplate":2,"supplementaries:ash":4,"minecraft:gunpowder":5,"minecraft:ochre_froglight":1,"minecraft:spruce_pressure_plate":2,"born_in_chaos_v1:corpse_maggot":1,"minecraft:arrow":66,"minecraft:quartz":6,"immersiveengineering:seed":7,"minecraft:written_book":1,"minecraft:oak_slab":2,"minecraft:mossy_cobblestone":2,"minecraft:mangrove_propagule":2,"supplementaries:lead_lantern":1,"minecraft:copper_ingot":2,"minecraft:acacia_log":1,"minecraft:stick":12,"minecraft:iron_block":3,"minecraft:mossy_cobblestone_slab":7,"minecraft:torch":5,"minecraft:brown_wool":1,"born_in_chaos_v1:fused_bone":2,"minecraft:iron_door":2,"fantasyfurniture:necrolord/wardrobe_bottom":2,"minecraft:iron_leggings":3,"minecraft:raw_iron_block":2,"minecraft:bucket":2,"minecraft:dandelion":3,"minecraft:redstone":2,"cataclysm:music_disc_netherite_monstrosity":1,"minecraft:kelp":1,"minecraft:sweet_berries":5,"minecraft:blaze_rod":1,"butchersdelight:roaster":1,"minecraft:light_gray_wool":1,"regions_unexplored:silver_birch_log":2,"aether:book_of_lore":1,"minecraft:shield":1,"aether:iron_gloves":1,"minecraft:diamond_chestplate":1,"minecraft:iron_chestplate":1,"horror_element_mod:human_remains":2,"minecraft:mossy_stone_bricks":2,"sanitydim:garland":1,"minecraft:golden_leggings":1,"minecraft:oak_sapling":6,"minecraft:golden_sword":1,"minecraft:stone_pickaxe":1,"minecraft:cracked_deepslate_bricks":1,"graveyard:vase_block":1},"minecraft:broken":{"minecraft:diamond_helmet":1,"minecraft:iron_boots":1,"minecraft:iron_leggings":2,"minecraft:stone_sword":1,"aether:iron_gloves":1,"minecraft:iron_helmet":1,"minecraft:diamond_boots":1,"minecraft:stone_axe":1},"minecraft:crafted":{"regions_unexplored:maple_planks":36,"supplementaries:bamboo_spikes":2,"minecraft:lever":1,"minecraft:diamond_shovel":1,"minecraft:cooked_mutton":1,"butchersdelight:rack":1,"minecraft:cooked_porkchop":1,"minecraft:diamond_axe":1,"minecraft:cartography_table":2,"minecraft:gold_ingot":9,"minecraft:iron_nugget":9,"butchersdelightfoods:cookedsheepshank":1,"sanitydim:garland":1,"map_atlases:atlas":3,"regions_unexplored:mauve_planks":128,"butchersdelight:roaster":1,"minecraft:stone_pickaxe":1,"quark:spruce_chest":1,"minecraft:dark_oak_planks":28,"minecraft:wooden_axe":1,"minecraft:iron_leggings":2,"minecraft:oak_planks":224,"regions_unexplored:mauve_fence":36,"immersiveengineering:manual":1,"regions_unexplored:larch_planks":272,"minecraft:dark_oak_door":3,"minecraft:iron_boots":1,"minecraft:bow":1,"regions_unexplored:larch_door":9,"regions_unexplored:brimwood_planks":12,"minecraft:chest":1,"regions_unexplored:maple_fence":3,"minecraft:crafting_table":6,"minecraft:wooden_pickaxe":1,"minecraft:iron_helmet":3,"butchersdelight:cleaver":2,"minecraft:birch_planks":8,"minecraft:dark_oak_slab":6,"minecraft:diamond_pickaxe":1,"minecraft:purple_dye":1,"minecraft:shield":1,"minecraft:stick":52,"minecraft:iron_ingot":2,"minecraft:stone_sword":1,"minecraft:furnace":1,"minecraft:dark_oak_sign":3,"regions_unexplored:brimwood_fence":3,"quark:dark_oak_chest":1,"minecraft:bucket":2,"minecraft:stone_axe":3,"minecraft:air":0,"butchersdelightfoods:cooked_sheeploin":1,"minecraft:torch":12,"minecraft:diamond_chestplate":1},"minecraft:mined":{"minecraft:dark_oak_planks":1,"regions_unexplored:blue_lupine":7,"regions_unexplored:larch_planks":5,"regions_unexplored:dropleaf":1,"minecraft:stone_brick_wall":1,"minecraft:brown_wool":1,"horror_element_mod:bloody_tombstone":1,"minecraft:deepslate_bricks":4,"minecraft:spawner":1,"regions_unexplored:mauve_fence":1,"horror_element_mod:villager_head":1,"minecraft:fire":2,"minecraft:barrel":1,"minecraft:polished_deepslate_slab":3,"minecraft:oak_stairs":5,"minecraft:spruce_pressure_plate":2,"minecraft:deepslate_brick_stairs":2,"hexerei:witch_hazel_altar":1,"hexerei:witch_hazel_drying_rack":3,"minecraft:red_bed":3,"minecraft:smoker":1,"minecraft:torch":15,"minecraft:sugar_cane":6,"minecraft:chain":1,"minecraft:magenta_bed":1,"minecraft:jukebox":4,"minecraft:wither_rose":4,"minecraft:grass":31,"regions_unexplored:clover":19,"regions_unexplored:fireweed":1,"minecraft:mossy_cobblestone":10,"minecraft:dark_oak_log":3,"regions_unexplored:dusktrap":11,"butchersdelight:deadsheepblock":1,"minecraft:dark_oak_fence":1,"minecraft:cobbled_deepslate_slab":1,"minecraft:spruce_fence":1,"regions_unexplored:stone_grass_block":7,"regions_unexplored:maple_leaves":5,"minecraft:moss_block":1,"minecraft:cartography_table":3,"minecraft:kelp":2,"supplementaries:bamboo_spikes":2,"minecraft:cobblestone_slab":7,"regions_unexplored:felicia_daisy":1,"minecraft:oak_slab":1,"minecraft:stone_brick_slab":8,"minecraft:spruce_button":2,"minecraft:tall_grass":14,"minecraft:cracked_deepslate_bricks":3,"minecraft:diorite":6,"regions_unexplored:prismarite_cluster":9,"minecraft:coarse_dirt":2,"minecraft:stripped_spruce_wood":2,"minecraft:cobblestone_wall":2,"minecraft:gravel":6,"minecraft:cobweb":4,"minecraft:polished_blackstone":1,"minecraft:stone_bricks":12,"minecraft:fern":5,"minecraft:stone_pressure_plate":1,"regions_unexplored:golden_larch_leaves":6,"minecraft:spruce_planks":9,"regions_unexplored:maple_planks":17,"minecraft:mossy_stone_brick_slab":9,"minecraft:spruce_trapdoor":5,"regions_unexplored:hanging_prismarite":8,"minecraft:grass_block":39,"minecraft:raw_iron_block":1,"minecraft:mossy_cobblestone_slab":4,"regions_unexplored:mossy_stone":3,"regions_unexplored:purple_lupine":3,"minecraft:dark_oak_stairs":1,"minecraft:brown_bed":1,"minecraft:azalea":1,"minecraft:spruce_slab":4,"regions_unexplored:cave_hyssop":1,"regions_unexplored:red_lupine":2,"minecraft:chest":3,"minecraft:cobblestone":17,"minecraft:oak_planks":42,"minecraft:iron_door":1,"minecraft:wall_torch":15,"horror_element_mod:phished_head":2,"minecraft:dark_oak_slab":1,"minecraft:dark_oak_door":1,"horror_element_mod:spiked_villager":1,"regions_unexplored:mauve_planks":12,"minecraft:stripped_oak_wood":1,"graveyard:creeper_skeleton":1,"minecraft:sand":18,"minecraft:dirt":27,"regions_unexplored:prismoss_sprout":1,"minecraft:oak_leaves":14,"minecraft:cyan_candle":1,"minecraft:emerald_block":1,"minecraft:candle":1,"regions_unexplored:pink_lupine":9,"horror_element_mod:hanging_villager":1,"minecraft:soul_campfire":1,"minecraft:polished_andesite_slab":1,"minecraft:spruce_leaves":2,"regions_unexplored:large_prismarite_cluster":1,"minecraft:large_fern":6,"minecraft:hay_block":8,"regions_unexplored:larch_door":3,"minecraft:furnace":1,"treechop:chopped_log":18,"minecraft:gold_block":4,"minecraft:bookshelf":5,"minecraft:lantern":1,"regions_unexplored:medium_grass":17,"minecraft:stone":70,"regions_unexplored:redstone_bulb":1,"minecraft:podzol":8,"minecraft:scaffolding":1,"born_in_chaos_v1:marigolds":1,"minecraft:stripped_dark_oak_log":1,"travelersbackpack:standard":5,"minecraft:oak_fence":3,"minecraft:crafting_table":18,"minecraft:andesite_slab":3,"regions_unexplored:daisy":1,"butchersdelight:deadchickenblock":2,"supplementaries:urn":3,"minecraft:spruce_stairs":1,"minecraft:birch_planks":2,"minecraft:sweet_berry_bush":3,"horror_element_mod:human_remains":2,"minecraft:coal_ore":1,"minecraft:cracked_stone_bricks":1,"minecraft:mossy_stone_bricks":2},"minecraft:used":{"supplementaries:copper_lantern":1,"born_in_chaos_v1:cursed_scarlet_ornate_glass_pane":134,"deep_dark_regrowth:between_gems":1,"minecraft:spruce_slab":2,"minecraft:chest":5,"regions_unexplored:red_lupine":2,"spore:infested_end_stone":15,"quark:music_disc_clock":1,"horror_element_mod:hospital_bed":3,"fantasyfurniture:necrolord/bookshelf":3,"regions_unexplored:blackwood_door":4,"minecraft:lava_bucket":4,"minecraft:music_disc_pigstep":1,"minecraft:birch_sapling":1,"fantasyfurniture:bone/skeleton/chandelier":18,"fantasyfurniture:dunmer/chair":1,"spore:infested_laboratory_block2":59,"spore:infested_laboratory_block3":10,"minecraft:music_disc_wait":2,"fantasyfurniture:bone/skeleton/chair":1,"minecraft:red_stained_glass_pane":233,"minecraft:bow":18,"minecraft:sweet_berries":2,"minecraft:furnace":1,"born_in_chaos_v1:scorched_planks":1,"cotw:zenith":1,"fantasyfurniture:bone/wither/desk_right":4,"quark:polished_calcite":1,"minecraft:diorite":6,"quark:nether_brick_vertical_slab":1,"fantasyfurniture:necrolord/desk_left":1,"horror_element_mod:phished_head":1,"minecraft:blackstone":6,"minecraft:wooden_pickaxe":21,"fantasyfurniture:necrolord/wardrobe_top":3,"minecraft:black_glazed_terracotta":1,"minecraft:golden_apple":3,"born_in_chaos_v1:black_argillite_brick_slab_n":331,"regions_unexplored:dusktrap":9,"born_in_chaos_v1:c_black_argillite_brick_n":253,"regions_unexplored:brimwood_slab":88,"minecraft:deepslate_brick_stairs":2,"horror_element_mod:cursed_painting":8,"fantasyfurniture:venthyr/bookshelf":2,"minecraft:crying_obsidian":12,"fantasyfurniture:nordic/chair":10,"minecraft:verdant_froglight":2,"fantasyfurniture:venthyr/table_wide_fancy":2,"minecraft:soul_lantern":1,"minecraft:diamond_sword":1,"cataclysm:music_disc_ignis":1,"supplementaries:hanging_sign_mangrove":6,"supplementaries:bamboo_spikes":2,"fantasyfurniture:decorations/book_stack":8,"minecraft:stone_sword":127,"minecraft:music_disc_5":1,"fantasyfurniture:bone/wither/wardrobe_top":4,"quark:red_crystal_lamp":23,"cotw:hewer_spawn_egg":1,"minecraft:torch":104,"fantasyfurniture:royal/bed_single":1,"fantasyfurniture:bone/wither/oven":1,"fantasyfurniture:bone/wither/painting_wide":3,"biomancy:tendon_chain":9,"immersiveengineering:circuit_table":2,"butchersdelight:cleaver":8,"aether:music_disc_aether_tune":1,"regions_unexplored:maple_fence":3,"quark:green_corundum_cluster":4,"born_in_chaos_v1:spawn_structures_dark_tower":1,"born_in_chaos_v1:smoldering_scorched_log":7,"minecraft:barrel":1,"minecraft:glowstone":1,"quark:music_disc_endermosh":1,"minecraft:crimson_stem":30,"minecraft:water_bucket":5,"regions_unexplored:mauve_door":2,"fantasyfurniture:necrolord/bed_single":1,"minecraft:cartography_table":5,"regions_unexplored:brimwood_planks":287,"minecraft:deepslate_bricks":4,"fantasyfurniture:bone/skeleton/wardrobe_bottom":1,"fantasyfurniture:nordic/bed_double":1,"minecraft:orange_carpet":16,"minecraft:crafting_table":22,"minecraft:red_bed":4,"cataclysm:music_disc_the_harbinger":1,"minecraft:sculk_shrieker":1,"born_in_chaos_v1:spawn_structures_lookout_tower":1,"minecraft:campfire":1,"spore:infested_netherrack":26,"quark:paper_wall_sakura":15,"supplementaries:regions_unexplored/hanging_sign_brimwood":20,"minecraft:diamond_pickaxe":109,"fantasyfurniture:decorations/necrolord_candelabra":1,"born_in_chaos_v1:black_argillite_column_slab_n":37,"fantasyfurniture:venthyr/bed_single":5,"minecraft:diamond_shovel":39,"regions_unexplored:brimwood_log_magma":27,"born_in_chaos_v1:stained_black_argillite_brick_n":68,"supplementaries:crimson_lantern":1,"minecraft:spruce_pressure_plate":1,"supplementaries:lead_lantern":2,"minecraft:spruce_sapling":9,"minecraft:crimson_nylium":2,"fantasyfurniture:dunmer/bookshelf":1,"fantasyfurniture:decorations/venthyr_banner":3,"minecraft:cobblestone":58,"born_in_chaos_v1:stained_black_argillite_brick":1,"quark:dark_oak_chest":1,"travelersbackpack:standard":78,"minecraft:cooked_porkchop":1,"minecraft:kelp":20,"minecraft:jukebox":8,"quark:crimson_bookshelf":15,"regions_unexplored:pink_lupine":7,"regions_unexplored:hyacinth_lamp":5,"aether:ambrosium_torch":1,"fantasyfurniture:bone/skeleton/bookshelf":2,"hexerei:witch_hazel_window_pane":6,"minecraft:shield":3,"hexerei:candelabra":1,"minecraft:iron_sword":405,"minecraft:mossy_stone_brick_slab":4,"minecraft:white_candle":2,"fantasyfurniture:necrolord/wardrobe_bottom":5,"supplementaries:regions_unexplored/hanging_sign_pink_bioshroom":2,"fantasyfurniture:decorations/dunmer_pottery_1":1,"cataclysm:music_disc_ancient_remnant":2,"minecraft:music_disc_11":2,"minecraft:music_disc_13":1,"minecraft:milk_bucket":1,"fantasyfurniture:venthyr/desk_right":2,"minecraft:glass":57,"quark:mangrove_bookshelf":22,"horror_element_mod:human_remains":2,"born_in_chaos_v1:black_argillite_column_n":83,"fantasyfurniture:nordic/bookshelf":2,"minecraft:lantern":19,"fantasyfurniture:bone/wither/counter":1,"fantasyfurniture:venthyr/wardrobe_bottom":1,"minecraft:iron_helmet":1,"minecraft:golden_sword":1,"minecraft:red_carpet":15,"minecraft:magma_block":1,"minecraft:hay_block":5,"minecraft:written_book":2,"minecraft:pearlescent_froglight":2,"fantasyfurniture:bone/skeleton/bed_double":1,"minecraft:diamond_boots":1,"fantasyfurniture:dunmer/sofa":14,"minecraft:stone_pickaxe":124,"minecraft:dark_oak_sign":2,"minecraft:oak_planks":358,"spore:infested_soul_sand":37,"supplementaries:regions_unexplored/hanging_sign_willow":1,"butchersdelightfoods:cookedsheepshank":2,"minecraft:diamond_axe":192,"immersiveengineering:electric_lantern":4,"quark:glow_shroom_block":1,"cataclysm:music_disc_the_leviathan":2,"bygonenether:cracked_withered_blackstone_vertical_slab":22,"regions_unexplored:mauve_planks":45,"minecraft:ochre_froglight":25,"fantasyfurniture:bone/skeleton/painting_wide":2,"quark:black_crystal_lamp":13,"minecraft:acacia_door":2,"supplementaries:blackstone_tile_vertical_slab":2,"minecraft:bread":124,"fantasyfurniture:bone/wither/chair":1,"regions_unexplored:mauve_fence":145,"bygonenether:withered_blackstone_vertical_slab":27,"butchersdelight:roaster":1,"regions_unexplored:larch_door":12,"born_in_chaos_v1:fired_black_argillite_n":114,"gardens_of_the_dead:whistlecane_slab":44,"minecraft:chain":32,"cataclysm:music_disc_ender_guardian":9,"regions_unexplored:brimwood_trapdoor":8,"minecraft:coarse_dirt":1,"butchersdelightfoods:cooked_sheeploin":1,"minecraft:netherite_sword":447,"fantasyfurniture:decorations/venthyr_tea_set":2,"ancient_manuscripts:dark_oak_binding_table":3,"spore:zoaholic":2,"fantasyfurniture:decorations/royal_candelabra":1,"regions_unexplored:maple_planks":17,"minecraft:dirt":137,"supplementaries:item_shelf":6,"minecraft:dark_oak_planks":46,"minecraft:wooden_axe":10,"aether:music_disc_ascending_dawn":2,"quark:spruce_chest":1,"cataclysm:music_disc_netherite_monstrosity":1,"minecraft:oak_stairs":1,"born_in_chaos_v1:spawn_structures_clown_cart":1,"born_in_chaos_v1:black_argillite_brick_stairs_n":82,"minecraft:crimson_slab":53,"born_in_chaos_v1:spawn_structures_firewell":1,"horror_element_mod:bloody_tombstone":1,"minecraft:golden_carrot":20,"regions_unexplored:larch_planks":236,"deep_dark_regrowth:cerebrawl":1,"fantasyfurniture:necrolord/table_small":2,"supplementaries:regions_unexplored/hanging_sign_blackwood":2,"minecraft:cooked_beef":16,"regions_unexplored:blue_lupine":6,"minecraft:brown_bed":1,"born_in_chaos_v1:lord_pumpkinheads_lamp":1,"minecraft:cooked_mutton":1,"supplementaries:candle_holder_red":5,"minecraft:cyan_candle":3,"supplementaries:hanging_sign_crimson":2,"ancient_manuscripts:crimson_binding_table":1,"regions_unexplored:brimwood_log":2,"minecraft:beacon":8,"minecraft:cobblestone_slab":2,"minecraft:music_disc_cat":6,"drinkbeer:beer_mug":1,"endlessbiomes:penumbra_stem":1,"minecraft:smoker":1,"minecraft:dark_oak_door":1,"minecraft:apple":3,"minecraft:map":3,"minecraft:netherite_axe":16,"regions_unexplored:brimwood_stairs":157,"minecraft:stone_slab":7,"born_in_chaos_v1:smoldering_scorched_wood":39,"regions_unexplored:larch_log":6,"minecraft:stone_axe":165,"fantasyfurniture:bone/wither/bookshelf":1,"spore:lab_block2":219,"minecraft:bucket":10,"butchersdelight:rack":1,"immersiveengineering:treated_post":1}},"DataVersion":3120}