{"stats":{"minecraft:broken":{"minecraft:iron_shovel":1,"minecraft:iron_axe":1},"minecraft:mined":{"minecraft:white_bed":11,"minecraft:farmland":27,"minecraft:mossy_cobblestone":2,"minecraft:oak_door":1,"minecraft:cobblestone_stairs":1,"minecraft:ladder":1,"minecraft:grass_block":424,"minecraft:composter":1,"minecraft:oxeye_daisy":1,"minecraft:hay_block":35,"minecraft:oak_trapdoor":2,"minecraft:furnace":2,"minecraft:carrots":223,"minecraft:iron_ore":8,"minecraft:bell":1,"minecraft:potatoes":4,"minecraft:dirt_path":22,"minecraft:cobblestone_slab":4,"minecraft:rail":5,"minecraft:oak_stairs":13,"minecraft:stripped_oak_log":3,"minecraft:stone":48,"minecraft:white_wool":15,"minecraft:glass_pane":3,"minecraft:crafting_table":4,"minecraft:torch":2,"minecraft:short_grass":34,"minecraft:chest":1,"minecraft:cobblestone":47,"minecraft:grindstone":1,"minecraft:oak_planks":157,"minecraft:sugar_cane":21,"minecraft:wall_torch":3,"minecraft:birch_planks":4,"minecraft:yellow_wool":15,"minecraft:wheat":14,"minecraft:yellow_bed":10,"minecraft:oak_log":81,"minecraft:beetroots":1,"minecraft:sand":111,"minecraft:dirt":399,"minecraft:crimson_planks":14,"minecraft:oak_leaves":30},"minecraft:killed_by":{"minecraft:skeleton":2},"minecraft:custom":{"minecraft:mob_kills":12,"minecraft:interact_with_crafting_table":28,"minecraft:bell_ring":3,"minecraft:leave_game":3,"minecraft:time_since_death":31824,"minecraft:climb_one_cm":8454,"minecraft:sprint_one_cm":176076,"minecraft:walk_one_cm":287039,"minecraft:drop":43,"minecraft:talked_to_villager":12,"minecraft:play_time":93768,"minecraft:deaths":3,"minecraft:sneak_time":5592,"minecraft:walk_under_water_one_cm":2995,"minecraft:jump":1517,"minecraft:interact_with_blast_furnace":3,"minecraft:walk_on_water_one_cm":8396,"minecraft:total_world_time":93768,"minecraft:interact_with_furnace":24,"minecraft:interact_with_grindstone":1,"minecraft:sleep_in_bed":1,"minecraft:time_since_rest":31848,"minecraft:damage_taken":1281,"minecraft:damage_dealt":2035,"minecraft:swim_one_cm":3677,"minecraft:fly_one_cm":364821,"minecraft:open_chest":30,"minecraft:crouch_one_cm":16980,"minecraft:fall_one_cm":31334},"minecraft:used":{"minecraft:oak_trapdoor":4,"minecraft:iron_shovel":251,"minecraft:ladder":19,"minecraft:chest":1,"minecraft:bell":1,"minecraft:torch":9,"minecraft:dirt":551,"minecraft:mutton":6,"minecraft:carrot":333,"minecraft:iron_hoe":166,"minecraft:iron_axe":441,"minecraft:oak_stairs":2,"minecraft:oak_sapling":5,"minecraft:minecart":5,"minecraft:cooked_beef":5,"minecraft:water_bucket":1,"minecraft:birch_planks":2,"minecraft:stone_pickaxe":51,"minecraft:baked_potato":2,"minecraft:oak_planks":540,"minecraft:wooden_pickaxe":4,"minecraft:composter":1,"minecraft:cobblestone_slab":34,"minecraft:rail":5,"minecraft:crafting_table":4,"minecraft:white_bed":16,"minecraft:oak_log":2,"minecraft:oxeye_daisy":1,"minecraft:diamond_shovel":766,"minecraft:bread":10,"minecraft:iron_pickaxe":87,"minecraft:stone_axe":118,"minecraft:cobblestone":60,"minecraft:bucket":1,"minecraft:yellow_bed":13},"minecraft:crafted":{"minecraft:oak_planks":534,"minecraft:cobblestone_slab":30,"minecraft:diamond_hoe":1,"minecraft:yellow_bed":4,"minecraft:diamond_shovel":1,"minecraft:oak_trapdoor":2,"minecraft:iron_axe":1,"minecraft:ladder":18,"minecraft:iron_hoe":1,"minecraft:stone_pickaxe":1,"minecraft:chest":2,"minecraft:rail":16,"minecraft:minecart":1,"minecraft:wheat":315,"minecraft:diamond_axe":1,"minecraft:crafting_table":2,"minecraft:wooden_pickaxe":1,"minecraft:baked_potato":2,"minecraft:bucket":1,"minecraft:stone_axe":1,"minecraft:bread":63,"minecraft:air":0,"minecraft:diamond_pickaxe":1,"minecraft:charcoal":3,"minecraft:stick":72,"minecraft:iron_ingot":36,"minecraft:iron_pickaxe":1,"minecraft:iron_shovel":1,"minecraft:gold_ingot":10,"minecraft:white_bed":6},"minecraft:dropped":{"minecraft:birch_planks":2,"minecraft:wheat_seeds":30,"minecraft:mossy_cobblestone":2,"minecraft:diamond":20,"minecraft:oxeye_daisy":2,"minecraft:dirt":7,"minecraft:diorite":6,"minecraft:torch":3,"minecraft:bone":6,"minecraft:oak_door":4,"minecraft:gravel":4,"minecraft:beetroot":3,"minecraft:rotten_flesh":4,"minecraft:grindstone":3,"minecraft:carrot":206,"minecraft:potato":1,"minecraft:gunpowder":2,"minecraft:beetroot_seeds":1,"minecraft:ladder":6,"minecraft:chest":1,"minecraft:arrow":2,"minecraft:stone_pickaxe":2,"minecraft:bell":1},"minecraft:picked_up":{"minecraft:crafting_table":4,"minecraft:wheat":1,"minecraft:ladder":7,"minecraft:yellow_wool":14,"minecraft:oak_stairs":13,"minecraft:crimson_planks":20,"minecraft:oak_trapdoor":2,"minecraft:beetroot":3,"minecraft:cobbled_deepslate":37,"minecraft:cobblestone_slab":4,"minecraft:minecart":5,"minecraft:sugar_cane":35,"minecraft:chest":2,"minecraft:furnace":2,"minecraft:raw_iron":9,"minecraft:stick":4,"minecraft:oak_door":5,"minecraft:composter":1,"minecraft:torch":12,"minecraft:porkchop":3,"minecraft:diorite":12,"minecraft:carrot":665,"minecraft:arrow":2,"minecraft:rotten_flesh":27,"minecraft:beetroot_seeds":1,"minecraft:hay_block":35,"minecraft:mutton":7,"minecraft:rail":5,"minecraft:white_wool":20,"minecraft:cobblestone":143,"minecraft:oxeye_daisy":3,"minecraft:stripped_oak_log":3,"minecraft:cooked_beef":16,"minecraft:andesite":22,"minecraft:potato":6,"minecraft:birch_planks":6,"minecraft:tuff":5,"minecraft:oak_log":154,"minecraft:yellow_bed":9,"minecraft:gunpowder":4,"minecraft:dirt":859,"minecraft:lapis_lazuli":44,"minecraft:bone":10,"minecraft:bow":1,"minecraft:wheat_seeds":55,"minecraft:bell":3,"minecraft:iron_ingot":3,"minecraft:grindstone":4,"minecraft:stone_pickaxe":2,"minecraft:oak_planks":153,"minecraft:sand":106,"minecraft:gravel":8,"minecraft:white_bed":11,"minecraft:mossy_cobblestone":2,"minecraft:diamond":20,"minecraft:baked_potato":1},"minecraft:killed":{"minecraft:skeleton":2,"minecraft:pig":1,"minecraft:sheep":5,"minecraft:zombie":4}},"DataVersion":3953}