{"stats":{"minecraft:custom":{"minecraft:jump":6,"minecraft:time_since_rest":1289,"minecraft:leave_game":1,"minecraft:crouch_one_cm":94,"minecraft:sprint_one_cm":2961,"minecraft:play_time":1289,"minecraft:time_since_death":1289,"minecraft:walk_one_cm":668,"minecraft:sneak_time":22,"minecraft:total_world_time":1289,"minecraft:fall_one_cm":269,"minecraft:fly_one_cm":997},"minecraft:mined":{"minecraft:grass":1,"minecraft:oak_log":1,"minecraft:oak_leaves":1},"minecraft:picked_up":{"hexerei:sage_seed":1,"minecraft:oak_log":1}},"DataVersion":3120}