{"stats":{"minecraft:picked_up":{"minecraft:crafting_table":1,"regions_unexplored:larch_planks":7,"regions_unexplored:silt_dirt":3,"minecraft:wooden_pickaxe":1,"minecraft:brown_bed":1,"minecraft:wither_rose":1,"minecraft:string":1,"regions_unexplored:prismarite_cluster":1,"minecraft:red_bed":1,"minecraft:large_fern":1,"minecraft:iron_leggings":1,"butchersdelight:dead_cow":1,"graveyard:corruption":1,"minecraft:cracked_stone_bricks":1,"minecraft:candle":9,"minecraft:cobbled_deepslate":2,"regions_unexplored:larch_log":20,"minecraft:cobblestone_slab":2,"minecraft:spruce_slab":4,"minecraft:sugar_cane":2,"minecraft:chest":4,"minecraft:birch_sapling":8,"minecraft:spruce_trapdoor":2,"minecraft:phantom_membrane":1,"minecraft:furnace":2,"minecraft:dark_oak_sapling":2,"minecraft:spruce_pressure_plate":1,"minecraft:stick":12,"born_in_chaos_v1:shattered_skull":1,"minecraft:torch":13,"minecraft:spruce_stairs":1,"minecraft:spruce_fence":3,"minecraft:porkchop":1,"minecraft:cauldron":9,"butchersdelight:deadsheep":1,"quark:clear_shard":2,"minecraft:rotten_flesh":24,"minecraft:iron_bars":1,"minecraft:cobblestone":60,"minecraft:white_wool":1,"regions_unexplored:golden_larch_sapling":12,"born_in_chaos_v1:fused_bone":1,"minecraft:stripped_oak_log":1,"minecraft:birch_log":11,"born_in_chaos_v1:corpse_maggot":2,"minecraft:mossy_cobblestone_slab":2,"minecraft:red_mushroom":2,"minecraft:birch_planks":1,"butchersdelight:deadpig":2,"minecraft:stripped_spruce_wood":3,"minecraft:oak_log":7,"minecraft:cobblestone_wall":2,"minecraft:magenta_bed":1,"minecraft:gunpowder":1,"regions_unexplored:tassel":1,"minecraft:stripped_birch_log":1,"minecraft:lantern":2,"born_in_chaos_v1:marigolds":2,"minecraft:leather_boots":1,"regions_unexplored:large_prismarite_cluster":1,"minecraft:bone":7,"minecraft:stone_bricks":3,"minecraft:wheat_seeds":7,"minecraft:iron_ingot":2,"minecraft:grindstone":1,"minecraft:stone_pickaxe":2,"minecraft:cobweb":2,"regions_unexplored:larch_sapling":2,"minecraft:polished_andesite_slab":1,"the_old_ai:scp_079_offline":2,"minecraft:iron_sword":1,"minecraft:oak_planks":86,"minecraft:soul_sand":1,"minecraft:book":42,"regions_unexplored:silver_birch_sapling":3,"minecraft:sweet_berries":8,"minecraft:stone_brick_slab":7,"regions_unexplored:larch_slab":1,"minecraft:stripped_spruce_log":1,"minecraft:spruce_sapling":4,"minecraft:spruce_log":2,"minecraft:mossy_stone_brick_slab":11,"butchersdelight:sheephide":1,"immersiveengineering:seed":4,"minecraft:lever":3,"regions_unexplored:silver_birch_log":10,"minecraft:golden_apple":1,"minecraft:spruce_sign":1,"minecraft:golden_horse_armor":1,"minecraft:oak_sapling":5,"minecraft:jack_o_lantern":1,"butchersdelightfoods:sheepshank":1,"minecraft:bricks":3,"minecraft:coal":50},"minecraft:killed":{"graveyard:revenant":1,"minecraft:spider":1,"born_in_chaos_v1:zombie_bruiser":1,"born_in_chaos_v1:maggot":1,"minecraft:skeleton":2,"graveyard:reaper":1,"boh:rake":1,"minecraft:zombie_villager":1,"born_in_chaos_v1:decrepit_skeleton":1,"minecraft:sheep":1,"difficult_spawners:evil_spirit":1,"minecraft:zombie":11,"born_in_chaos_v1:corpse_fly":1,"born_in_chaos_v1:door_knight":1},"minecraft:custom":{"minecraft:mob_kills":24,"minecraft:interact_with_crafting_table":32,"minecraft:open_barrel":2,"minecraft:damage_dealt_resisted":720,"minecraft:eat_cake_slice":7,"minecraft:leave_game":4,"minecraft:time_since_death":43438,"minecraft:climb_one_cm":12830,"minecraft:sprint_one_cm":161305,"minecraft:walk_one_cm":402244,"minecraft:drop":105,"minecraft:talked_to_villager":9,"minecraft:play_time":136754,"minecraft:sneak_time":7076,"minecraft:deaths":5,"minecraft:walk_under_water_one_cm":689,"minecraft:jump":1857,"minecraft:walk_on_water_one_cm":3550,"minecraft:total_world_time":136754,"minecraft:interact_with_furnace":7,"minecraft:interact_with_cartography_table":1,"minecraft:pot_flower":2,"minecraft:sleep_in_bed":3,"minecraft:time_since_rest":45174,"minecraft:damage_taken":2508,"minecraft:damage_dealt":4164,"minecraft:swim_one_cm":3536,"minecraft:fly_one_cm":433056,"minecraft:open_chest":56,"minecraft:crouch_one_cm":17078,"minecraft:interact_with_smoker":5,"minecraft:fall_one_cm":44861},"minecraft:killed_by":{"graveyard:skeleton_creeper":1,"siren_head:siren_head":3,"minecraft:zombie":1},"minecraft:dropped":{"minecraft:spruce_sign":1,"minecraft:stripped_spruce_log":1,"minecraft:candle":5,"minecraft:wheat_seeds":7,"minecraft:golden_horse_armor":2,"minecraft:dark_oak_sapling":2,"minecraft:feather":1,"minecraft:cobblestone":2,"minecraft:book":30,"regions_unexplored:tassel":1,"minecraft:cracked_stone_bricks":1,"minecraft:spruce_stairs":1,"graveyard:corruption":1,"minecraft:coal":2,"minecraft:leather_helmet":1,"minecraft:red_mushroom":2,"minecraft:cobweb":8,"quark:clear_shard":2,"minecraft:mossy_cobblestone_slab":2,"minecraft:large_fern":1,"minecraft:wooden_axe":1,"born_in_chaos_v1:fused_bone":1,"regions_unexplored:golden_larch_sapling":12,"minecraft:iron_leggings":1,"minecraft:wither_rose":1,"minecraft:phantom_membrane":1,"minecraft:string":47,"minecraft:snow_block":1,"minecraft:spruce_sapling":4,"minecraft:stone_brick_slab":7,"minecraft:sweet_berries":6,"minecraft:goat_horn":3,"minecraft:lever":2,"minecraft:cobblestone_wall":2,"minecraft:bowl":1,"minecraft:birch_sapling":8,"minecraft:raw_iron":2,"minecraft:rotten_flesh":11,"minecraft:oak_planks":41,"minecraft:mossy_stone_brick_slab":10,"regions_unexplored:larch_sapling":2,"minecraft:spruce_fence":3,"regions_unexplored:larch_slab":2,"minecraft:pumpkin_seeds":2,"minecraft:leather_chestplate":1,"minecraft:cobblestone_slab":2,"minecraft:tipped_arrow":1,"minecraft:oak_button":3,"aether:iron_gloves":1,"minecraft:spruce_pressure_plate":1,"born_in_chaos_v1:corpse_maggot":1,"minecraft:leather_boots":2,"minecraft:oak_sapling":5,"minecraft:leather_leggings":1,"minecraft:stone_bricks":3,"minecraft:spruce_log":11,"minecraft:spruce_slab":4,"minecraft:stone_pickaxe":3,"minecraft:wooden_pickaxe":1,"immersiveengineering:seed":4,"born_in_chaos_v1:marigolds":2,"regions_unexplored:larch_sign":3},"minecraft:broken":{"minecraft:stone_axe":1},"minecraft:crafted":{"minecraft:oak_planks":12,"minecraft:cooked_chicken":1,"regions_unexplored:larch_planks":80,"butchersdelight:roaster":3,"minecraft:stone_pickaxe":1,"minecraft:chest":4,"minecraft:oak_button":3,"minecraft:cooked_porkchop":1,"minecraft:crafting_table":3,"minecraft:iron_sword":1,"butchersdelight:cleaver":1,"minecraft:birch_planks":44,"minecraft:stone_axe":2,"minecraft:air":0,"regions_unexplored:larch_sign":3,"minecraft:white_wool":1,"minecraft:stick":20,"minecraft:wooden_axe":1,"regions_unexplored:larch_slab":12},"minecraft:mined":{"regions_unexplored:golden_larch_leaves":1,"minecraft:candle":2,"minecraft:mossy_stone_brick_slab":8,"minecraft:jack_o_lantern":1,"minecraft:spruce_trapdoor":2,"regions_unexplored:cattail":1,"regions_unexplored:larch_planks":7,"minecraft:lever":3,"minecraft:spruce_fence":1,"minecraft:red_mushroom":2,"regions_unexplored:large_prismarite_cluster":1,"butchersdelight:deadpigblock":1,"minecraft:spawner":1,"minecraft:large_fern":1,"minecraft:mossy_cobblestone_slab":2,"minecraft:furnace":3,"minecraft:cobbled_deepslate":2,"regions_unexplored:larch_slab":1,"minecraft:stripped_spruce_log":1,"treechop:chopped_log":16,"minecraft:brown_bed":1,"supplementaries:stick":1,"minecraft:water_cauldron":4,"minecraft:cobblestone_slab":4,"minecraft:oak_stairs":2,"minecraft:lantern":1,"regions_unexplored:medium_grass":9,"regions_unexplored:larch_log":14,"minecraft:stone":46,"regions_unexplored:silt_grass_block":1,"supplementaries:wall_lantern":1,"minecraft:spruce_slab":2,"minecraft:podzol":1,"horror_element_mod:impaled_skeleton":1,"the_old_ai:scp_079_offline":2,"minecraft:red_bed":1,"minecraft:stone_brick_slab":10,"minecraft:crafting_table":1,"minecraft:torch":3,"regions_unexplored:silt_dirt":2,"minecraft:chest":2,"minecraft:tall_grass":5,"minecraft:glass":1,"minecraft:oak_planks":7,"minecraft:grindstone":1,"minecraft:sugar_cane":1,"minecraft:bricks":3,"regions_unexplored:prismarite_cluster":1,"minecraft:wall_torch":10,"minecraft:cauldron":5,"minecraft:spruce_stairs":1,"minecraft:birch_planks":1,"minecraft:dark_oak_slab":1,"graveyard:vase_block":1,"minecraft:stripped_spruce_wood":1,"minecraft:birch_log":4,"horror_element_mod:spiked_villager":1,"minecraft:spruce_log":2,"minecraft:grass":19,"minecraft:coal_ore":28,"minecraft:oak_log":2,"minecraft:dark_oak_sapling":1,"minecraft:cracked_stone_bricks":1,"minecraft:stone_bricks":2,"minecraft:oak_leaves":1,"minecraft:fern":5},"minecraft:used":{"minecraft:jack_o_lantern":2,"minecraft:chest":6,"minecraft:iron_sword":80,"minecraft:cooked_chicken":1,"minecraft:mossy_stone_brick_slab":1,"minecraft:stick":1,"minecraft:torch":21,"minecraft:soul_sand":1,"minecraft:spyglass":26,"minecraft:snowball":7,"minecraft:obsidian":4,"minecraft:wooden_axe":10,"butchersdelight:cleaver":37,"minecraft:bricks":3,"minecraft:lantern":2,"the_old_ai:scp_079_offline":2,"minecraft:golden_carrot":6,"regions_unexplored:larch_planks":27,"minecraft:furnace":1,"minecraft:cobbled_deepslate":2,"minecraft:brown_bed":1,"minecraft:beetroot_soup":1,"minecraft:birch_planks":18,"minecraft:stone_pickaxe":113,"minecraft:oak_planks":3,"minecraft:cauldron":5,"minecraft:white_wool":1,"minecraft:red_bed":1,"minecraft:crafting_table":4,"minecraft:campfire":1,"minecraft:magenta_bed":1,"regions_unexplored:larch_slab":11,"minecraft:lever":2,"minecraft:bread":11,"minecraft:brown_wool":1,"minecraft:iron_pickaxe":33,"minecraft:leather_helmet":1,"minecraft:spruce_trapdoor":1,"butchersdelight:roaster":1,"minecraft:polished_andesite_slab":1,"minecraft:stone_axe":168,"minecraft:candle":4}},"DataVersion":3120}