{"stats":{"minecraft:used":{"minecraft:jack_o_lantern":2,"minecraft:chest":6,"minecraft:iron_sword":298,"minecraft:mossy_stone_brick_slab":1,"minecraft:soul_sand":1,"minecraft:carrot":2,"minecraft:snowball":7,"minecraft:obsidian":4,"minecraft:milk_bucket":2,"minecraft:bricks":3,"minecraft:lantern":2,"the_old_ai:scp_079_offline":2,"minecraft:stone_bricks":1,"hexerei:crystal_ball":1,"minecraft:furnace":1,"minecraft:potato":4,"hexerei:pestle_and_mortar":1,"minecraft:stone_pickaxe":113,"minecraft:oak_planks":7,"minecraft:golden_apple":3,"minecraft:white_wool":6,"regions_unexplored:dusktrap":26,"minecraft:crossbow":6,"regions_unexplored:larch_slab":11,"minecraft:deepslate_tiles":1,"minecraft:lever":2,"minecraft:bread":18,"minecraft:string":1,"minecraft:brown_wool":1,"butchersdelight:roaster":1,"minecraft:iron_door":1,"minecraft:polished_andesite_slab":1,"minecraft:diamond_sword":224,"minecraft:smithing_table":1,"cataclysm:music_disc_ender_guardian":1,"minecraft:experience_bottle":2,"minecraft:iron_bars":3,"minecraft:tinted_glass":1,"minecraft:cooked_chicken":1,"minecraft:stick":1,"minecraft:torch":64,"minecraft:spyglass":33,"minecraft:anvil":1,"minecraft:wooden_axe":10,"butchersdelight:cleaver":38,"minecraft:iron_axe":4,"minecraft:golden_carrot":11,"regions_unexplored:larch_planks":27,"minecraft:oxidized_copper":3,"minecraft:cooked_beef":21,"minecraft:cobbled_deepslate":2,"minecraft:beetroot_soup":1,"minecraft:brown_bed":1,"minecraft:water_bucket":1,"minecraft:birch_planks":26,"minecraft:cauldron":5,"minecraft:deepslate_bricks":3,"minecraft:music_disc_cat":3,"minecraft:crafting_table":4,"minecraft:red_bed":1,"minecraft:magenta_bed":1,"minecraft:white_bed":1,"minecraft:campfire":1,"minecraft:apple":1,"minecraft:iron_pickaxe":55,"minecraft:leather_helmet":1,"minecraft:spruce_trapdoor":1,"minecraft:stone_axe":193,"travelersbackpack:standard":10,"minecraft:bucket":2,"minecraft:candle":4},"minecraft:dropped":{"minecraft:spruce_sign":1,"minecraft:iron_sword":2,"minecraft:candle":5,"regions_unexplored:green_bioshroom":1,"minecraft:birch_planks":2,"minecraft:dark_oak_stairs":2,"minecraft:lapis_lazuli":10,"hexerei:cloth":1,"minecraft:diamond":1,"minecraft:crafting_table":1,"minecraft:dark_oak_sapling":2,"minecraft:dark_oak_slab":3,"minecraft:cracked_stone_bricks":1,"hexerei:crystal_ball":1,"travelersbackpack:standard":1,"hexerei:herb_drying_rack_full":1,"graveyard:corruption":1,"minecraft:leather_helmet":2,"minecraft:red_mushroom":2,"minecraft:emerald":1,"born_in_chaos_v1:monster_skin":2,"minecraft:large_fern":1,"horror_element_mod:phished_head":1,"regions_unexplored:golden_larch_sapling":12,"minecraft:amethyst_shard":2,"minecraft:phantom_membrane":3,"minecraft:dark_oak_planks":3,"ftbquests:book":2,"regions_unexplored:felicia_daisy":1,"minecraft:bone":2,"minecraft:stone_axe":1,"minecraft:goat_horn":3,"minecraft:sugar_cane":10,"minecraft:lever":2,"hexerei:blood_sigil":1,"minecraft:birch_sapling":8,"butchersdelight:cleaver":1,"minecraft:rotten_flesh":35,"minecraft:oak_planks":44,"minecraft:mossy_stone_brick_slab":10,"regions_unexplored:larch_sapling":2,"minecraft:carrot":9,"minecraft:leather_chestplate":1,"minecraft:tipped_arrow":2,"minecraft:red_candle":4,"minecraft:gunpowder":9,"minecraft:charcoal":2,"born_in_chaos_v1:corpse_maggot":2,"minecraft:spruce_pressure_plate":1,"minecraft:leather_boots":2,"minecraft:leather_leggings":1,"minecraft:spruce_slab":4,"minecraft:iron_bars":2,"minecraft:beef":16,"regions_unexplored:larch_sign":3,"born_in_chaos_v1:marigolds":2,"immersiveengineering:seed":12,"minecraft:stripped_spruce_log":2,"regions_unexplored:corpse_flower":1,"born_in_chaos_v1:shattered_skull":1,"minecraft:wheat_seeds":10,"minecraft:golden_horse_armor":2,"minecraft:cobblestone":2,"minecraft:feather":1,"minecraft:book":30,"regions_unexplored:tassel":1,"graveyard:bone_dagger":2,"minecraft:spruce_stairs":1,"regions_unexplored:daisy":3,"minecraft:coal":9,"minecraft:cobweb":15,"minecraft:diamond_horse_armor":1,"quark:clear_shard":2,"minecraft:mossy_cobblestone_slab":2,"minecraft:torch":22,"minecraft:wooden_axe":1,"born_in_chaos_v1:fused_bone":1,"minecraft:iron_leggings":2,"minecraft:wither_rose":4,"minecraft:white_banner":1,"minecraft:string":47,"minecraft:bucket":1,"minecraft:spruce_sapling":4,"minecraft:stone_brick_slab":7,"minecraft:snow_block":1,"minecraft:sweet_berries":6,"hexerei:sage_seed":6,"hexerei:witch_hazel_drying_rack":3,"minecraft:blaze_rod":1,"minecraft:cobblestone_wall":2,"minecraft:bowl":1,"minecraft:raw_iron":10,"minecraft:cobbled_deepslate_slab":1,"minecraft:spruce_fence":3,"regions_unexplored:larch_slab":2,"minecraft:pumpkin_seeds":2,"minecraft:deepslate_bricks":1,"minecraft:cobblestone_slab":2,"supplementaries:quiver":1,"minecraft:oak_button":3,"aether:iron_gloves":1,"minecraft:iron_chestplate":1,"quark:green_corundum":1,"minecraft:oak_sapling":5,"minecraft:stone_bricks":4,"minecraft:bamboo":4,"minecraft:spruce_log":11,"minecraft:stone_pickaxe":3,"minecraft:wooden_pickaxe":1,"minecraft:raw_gold":15,"minecraft:cracked_deepslate_bricks":2,"regions_unexplored:blue_lupine":2},"minecraft:custom":{"minecraft:interact_with_crafting_table":39,"minecraft:open_barrel":6,"minecraft:bell_ring":1,"minecraft:eat_cake_slice":7,"minecraft:leave_game":6,"minecraft:time_since_death":81486,"minecraft:sprint_one_cm":334810,"minecraft:drop":196,"minecraft:talked_to_villager":17,"minecraft:play_time":287471,"minecraft:deaths":13,"minecraft:jump":3817,"minecraft:walk_on_water_one_cm":12438,"minecraft:interact_with_furnace":7,"minecraft:play_record":4,"minecraft:interact_with_cartography_table":3,"minecraft:interact_with_loom":1,"minecraft:sleep_in_bed":3,"minecraft:damage_dealt":23515,"minecraft:player_kills":1,"minecraft:crouch_one_cm":24461,"minecraft:interact_with_smoker":5,"minecraft:interact_with_smithing_table":10,"minecraft:interact_with_anvil":6,"minecraft:mob_kills":102,"minecraft:damage_dealt_resisted":2920,"minecraft:climb_one_cm":18467,"minecraft:walk_one_cm":778524,"minecraft:sneak_time":10866,"minecraft:walk_under_water_one_cm":4923,"minecraft:interact_with_lectern":1,"minecraft:total_world_time":287471,"minecraft:tune_noteblock":1,"minecraft:pot_flower":2,"minecraft:interact_with_stonecutter":2,"minecraft:interact_with_grindstone":3,"minecraft:time_since_rest":82131,"minecraft:damage_absorbed":100,"minecraft:damage_taken":7067,"minecraft:trigger_trapped_chest":1,"minecraft:swim_one_cm":17475,"minecraft:fly_one_cm":723909,"minecraft:open_chest":193,"minecraft:fall_one_cm":99553},"minecraft:killed_by":{"graveyard:acolyte":1,"graveyard:skeleton_creeper":1,"siren_head:siren_head":3,"minecraft:zombie":1,"thestairwell:scp_0871":4},"minecraft:broken":{"minecraft:stone_axe":1,"aether:iron_gloves":1,"minecraft:iron_helmet":1,"aether:leather_gloves":1},"minecraft:killed":{"minecraft:spider":1,"graveyard:wraith":17,"sanitydim:sneaking_terror":1,"thestairwell:scp_0871":1,"minecraft:skeleton":2,"graveyard:acolyte":2,"graveyard:reaper":1,"born_in_chaos_v1:skeleton_thrasher":1,"boh:rake":1,"minecraft:zombie_villager":1,"minecraft:creeper":1,"minecraft:sheep":1,"minecraft:pillager":6,"minecraft:zombie":18,"born_in_chaos_v1:corpse_fly":1,"born_in_chaos_v1:door_knight":2,"graveyard:corrupted_vindicator":12,"graveyard:revenant":1,"born_in_chaos_v1:zombie_bruiser":2,"born_in_chaos_v1:maggot":2,"born_in_chaos_v1:decrepit_skeleton":1,"difficult_spawners:evil_spirit":22},"minecraft:mined":{"minecraft:dark_oak_planks":1,"regions_unexplored:golden_larch_leaves":1,"minecraft:white_bed":1,"minecraft:mossy_stone_brick_slab":8,"regions_unexplored:larch_planks":7,"minecraft:spruce_trapdoor":2,"regions_unexplored:cattail":1,"minecraft:deepslate_bricks":4,"minecraft:spawner":5,"graveyard:wither_skull_with_rib_cage":1,"minecraft:tall_seagrass":4,"minecraft:mossy_cobblestone_slab":2,"minecraft:cobbled_deepslate":2,"graveyard:leaning_wither_skeleton":1,"minecraft:dark_oak_stairs":2,"minecraft:brown_bed":1,"supplementaries:stick":1,"minecraft:water_cauldron":4,"minecraft:oak_stairs":2,"minecraft:iron_bars":5,"regions_unexplored:larch_log":14,"regions_unexplored:silt_grass_block":1,"minecraft:spruce_slab":2,"minecraft:tripwire":1,"hexerei:witch_hazel_drying_rack":1,"horror_element_mod:impaled_skeleton":1,"the_old_ai:scp_079_offline":2,"minecraft:red_bed":1,"regions_unexplored:corpse_flower":1,"minecraft:torch":8,"minecraft:chest":2,"minecraft:glass":1,"graveyard:skeleton_hand":2,"minecraft:grindstone":1,"graveyard:lying_skeleton":3,"minecraft:sugar_cane":4,"minecraft:oak_planks":14,"minecraft:bricks":3,"minecraft:wall_torch":17,"minecraft:cauldron":5,"minecraft:skeleton_skull":1,"minecraft:seagrass":2,"minecraft:red_candle":1,"minecraft:dark_oak_slab":4,"minecraft:tinted_glass":1,"minecraft:birch_log":6,"horror_element_mod:spiked_villager":1,"graveyard:skull_pile":1,"minecraft:grass":19,"graveyard:creeper_skeleton":1,"minecraft:oak_log":5,"minecraft:dark_oak_sapling":1,"regions_unexplored:clover":1,"minecraft:oak_leaves":1,"minecraft:deepslate_tiles":1,"minecraft:candle":2,"regions_unexplored:dusktrap":30,"minecraft:jack_o_lantern":1,"minecraft:cobbled_deepslate_slab":1,"minecraft:lever":3,"minecraft:spruce_fence":1,"minecraft:redstone_wire":6,"minecraft:moss_block":1,"butchersdelight:deadpigblock":1,"minecraft:red_mushroom":2,"regions_unexplored:large_prismarite_cluster":1,"minecraft:large_fern":1,"minecraft:furnace":3,"hexerei:crystal_ball":2,"regions_unexplored:larch_slab":1,"minecraft:stripped_spruce_log":5,"treechop:chopped_log":16,"minecraft:gold_block":1,"minecraft:cobblestone_slab":4,"minecraft:lantern":1,"regions_unexplored:medium_grass":10,"minecraft:stone":46,"supplementaries:wall_lantern":1,"minecraft:podzol":1,"minecraft:glass_pane":1,"minecraft:stone_brick_slab":10,"minecraft:crafting_table":2,"regions_unexplored:silt_dirt":2,"minecraft:campfire":1,"minecraft:tall_grass":5,"regions_unexplored:prismarite_cluster":1,"minecraft:spruce_stairs":1,"minecraft:birch_planks":3,"graveyard:skull_with_rib_cage":1,"graveyard:vase_block":1,"hexerei:pestle_and_mortar":1,"minecraft:stripped_spruce_wood":1,"minecraft:spruce_log":2,"minecraft:birch_leaves":1,"quark:green_corundum":1,"minecraft:coal_ore":28,"graveyard:leaning_skeleton":1,"minecraft:cobweb":16,"minecraft:cracked_stone_bricks":1,"minecraft:stone_bricks":4,"minecraft:fern":5},"minecraft:picked_up":{"minecraft:iron_chestplate":1,"regions_unexplored:larch_planks":7,"minecraft:diamond_sword":1,"regions_unexplored:silt_dirt":3,"minecraft:oak_stairs":2,"minecraft:brown_bed":1,"minecraft:wither_rose":1,"hexerei:herb_drying_rack_full":1,"minecraft:music_disc_cat":4,"minecraft:string":15,"regions_unexplored:prismarite_cluster":1,"minecraft:iron_leggings":2,"minecraft:red_candle":4,"minecraft:deepslate_tiles":1,"minecraft:cobbled_deepslate":2,"regions_unexplored:larch_log":20,"minecraft:cobblestone_slab":2,"minecraft:furnace":2,"minecraft:spruce_pressure_plate":1,"minecraft:stick":12,"born_in_chaos_v1:shattered_skull":1,"regions_unexplored:corpse_flower":1,"minecraft:torch":33,"travelersbackpack:iron_tier_upgrade":2,"minecraft:spruce_stairs":1,"hexerei:cloth":1,"minecraft:porkchop":1,"regions_unexplored:daisy":5,"minecraft:cauldron":9,"quark:clear_shard":2,"minecraft:rotten_flesh":61,"regions_unexplored:green_bioshroom":1,"minecraft:blaze_rod":1,"minecraft:music_disc_wait":1,"minecraft:iron_bars":6,"minecraft:cobblestone":60,"regions_unexplored:golden_larch_sapling":12,"minecraft:birch_log":13,"minecraft:mossy_cobblestone_slab":2,"minecraft:iron_door":1,"hexerei:witch_hazel_drying_rack":3,"butchersdelight:deadpig":2,"minecraft:stripped_spruce_wood":3,"minecraft:magenta_bed":1,"minecraft:stripped_birch_log":1,"minecraft:lantern":2,"born_in_chaos_v1:monster_skin":2,"born_in_chaos_v1:marigolds":2,"minecraft:leather_boots":1,"horror_element_mod:phished_head":1,"minecraft:bone":49,"minecraft:wheat_seeds":10,"minecraft:cobbled_deepslate_slab":1,"ftbquests:book":1,"minecraft:grindstone":1,"minecraft:bamboo":4,"the_old_ai:scp_079_offline":2,"minecraft:oak_planks":92,"minecraft:music_disc_13":1,"graveyard:bone_dagger":2,"regions_unexplored:larch_slab":1,"minecraft:stripped_spruce_log":5,"minecraft:diamond":1,"minecraft:lever":3,"minecraft:golden_apple":1,"minecraft:spruce_sign":1,"minecraft:golden_horse_armor":1,"minecraft:oak_sapling":5,"minecraft:jack_o_lantern":1,"butchersdelightfoods:sheepshank":1,"minecraft:bricks":3,"minecraft:charcoal":2,"minecraft:crafting_table":2,"minecraft:wooden_pickaxe":1,"minecraft:gold_block":1,"minecraft:red_bed":1,"minecraft:large_fern":1,"hexerei:crystal_ball":2,"butchersdelight:dead_cow":1,"graveyard:corruption":14,"minecraft:cracked_stone_bricks":1,"minecraft:candle":9,"minecraft:spruce_slab":4,"minecraft:tinted_glass":1,"minecraft:sugar_cane":12,"minecraft:chest":5,"minecraft:birch_sapling":8,"minecraft:spruce_trapdoor":2,"minecraft:phantom_membrane":3,"minecraft:dark_oak_sapling":2,"minecraft:stone":1,"minecraft:oak_door":1,"minecraft:spruce_fence":3,"regions_unexplored:blue_lupine":2,"born_in_chaos_v1:pieceofdarkmetal":1,"minecraft:carrot":6,"minecraft:redstone":6,"minecraft:dark_oak_planks":3,"hexerei:sage_seed":6,"regions_unexplored:dusktrap":30,"butchersdelight:deadsheep":1,"minecraft:diamond_chestplate":1,"regions_unexplored:felicia_daisy":1,"minecraft:deepslate_bricks":4,"minecraft:cracked_deepslate_bricks":2,"hexerei:blood_sigil":1,"minecraft:white_wool":1,"born_in_chaos_v1:fused_bone":1,"minecraft:stripped_oak_log":1,"born_in_chaos_v1:corpse_maggot":2,"minecraft:red_mushroom":2,"minecraft:birch_planks":3,"minecraft:oak_log":11,"minecraft:cobblestone_wall":2,"minecraft:gunpowder":3,"regions_unexplored:tassel":1,"minecraft:white_banner":2,"regions_unexplored:large_prismarite_cluster":1,"cataclysm:music_disc_ender_guardian":1,"minecraft:stone_bricks":5,"hexerei:pestle_and_mortar":1,"minecraft:iron_ingot":2,"minecraft:stone_pickaxe":2,"minecraft:cobweb":2,"regions_unexplored:larch_sapling":2,"minecraft:polished_andesite_slab":1,"minecraft:iron_sword":3,"minecraft:soul_sand":1,"minecraft:dark_oak_stairs":2,"regions_unexplored:silver_birch_sapling":3,"minecraft:book":42,"minecraft:scaffolding":1,"minecraft:dark_oak_slab":3,"minecraft:sweet_berries":8,"minecraft:stone_brick_slab":7,"minecraft:spruce_sapling":4,"minecraft:white_bed":1,"minecraft:spruce_log":28,"quark:green_corundum":1,"minecraft:mossy_stone_brick_slab":11,"travelersbackpack:standard":1,"butchersdelight:sheephide":1,"immersiveengineering:seed":12,"regions_unexplored:silver_birch_log":10,"minecraft:coal":51},"minecraft:crafted":{"minecraft:oak_planks":24,"minecraft:cooked_chicken":1,"immersiveengineering:manual":1,"regions_unexplored:larch_planks":80,"minecraft:lever":1,"minecraft:chest":4,"minecraft:oak_button":3,"minecraft:cooked_porkchop":1,"minecraft:crafting_table":3,"travelersbackpack:standard":1,"minecraft:smithing_table":1,"butchersdelight:cleaver":1,"minecraft:birch_planks":52,"regions_unexplored:larch_sign":3,"minecraft:stick":20,"minecraft:iron_ingot":9,"minecraft:iron_block":7,"minecraft:iron_axe":1,"butchersdelight:roaster":3,"minecraft:stone_pickaxe":1,"minecraft:iron_sword":2,"minecraft:bucket":2,"minecraft:stone_axe":2,"minecraft:air":0,"minecraft:white_wool":1,"minecraft:wooden_axe":1,"minecraft:iron_leggings":1,"minecraft:anvil":1,"regions_unexplored:larch_slab":12}},"DataVersion":3120}