{"stats":{"minecraft:used":{"minecraft:oak_sign":47,"minecraft:dispenser":38,"minecraft:elytra":2,"minecraft:ladder":7,"minecraft:poppy":4,"minecraft:chest":106,"minecraft:stone":15,"minecraft:warped_sign":32,"minecraft:bell":2,"minecraft:mangrove_hanging_sign":15,"minecraft:soul_sand":3,"minecraft:blue_stained_glass":428,"minecraft:crafter":19,"minecraft:carrot":333,"minecraft:stripped_spruce_log":7,"minecraft:villager_spawn_egg":55,"minecraft:glass":1778,"minecraft:packed_ice":328,"minecraft:honey_block":8,"minecraft:quartz_slab":709,"minecraft:lava_bucket":10,"minecraft:grass_block":63,"minecraft:birch_sapling":301,"minecraft:quartz_block":14,"minecraft:stone_bricks":103,"minecraft:repeater":90,"minecraft:magma_block":9,"minecraft:ominous_bottle":1,"minecraft:furnace":27,"minecraft:acacia_fence":272,"minecraft:egg":2,"minecraft:diorite":15,"minecraft:mossy_stone_bricks":1,"minecraft:dropper":48,"minecraft:short_grass":1,"minecraft:stone_pickaxe":75,"minecraft:red_stained_glass":149,"minecraft:powered_rail":44,"minecraft:oak_planks":20,"minecraft:sandstone":6,"minecraft:wooden_pickaxe":12,"minecraft:end_stone_brick_slab":139,"minecraft:composter":4,"minecraft:jungle_pressure_plate":19,"minecraft:diamond_axe":736,"minecraft:sugar_cane":21,"minecraft:white_wool":4,"minecraft:golden_apple":1,"minecraft:sand":29,"minecraft:blast_furnace":4,"minecraft:crossbow":66,"minecraft:sponge":49,"minecraft:chiseled_quartz_block":208,"minecraft:ochre_froglight":39,"minecraft:end_stone":227,"minecraft:birch_fence":36,"minecraft:redstone_torch":203,"minecraft:sticky_piston":70,"minecraft:lever":4,"minecraft:mace":67,"minecraft:stone_button":1,"minecraft:birch_slab":43,"minecraft:bread":18,"minecraft:string":131,"minecraft:lectern":100,"minecraft:oak_pressure_plate":26,"minecraft:diamond_sword":634,"minecraft:fire_charge":6,"minecraft:grindstone":1,"minecraft:andesite":5,"minecraft:white_stained_glass":967,"minecraft:birch_log":7,"minecraft:chain":44,"minecraft:bone_meal":13,"minecraft:golden_pickaxe":3,"minecraft:oak_fence":28,"minecraft:enchanting_table":1,"minecraft:redstone":405,"minecraft:stone_hoe":104,"minecraft:trial_key":1,"minecraft:netherrack":58,"minecraft:exposed_cut_copper_stairs":4,"minecraft:torch":55,"minecraft:brewing_stand":2,"minecraft:dirt":118,"minecraft:anvil":4,"minecraft:hopper":140,"minecraft:stone_stairs":1,"minecraft:nether_brick_slab":2,"minecraft:warped_pressure_plate":41,"minecraft:granite":3,"minecraft:shroomlight":4,"minecraft:wooden_axe":6,"minecraft:yellow_stained_glass":321,"minecraft:iron_block":368,"minecraft:iron_axe":96,"minecraft:oak_stairs":25,"minecraft:slime_block":1,"minecraft:warped_fence":35,"minecraft:red_candle":4,"minecraft:totem_of_undying":1,"minecraft:crimson_planks":52,"minecraft:tripwire_hook":40,"minecraft:glowstone":12,"minecraft:golden_carrot":3,"minecraft:goat_horn":7,"minecraft:minecart":13,"minecraft:cooked_beef":126,"minecraft:enchanted_golden_apple":1,"minecraft:observer":7,"minecraft:golden_axe":32,"minecraft:water_bucket":156,"minecraft:chiseled_bookshelf":7,"minecraft:amethyst_block":1,"minecraft:birch_planks":34,"minecraft:glass_bottle":15,"minecraft:baked_potato":7,"minecraft:green_bed":63,"minecraft:black_shulker_box":8,"minecraft:white_dye":4,"minecraft:magenta_stained_glass":4,"minecraft:glow_ink_sac":5,"minecraft:cracked_stone_bricks":2,"minecraft:magenta_bed":16,"minecraft:rail":452,"minecraft:mossy_cobblestone":1,"minecraft:comparator":27,"minecraft:crafting_table":6,"minecraft:oak_slab":3,"minecraft:crimson_trapdoor":1,"minecraft:white_bed":1,"minecraft:magenta_carpet":136,"minecraft:bamboo_fence_gate":1,"minecraft:oak_log":1,"minecraft:piston":23,"minecraft:activator_rail":2,"minecraft:diamond_pickaxe":4006,"minecraft:apple":4,"minecraft:ominous_trial_key":4,"minecraft:diamond_shovel":1745,"minecraft:wind_charge":130,"minecraft:oak_button":72,"minecraft:iron_pickaxe":182,"minecraft:netherite_axe":2,"minecraft:detector_rail":12,"minecraft:stone_slab":2,"minecraft:stone_axe":73,"minecraft:smooth_stone":13,"minecraft:cobblestone":176,"minecraft:potion":1,"minecraft:pillager_spawn_egg":1,"minecraft:white_banner":1,"minecraft:warped_fence_gate":1,"minecraft:bucket":21,"minecraft:kelp":39,"minecraft:wither_rose":8,"minecraft:yellow_bed":2,"minecraft:stripped_oak_log":158,"minecraft:jukebox":1},"minecraft:broken":{"minecraft:diamond_helmet":1,"minecraft:diamond_boots":1,"minecraft:diamond_pickaxe":1,"minecraft:golden_axe":1},"minecraft:custom":{"minecraft:animals_bred":1,"minecraft:interact_with_crafting_table":92,"minecraft:open_barrel":1,"minecraft:open_shulker_box":20,"minecraft:bell_ring":2,"minecraft:leave_game":26,"minecraft:time_since_death":89432,"minecraft:damage_resisted":175,"minecraft:sprint_one_cm":1735273,"minecraft:drop":1117,"minecraft:talked_to_villager":250,"minecraft:play_time":1326709,"minecraft:deaths":52,"minecraft:jump":11914,"minecraft:interact_with_brewingstand":20,"minecraft:walk_on_water_one_cm":183722,"minecraft:enchant_item":2,"minecraft:interact_with_furnace":237,"minecraft:play_record":2,"minecraft:traded_with_villager":147,"minecraft:sleep_in_bed":16,"minecraft:open_enderchest":1,"minecraft:damage_dealt":50798,"minecraft:interact_with_beacon":1,"minecraft:player_kills":10,"minecraft:crouch_one_cm":216643,"minecraft:inspect_dispenser":63,"minecraft:inspect_dropper":47,"minecraft:interact_with_anvil":22,"minecraft:mob_kills":1864,"minecraft:inspect_hopper":392,"minecraft:climb_one_cm":101537,"minecraft:walk_one_cm":1698242,"minecraft:raid_win":1,"minecraft:sneak_time":101417,"minecraft:walk_under_water_one_cm":304017,"minecraft:interact_with_blast_furnace":18,"minecraft:total_world_time":1326709,"minecraft:tune_noteblock":1,"minecraft:raid_trigger":1,"minecraft:interact_with_grindstone":7,"minecraft:time_since_rest":89457,"minecraft:damage_absorbed":201,"minecraft:damage_taken":27703,"minecraft:minecart_one_cm":14012,"minecraft:swim_one_cm":131878,"minecraft:fly_one_cm":5627398,"minecraft:open_chest":665,"minecraft:aviate_one_cm":10104,"minecraft:fall_one_cm":459044},"minecraft:mined":{"minecraft:black_shulker_box":8,"minecraft:white_bed":1,"minecraft:farmland":4,"minecraft:obsidian":4,"minecraft:granite":139,"minecraft:grass_block":47,"minecraft:jungle_log":86,"minecraft:hopper":6,"minecraft:oak_wall_sign":2,"minecraft:weeping_vines_plant":2,"minecraft:magma_block":2,"minecraft:glowstone":37,"minecraft:mossy_cobblestone_stairs":1,"minecraft:iron_ore":325,"minecraft:sticky_piston":1,"minecraft:fire":8,"minecraft:cobbled_deepslate":1,"minecraft:azure_bluet":1,"minecraft:dirt_path":2,"minecraft:iron_bars":1,"minecraft:oak_stairs":25,"minecraft:iron_block":14,"minecraft:tripwire":3,"minecraft:crimson_nylium":5,"minecraft:soul_fire":2,"minecraft:torch":3,"minecraft:chest":3,"minecraft:glass":8,"minecraft:nether_quartz_ore":189,"minecraft:cobblestone":48,"minecraft:oak_planks":12,"minecraft:sugar_cane":85,"minecraft:wall_torch":15,"minecraft:birch_sapling":2,"minecraft:red_candle":1,"minecraft:birch_log":50,"minecraft:magenta_bed":3,"minecraft:warped_fungus":1,"minecraft:wither_rose":4,"minecraft:oak_log":261,"minecraft:sand":1582,"minecraft:dirt":145,"minecraft:crimson_planks":5,"minecraft:netherrack":256,"minecraft:deepslate":64,"minecraft:oak_leaves":57,"minecraft:tuff":7,"minecraft:mossy_cobblestone":3,"minecraft:deepslate_diamond_ore":10,"minecraft:oak_door":1,"minecraft:end_stone":6,"minecraft:shulker_box":1,"minecraft:crafter":2,"minecraft:decorated_pot":3,"minecraft:white_stained_glass":6,"minecraft:redstone_wire":2,"minecraft:birch_slab":25,"minecraft:red_mushroom":2,"minecraft:sandstone":30,"minecraft:moss_block":1,"minecraft:hay_block":21,"minecraft:redstone_ore":20,"minecraft:furnace":21,"minecraft:carrots":255,"minecraft:andesite":99,"minecraft:bell":2,"minecraft:deepslate_iron_ore":3,"minecraft:vine":6,"minecraft:warped_stem":92,"minecraft:stripped_oak_log":3,"minecraft:packed_ice":402,"minecraft:stone":1997,"minecraft:glass_pane":2,"minecraft:magenta_stained_glass":2,"minecraft:basalt":1,"minecraft:oak_fence":3,"minecraft:crafting_table":1,"minecraft:short_grass":26,"minecraft:warped_roots":3,"minecraft:lectern":100,"minecraft:stone_slab":1,"minecraft:copper_ore":2,"minecraft:tall_grass":6,"minecraft:lapis_ore":6,"minecraft:deepslate_gold_ore":4,"minecraft:diorite":100,"minecraft:warped_wart_block":2,"minecraft:birch_planks":4,"minecraft:waxed_oxidized_copper_grate":2,"minecraft:ice":13,"minecraft:birch_leaves":1,"minecraft:yellow_bed":1,"minecraft:coal_ore":418,"minecraft:gravel":37,"minecraft:cracked_stone_bricks":20,"minecraft:stone_bricks":4,"minecraft:mossy_stone_bricks":1,"minecraft:gold_ore":1,"minecraft:infested_stone":2,"minecraft:birch_fence":6},"minecraft:killed":{"minecraft:zombified_piglin":5,"minecraft:witch":2,"minecraft:spider":3,"minecraft:shulker":8,"minecraft:skeleton":5,"minecraft:silverfish":844,"minecraft:piglin":1,"minecraft:pig":2,"minecraft:iron_golem":2,"minecraft:creeper":4,"minecraft:sheep":4,"minecraft:pillager":21,"minecraft:zombie":33,"minecraft:stray":10,"minecraft:blaze":1,"minecraft:cow":4,"minecraft:evoker":4,"minecraft:vex":3,"minecraft:bogged":12,"minecraft:allay":12,"minecraft:vindicator":11,"minecraft:slime":86,"minecraft:horse":3,"minecraft:drowned":18,"minecraft:hoglin":3,"minecraft:breeze":8,"minecraft:wither_skeleton":3,"minecraft:villager":5},"minecraft:picked_up":{"minecraft:shulker_shell":4,"minecraft:wheat":1,"minecraft:magenta_carpet":1,"minecraft:stone_slab":2,"minecraft:enchanted_book":10,"minecraft:oak_stairs":23,"minecraft:wither_rose":27,"minecraft:potion":2,"minecraft:crimson_planks":6,"minecraft:golden_sword":1,"minecraft:amethyst_block":70,"minecraft:string":2832,"minecraft:raw_copper":16,"minecraft:red_candle":4,"minecraft:sticky_piston":1,"minecraft:oak_sign":4,"minecraft:gold_nugget":2,"minecraft:black_shulker_box":10,"minecraft:cobbled_deepslate":204,"minecraft:comparator":3,"minecraft:bucket":1,"minecraft:redstone_torch":17,"minecraft:calcite":45,"minecraft:enchanted_golden_apple":2,"minecraft:furnace":21,"minecraft:tipped_arrow":75,"minecraft:stick":78,"minecraft:oak_fence":5,"minecraft:torch":44,"minecraft:porkchop":7,"minecraft:diorite":100,"minecraft:rotten_flesh":76,"minecraft:iron_block":84,"minecraft:obsidian":4,"minecraft:iron_bars":44,"minecraft:cobblestone":2409,"minecraft:nautilus_shell":3,"minecraft:sponge":4,"minecraft:birch_log":238,"minecraft:jungle_log":86,"minecraft:magma_block":2,"minecraft:andesite":99,"minecraft:jungle_pressure_plate":2,"minecraft:feather":35,"minecraft:cooked_beef":19,"minecraft:repeater":30,"minecraft:golden_leggings":1,"minecraft:water_bucket":2,"minecraft:birch_slab":66,"minecraft:brown_wool":1,"minecraft:potato":1,"minecraft:flint":1,"minecraft:tuff":16,"minecraft:magenta_bed":4,"minecraft:lapis_lazuli":44,"minecraft:dirt":291,"minecraft:glass":117,"minecraft:bone":61,"minecraft:bow":11,"minecraft:wheat_seeds":28,"minecraft:raw_gold":5,"minecraft:bell":3,"minecraft:mossy_stone_bricks":4,"minecraft:powered_rail":6,"minecraft:glowstone_dust":103,"minecraft:oak_planks":231,"minecraft:stone_hoe":1,"minecraft:cooked_porkchop":5,"minecraft:music_disc_13":2,"minecraft:sand":1745,"minecraft:grass_block":1,"minecraft:trapped_chest":1,"minecraft:shulker_box":1,"minecraft:mossy_cobblestone":4,"minecraft:diamond":35,"minecraft:waxed_oxidized_copper_grate":2,"minecraft:breeze_rod":62,"minecraft:crossbow":6,"minecraft:granite":145,"minecraft:bone_meal":4391,"minecraft:golden_apple":1,"minecraft:emerald":5,"minecraft:bread":11,"minecraft:oak_sapling":23,"minecraft:netherrack":252,"minecraft:ominous_trial_key":8,"minecraft:diamond_pickaxe":1,"minecraft:cocoa_beans":6,"minecraft:crafting_table":3,"minecraft:end_stone_brick_stairs":1,"minecraft:chicken":30,"minecraft:azure_bluet":1,"minecraft:ominous_bottle":3,"minecraft:packed_ice":287,"minecraft:mangrove_hanging_sign":2,"minecraft:crimson_trapdoor":1,"minecraft:purpur_block":3,"minecraft:brick":22,"minecraft:wind_charge":32,"minecraft:heavy_weighted_pressure_plate":1,"minecraft:elytra":1,"minecraft:flow_banner_pattern":1,"minecraft:birch_fence":6,"minecraft:cracked_stone_bricks":18,"minecraft:beef":6,"minecraft:poppy":2233,"minecraft:lectern":102,"minecraft:sugar_cane":130,"minecraft:chest":436,"minecraft:birch_sapling":304,"minecraft:egg":2,"minecraft:raw_iron":462,"minecraft:sandstone":28,"minecraft:end_stone":13,"minecraft:stone":63,"minecraft:oak_door":1,"minecraft:copper_ingot":1,"minecraft:flow_pottery_sherd":1,"minecraft:mace":3,"minecraft:carrot":1183,"minecraft:redstone":169,"minecraft:arrow":177,"minecraft:diamond_chestplate":3,"minecraft:hay_block":21,"minecraft:totem_of_undying":1,"minecraft:mutton":5,"minecraft:rail":5,"minecraft:white_wool":54,"minecraft:stripped_oak_log":31,"minecraft:basalt":2,"minecraft:golden_carrot":3,"minecraft:tripwire_hook":84,"minecraft:leather":15,"minecraft:red_mushroom":3,"minecraft:crafter":2,"minecraft:birch_planks":4,"minecraft:ice":4,"minecraft:oak_log":311,"minecraft:yellow_bed":2,"minecraft:gunpowder":4,"minecraft:cobblestone_stairs":1,"minecraft:white_banner":2,"minecraft:apple":5,"minecraft:stone_bricks":6,"minecraft:kelp":16,"minecraft:warped_stem":91,"minecraft:iron_ingot":9873,"minecraft:stone_pickaxe":1,"minecraft:book":14,"minecraft:smooth_basalt":15,"minecraft:birch_boat":1,"minecraft:heavy_core":1,"minecraft:quartz":443,"minecraft:dandelion":1,"minecraft:gravel":1005,"minecraft:amethyst_shard":8,"minecraft:white_bed":1,"minecraft:diamond_shovel":2,"minecraft:slime_ball":146,"minecraft:stone_axe":11,"minecraft:diamond_axe":2,"minecraft:mossy_cobblestone_stairs":1,"minecraft:warped_roots":1,"minecraft:oak_button":33,"minecraft:baked_potato":12,"minecraft:end_stone_brick_slab":1,"minecraft:coal":685,"minecraft:hopper":10},"minecraft:crafted":{"minecraft:smooth_stone":64,"minecraft:oak_planks":788,"minecraft:cobblestone_slab":762,"minecraft:chain":40,"minecraft:birch_slab":18,"minecraft:stone":95,"minecraft:diamond_shovel":1,"minecraft:bookshelf":1,"minecraft:warped_planks":256,"minecraft:mace":1,"minecraft:glass":1600,"minecraft:diamond_helmet":1,"minecraft:bow":1,"minecraft:diamond_leggings":1,"minecraft:chest":18,"minecraft:oak_button":1,"minecraft:rail":144,"minecraft:stone_hoe":1,"minecraft:oak_fence":303,"minecraft:glass_bottle":15,"minecraft:arrow":128,"minecraft:emerald":126,"minecraft:diamond_axe":1,"minecraft:crafting_table":5,"minecraft:wooden_pickaxe":1,"minecraft:birch_planks":148,"minecraft:dispenser":1,"minecraft:book":5,"minecraft:paper":66,"minecraft:diamond_pickaxe":4,"minecraft:birch_fence":30,"minecraft:stick":532,"minecraft:stone_slab":66,"minecraft:iron_pickaxe":1,"minecraft:iron_ingot":438,"minecraft:iron_block":407,"minecraft:redstone_torch":5,"minecraft:jukebox":1,"minecraft:iron_nugget":180,"minecraft:stone_button":1,"minecraft:furnace":25,"minecraft:wind_charge":40,"minecraft:blast_furnace":4,"minecraft:white_carpet":150,"minecraft:iron_axe":1,"minecraft:stone_pickaxe":1,"minecraft:diamond_boots":1,"minecraft:dark_oak_planks":4,"minecraft:wheat":189,"minecraft:cooked_beef":4,"minecraft:enchanting_table":1,"minecraft:glowstone":16,"minecraft:stone_axe":1,"minecraft:enchanted_book":12,"minecraft:bread":18,"minecraft:air":0,"minecraft:jungle_planks":344,"minecraft:white_wool":382,"minecraft:warped_sign":30,"minecraft:wooden_axe":1,"minecraft:warped_pressure_plate":28,"minecraft:anvil":1,"minecraft:white_bed":60,"minecraft:torch":16,"minecraft:diamond_chestplate":1},"minecraft:dropped":{"minecraft:porkchop":2,"minecraft:short_grass":1,"minecraft:birch_planks":7,"minecraft:diamond_axe":4,"minecraft:oak_pressure_plate":1,"minecraft:cooked_beef":7,"minecraft:baked_potato":5,"minecraft:oak_log":115,"minecraft:glow_ink_sac":2,"minecraft:golden_pickaxe":1,"minecraft:glass_bottle":1,"minecraft:diamond":1,"minecraft:crafting_table":1,"minecraft:crossbow":5,"minecraft:crafter":1,"minecraft:leather":8,"minecraft:cracked_stone_bricks":1,"minecraft:birch_slab":5,"minecraft:cobblestone_stairs":1,"minecraft:emerald":5,"minecraft:flint":1,"minecraft:dirt":196,"minecraft:crimson_trapdoor":1,"minecraft:packed_ice":66,"minecraft:ice":4,"minecraft:dispenser":1,"minecraft:mutton":2,"minecraft:chain":1,"minecraft:black_shulker_box":11,"minecraft:gold_nugget":2,"minecraft:amethyst_shard":16,"minecraft:bone_meal":1,"minecraft:sand":2,"minecraft:iron_pickaxe":1,"minecraft:birch_log":184,"minecraft:white_wool":106,"minecraft:bone":9,"minecraft:oak_door":1,"minecraft:gravel":1349,"minecraft:stone_axe":11,"minecraft:purpur_block":3,"minecraft:sugar_cane":1,"minecraft:pillager_spawn_egg":1,"minecraft:lever":1,"minecraft:iron_nugget":243,"minecraft:detector_rail":1,"minecraft:cobbled_deepslate":165,"minecraft:wheat":1,"minecraft:birch_sapling":141,"minecraft:rotten_flesh":66,"minecraft:oak_planks":76,"minecraft:diamond_shovel":3,"minecraft:glowstone_dust":2,"minecraft:end_stone":14,"minecraft:azure_bluet":1,"minecraft:carrot":802,"minecraft:blue_stained_glass":3,"minecraft:wind_charge":18,"minecraft:poppy":4145,"minecraft:tipped_arrow":1,"minecraft:heavy_weighted_pressure_plate":2,"minecraft:dropper":1,"minecraft:honey_block":1,"minecraft:quartz_block":1,"minecraft:hopper":15,"minecraft:chest":531,"minecraft:white_dye":1,"minecraft:basalt":2,"minecraft:iron_bars":252,"minecraft:arrow":101,"minecraft:powered_rail":3,"minecraft:glass":126,"minecraft:beef":2,"minecraft:quartz":441,"minecraft:acacia_fence":1,"minecraft:netherrack":197,"minecraft:lectern":4,"minecraft:stone_hoe":2,"minecraft:crimson_planks":7,"minecraft:water_bucket":6,"minecraft:enchanted_book":8,"minecraft:iron_ingot":12835,"minecraft:stripped_spruce_log":1,"minecraft:oak_slab":1,"minecraft:wheat_seeds":27,"minecraft:birch_leaves":1,"minecraft:mossy_cobblestone":3,"minecraft:minecart":1,"minecraft:bookshelf":1,"minecraft:diamond_leggings":1,"minecraft:end_stone_brick_slab":3,"minecraft:oak_fence":4,"minecraft:feather":35,"minecraft:cobblestone":1007,"minecraft:book":4,"minecraft:observer":1,"minecraft:amethyst_block":69,"minecraft:granite":107,"minecraft:command_block":2,"minecraft:activator_rail":1,"minecraft:copper_ingot":1,"minecraft:spruce_door":1,"minecraft:ominous_trial_key":4,"minecraft:grass_block":4,"minecraft:coal":7,"minecraft:mangrove_hanging_sign":1,"minecraft:stick":45,"minecraft:iron_block":36,"minecraft:diorite":56,"minecraft:sponge":5,"minecraft:torch":7,"minecraft:repeater":29,"minecraft:wooden_axe":1,"minecraft:brown_wool":1,"minecraft:oak_stairs":6,"minecraft:mossy_cobblestone_stairs":1,"minecraft:paper":1,"minecraft:string":117,"minecraft:trapped_chest":1,"minecraft:tripwire_hook":23,"minecraft:bucket":2,"minecraft:redstone":53,"minecraft:dandelion":1,"minecraft:smooth_basalt":15,"minecraft:nether_brick_slab":1,"minecraft:jungle_pressure_plate":2,"minecraft:anvil":65,"minecraft:kelp":10,"minecraft:flow_pottery_sherd":1,"minecraft:chiseled_quartz_block":1,"minecraft:cocoa_beans":6,"minecraft:raw_copper":16,"minecraft:guster_banner_pattern":1,"minecraft:tuff":11,"minecraft:green_bed":1,"minecraft:raw_iron":3,"minecraft:composter":1,"minecraft:chicken":30,"minecraft:comparator":3,"minecraft:slime_block":1,"minecraft:stripped_oak_log":582,"minecraft:stone_slab":66,"minecraft:name_tag":1,"minecraft:totem_of_undying":1,"minecraft:oak_sign":3,"minecraft:shulker_box":1,"minecraft:potato":1,"minecraft:shroomlight":1,"minecraft:stone":1,"minecraft:oak_button":2,"minecraft:end_stone_brick_stairs":2,"minecraft:diamond_chestplate":3,"minecraft:diamond_pickaxe":2,"minecraft:warped_fence":2,"minecraft:andesite":12,"minecraft:mossy_stone_bricks":3,"minecraft:oak_sapling":23,"minecraft:golden_sword":1,"minecraft:redstone_torch":31,"minecraft:stone_bricks":7,"minecraft:sandstone":22,"minecraft:slime_ball":65,"minecraft:birch_boat":1,"minecraft:bow":11,"minecraft:stone_pickaxe":1,"minecraft:wooden_pickaxe":1,"minecraft:nautilus_shell":2,"minecraft:calcite":45,"minecraft:magma_block":3,"minecraft:white_stained_glass":8,"minecraft:waxed_oxidized_copper_grate":2,"minecraft:brick":22},"minecraft:killed_by":{"minecraft:creeper":1,"minecraft:drowned":3,"minecraft:bogged":2,"minecraft:zombie":1,"minecraft:player":12,"minecraft:enderman":1,"minecraft:iron_golem":1,"minecraft:warden":5,"minecraft:skeleton":2,"minecraft:wither":1}},"DataVersion":3953}