{"stats":{"minecraft:used":{"minecraft:oak_fence":22,"minecraft:enchanting_table":1,"minecraft:chest":2,"minecraft:bell":2,"minecraft:stone_hoe":39,"minecraft:netherrack":30,"minecraft:torch":3,"minecraft:dirt":19,"minecraft:carrot":261,"minecraft:granite":3,"minecraft:wooden_axe":6,"minecraft:glowstone":11,"minecraft:furnace":7,"minecraft:cooked_beef":14,"minecraft:golden_axe":32,"minecraft:diorite":15,"minecraft:birch_planks":22,"minecraft:stone_pickaxe":75,"minecraft:oak_planks":8,"minecraft:wooden_pickaxe":12,"minecraft:diamond_axe":159,"minecraft:sugar_cane":21,"minecraft:mossy_cobblestone":1,"minecraft:crafting_table":5,"minecraft:magenta_bed":12,"minecraft:white_bed":1,"minecraft:diamond_pickaxe":388,"minecraft:bread":18,"minecraft:iron_pickaxe":182,"minecraft:stone_axe":73,"minecraft:cobblestone":21,"minecraft:andesite":5,"minecraft:yellow_bed":2,"minecraft:stripped_oak_log":1,"minecraft:golden_pickaxe":3},"minecraft:picked_up":{"minecraft:crafting_table":2,"minecraft:wheat":1,"minecraft:azure_bluet":1,"minecraft:oak_stairs":1,"minecraft:crimson_planks":4,"minecraft:string":2,"minecraft:cracked_stone_bricks":1,"minecraft:cobbled_deepslate":37,"minecraft:beef":5,"minecraft:poppy":2,"minecraft:sugar_cane":129,"minecraft:birch_sapling":1,"minecraft:furnace":1,"minecraft:stick":10,"minecraft:raw_iron":125,"minecraft:oak_fence":4,"minecraft:copper_ingot":1,"minecraft:torch":7,"minecraft:porkchop":7,"minecraft:diorite":40,"minecraft:carrot":1125,"minecraft:arrow":3,"minecraft:rotten_flesh":13,"minecraft:hay_block":21,"minecraft:obsidian":4,"minecraft:mutton":5,"minecraft:white_wool":4,"minecraft:cobblestone":246,"minecraft:stripped_oak_log":1,"minecraft:birch_log":25,"minecraft:cooked_beef":2,"minecraft:andesite":57,"minecraft:brown_wool":1,"minecraft:leather":7,"minecraft:tuff":5,"minecraft:oak_log":134,"minecraft:yellow_bed":2,"minecraft:gunpowder":2,"minecraft:cobblestone_stairs":1,"minecraft:lapis_lazuli":44,"minecraft:dirt":49,"minecraft:bone":5,"minecraft:stone_bricks":1,"minecraft:wheat_seeds":9,"minecraft:iron_ingot":4,"minecraft:raw_gold":5,"minecraft:bell":3,"minecraft:stone_pickaxe":1,"minecraft:glowstone_dust":103,"minecraft:oak_planks":9,"minecraft:quartz":6,"minecraft:gravel":6,"minecraft:white_bed":1,"minecraft:mossy_cobblestone":1,"minecraft:diamond":35,"minecraft:stone_axe":1,"minecraft:granite":38,"minecraft:bread":11,"minecraft:oak_button":1,"minecraft:oak_sapling":4,"minecraft:netherrack":36,"minecraft:coal":67},"minecraft:crafted":{"minecraft:oak_planks":88,"minecraft:furnace":17,"minecraft:stone_pickaxe":1,"minecraft:chest":2,"minecraft:oak_button":1,"minecraft:stone_hoe":1,"minecraft:oak_fence":21,"minecraft:wheat":189,"minecraft:cooked_beef":4,"minecraft:diamond_axe":1,"minecraft:crafting_table":4,"minecraft:enchanting_table":1,"minecraft:wooden_pickaxe":1,"minecraft:birch_planks":52,"minecraft:stone_axe":1,"minecraft:glowstone":16,"minecraft:bread":18,"minecraft:air":0,"minecraft:book":5,"minecraft:paper":66,"minecraft:diamond_pickaxe":1,"minecraft:stick":52,"minecraft:iron_ingot":115,"minecraft:iron_pickaxe":1,"minecraft:wooden_axe":1},"minecraft:mined":{"minecraft:tuff":5,"minecraft:white_bed":1,"minecraft:farmland":4,"minecraft:deepslate_diamond_ore":10,"minecraft:obsidian":4,"minecraft:granite":38,"minecraft:grass_block":15,"minecraft:hay_block":21,"minecraft:weeping_vines_plant":2,"minecraft:glowstone":37,"minecraft:furnace":1,"minecraft:carrots":242,"minecraft:iron_ore":122,"minecraft:andesite":57,"minecraft:azure_bluet":1,"minecraft:bell":2,"minecraft:dirt_path":1,"minecraft:oak_stairs":1,"minecraft:stone":225,"minecraft:oak_fence":2,"minecraft:crafting_table":1,"minecraft:torch":2,"minecraft:short_grass":17,"minecraft:nether_quartz_ore":3,"minecraft:tall_grass":5,"minecraft:cobblestone":4,"minecraft:lapis_ore":6,"minecraft:deepslate_gold_ore":4,"minecraft:sugar_cane":85,"minecraft:oak_planks":5,"minecraft:diorite":38,"minecraft:birch_log":25,"minecraft:yellow_bed":1,"minecraft:oak_log":79,"minecraft:coal_ore":43,"minecraft:gravel":6,"minecraft:dirt":18,"minecraft:crimson_planks":4,"minecraft:cracked_stone_bricks":1,"minecraft:stone_bricks":1,"minecraft:netherrack":39,"minecraft:gold_ore":1,"minecraft:oak_leaves":14,"minecraft:deepslate":37},"minecraft:killed":{"minecraft:spider":2,"minecraft:skeleton":2,"minecraft:horse":3,"minecraft:drowned":7,"minecraft:piglin":1,"minecraft:pig":1,"minecraft:iron_golem":1,"minecraft:creeper":2,"minecraft:hoglin":2,"minecraft:sheep":4,"minecraft:zombie":7,"minecraft:cow":2},"minecraft:dropped":{"minecraft:crimson_planks":4,"minecraft:iron_ingot":8,"minecraft:birch_planks":6,"minecraft:porkchop":2,"minecraft:wheat_seeds":9,"minecraft:cooked_beef":2,"minecraft:oak_log":112,"minecraft:golden_pickaxe":1,"minecraft:diamond":1,"minecraft:oak_fence":3,"minecraft:cobblestone":1,"minecraft:cracked_stone_bricks":1,"minecraft:command_block":2,"minecraft:copper_ingot":1,"minecraft:stick":33,"minecraft:cobblestone_stairs":1,"minecraft:dirt":17,"minecraft:diorite":8,"minecraft:torch":2,"minecraft:mutton":2,"minecraft:wooden_axe":1,"minecraft:brown_wool":1,"minecraft:oak_stairs":1,"minecraft:iron_pickaxe":1,"minecraft:string":1,"minecraft:white_wool":2,"minecraft:bone":1,"minecraft:stone_axe":1,"minecraft:birch_sapling":1,"minecraft:wheat":1,"minecraft:raw_iron":3,"minecraft:rotten_flesh":5,"minecraft:oak_planks":13,"minecraft:glowstone_dust":2,"minecraft:azure_bluet":1,"minecraft:carrot":799,"minecraft:poppy":2,"minecraft:oak_button":2,"minecraft:oak_sapling":4,"minecraft:stone_bricks":1,"minecraft:beef":1,"minecraft:arrow":2,"minecraft:wooden_pickaxe":1,"minecraft:stone_pickaxe":1,"minecraft:quartz":6,"minecraft:netherrack":6},"minecraft:custom":{"minecraft:mob_kills":34,"minecraft:animals_bred":1,"minecraft:interact_with_crafting_table":18,"minecraft:bell_ring":2,"minecraft:leave_game":3,"minecraft:time_since_death":59357,"minecraft:climb_one_cm":9589,"minecraft:sprint_one_cm":338650,"minecraft:walk_one_cm":249973,"minecraft:drop":213,"minecraft:talked_to_villager":13,"minecraft:play_time":132423,"minecraft:sneak_time":7325,"minecraft:deaths":3,"minecraft:walk_under_water_one_cm":6849,"minecraft:jump":2113,"minecraft:walk_on_water_one_cm":11301,"minecraft:enchant_item":1,"minecraft:total_world_time":132423,"minecraft:interact_with_furnace":58,"minecraft:sleep_in_bed":2,"minecraft:time_since_rest":62607,"minecraft:damage_taken":2449,"minecraft:damage_dealt":6319,"minecraft:swim_one_cm":40015,"minecraft:fly_one_cm":436171,"minecraft:open_chest":22,"minecraft:crouch_one_cm":21944,"minecraft:fall_one_cm":72341},"minecraft:broken":{"minecraft:golden_axe":1}},"DataVersion":3953}