{"stats":{"minecraft:crafted":{"minecraft:oak_planks":772,"minecraft:smooth_stone":12,"minecraft:cobblestone_slab":762,"minecraft:chain":40,"minecraft:stone":95,"minecraft:diamond_shovel":1,"minecraft:bookshelf":1,"minecraft:warped_planks":256,"minecraft:glass":1600,"minecraft:chest":18,"minecraft:oak_button":1,"minecraft:rail":144,"minecraft:stone_hoe":1,"minecraft:oak_fence":297,"minecraft:emerald":126,"minecraft:diamond_axe":1,"minecraft:crafting_table":5,"minecraft:wooden_pickaxe":1,"minecraft:birch_planks":52,"minecraft:book":5,"minecraft:paper":66,"minecraft:diamond_pickaxe":4,"minecraft:stick":456,"minecraft:stone_slab":66,"minecraft:iron_ingot":432,"minecraft:iron_pickaxe":1,"minecraft:iron_block":3,"minecraft:redstone_torch":5,"minecraft:iron_nugget":180,"minecraft:furnace":25,"minecraft:blast_furnace":4,"minecraft:white_carpet":150,"minecraft:stone_pickaxe":1,"minecraft:wheat":189,"minecraft:cooked_beef":4,"minecraft:enchanting_table":1,"minecraft:stone_axe":1,"minecraft:glowstone":16,"minecraft:enchanted_book":12,"minecraft:bread":18,"minecraft:air":0,"minecraft:jungle_planks":344,"minecraft:white_wool":382,"minecraft:warped_sign":30,"minecraft:wooden_axe":1,"minecraft:warped_pressure_plate":28,"minecraft:anvil":1,"minecraft:white_bed":60},"minecraft:picked_up":{"minecraft:wheat":1,"minecraft:magenta_carpet":1,"minecraft:stone_slab":2,"minecraft:oak_stairs":4,"minecraft:enchanted_book":1,"minecraft:crimson_planks":6,"minecraft:string":2825,"minecraft:raw_copper":16,"minecraft:oak_sign":2,"minecraft:cobbled_deepslate":74,"minecraft:black_shulker_box":10,"minecraft:redstone_torch":2,"minecraft:furnace":21,"minecraft:tipped_arrow":1,"minecraft:stick":23,"minecraft:oak_fence":4,"minecraft:torch":10,"minecraft:porkchop":7,"minecraft:diorite":100,"minecraft:rotten_flesh":22,"minecraft:obsidian":4,"minecraft:cobblestone":1591,"minecraft:nautilus_shell":3,"minecraft:birch_log":25,"minecraft:magma_block":2,"minecraft:cooked_beef":2,"minecraft:andesite":99,"minecraft:birch_slab":36,"minecraft:jungle_log":86,"minecraft:brown_wool":1,"minecraft:potato":1,"minecraft:flint":1,"minecraft:tuff":5,"minecraft:magenta_bed":4,"minecraft:lapis_lazuli":44,"minecraft:dirt":192,"minecraft:glass":80,"minecraft:bone":6,"minecraft:bow":11,"minecraft:wheat_seeds":18,"minecraft:raw_gold":5,"minecraft:bell":3,"minecraft:mossy_stone_bricks":2,"minecraft:glowstone_dust":103,"minecraft:powered_rail":6,"minecraft:oak_planks":225,"minecraft:cooked_porkchop":5,"minecraft:sand":1745,"minecraft:mossy_cobblestone":4,"minecraft:diamond":35,"minecraft:granite":62,"minecraft:emerald":1,"minecraft:bread":11,"minecraft:oak_sapling":23,"minecraft:netherrack":245,"minecraft:diamond_pickaxe":1,"minecraft:cocoa_beans":6,"minecraft:crafting_table":3,"minecraft:azure_bluet":1,"minecraft:ominous_bottle":1,"minecraft:packed_ice":287,"minecraft:crimson_trapdoor":1,"minecraft:cracked_stone_bricks":1,"minecraft:beef":6,"minecraft:poppy":202,"minecraft:lectern":102,"minecraft:chest":5,"minecraft:sugar_cane":130,"minecraft:birch_sapling":1,"minecraft:egg":2,"minecraft:raw_iron":462,"minecraft:sandstone":28,"minecraft:stone":23,"minecraft:oak_door":1,"minecraft:copper_ingot":1,"minecraft:carrot":1182,"minecraft:redstone":100,"minecraft:arrow":102,"minecraft:hay_block":21,"minecraft:totem_of_undying":1,"minecraft:mutton":5,"minecraft:rail":5,"minecraft:white_wool":54,"minecraft:stripped_oak_log":5,"minecraft:tripwire_hook":84,"minecraft:leather":9,"minecraft:ice":4,"minecraft:oak_log":306,"minecraft:yellow_bed":2,"minecraft:gunpowder":2,"minecraft:cobblestone_stairs":1,"minecraft:white_banner":2,"minecraft:kelp":6,"minecraft:apple":5,"minecraft:stone_bricks":1,"minecraft:warped_stem":91,"minecraft:iron_ingot":971,"minecraft:stone_pickaxe":1,"minecraft:book":10,"minecraft:quartz":443,"minecraft:dandelion":1,"minecraft:gravel":21,"minecraft:white_bed":1,"minecraft:stone_axe":1,"minecraft:diamond_axe":2,"minecraft:mossy_cobblestone_stairs":1,"minecraft:warped_roots":1,"minecraft:oak_button":33,"minecraft:coal":678},"minecraft:custom":{"minecraft:animals_bred":1,"minecraft:interact_with_crafting_table":67,"minecraft:open_shulker_box":20,"minecraft:bell_ring":2,"minecraft:leave_game":15,"minecraft:time_since_death":257486,"minecraft:sprint_one_cm":1099043,"minecraft:drop":436,"minecraft:talked_to_villager":242,"minecraft:play_time":695344,"minecraft:deaths":18,"minecraft:jump":6521,"minecraft:walk_on_water_one_cm":68446,"minecraft:enchant_item":2,"minecraft:interact_with_furnace":231,"minecraft:traded_with_villager":139,"minecraft:sleep_in_bed":16,"minecraft:damage_dealt":18223,"minecraft:player_kills":5,"minecraft:crouch_one_cm":109176,"minecraft:interact_with_anvil":11,"minecraft:mob_kills":103,"minecraft:inspect_hopper":20,"minecraft:climb_one_cm":59330,"minecraft:walk_one_cm":908759,"minecraft:raid_win":1,"minecraft:sneak_time":47073,"minecraft:walk_under_water_one_cm":100008,"minecraft:interact_with_blast_furnace":15,"minecraft:total_world_time":695344,"minecraft:raid_trigger":1,"minecraft:interact_with_grindstone":7,"minecraft:time_since_rest":109168,"minecraft:damage_taken":8993,"minecraft:minecart_one_cm":14012,"minecraft:swim_one_cm":92262,"minecraft:fly_one_cm":3168806,"minecraft:open_chest":217,"minecraft:fall_one_cm":186121},"minecraft:broken":{"minecraft:diamond_pickaxe":1,"minecraft:golden_axe":1},"minecraft:mined":{"minecraft:black_shulker_box":8,"minecraft:white_bed":1,"minecraft:farmland":4,"minecraft:obsidian":4,"minecraft:granite":64,"minecraft:grass_block":33,"minecraft:jungle_log":86,"minecraft:oak_wall_sign":2,"minecraft:weeping_vines_plant":2,"minecraft:magma_block":2,"minecraft:glowstone":37,"minecraft:mossy_cobblestone_stairs":1,"minecraft:iron_ore":325,"minecraft:azure_bluet":1,"minecraft:dirt_path":2,"minecraft:oak_stairs":4,"minecraft:tripwire":3,"minecraft:crimson_nylium":5,"minecraft:torch":2,"minecraft:chest":3,"minecraft:glass":4,"minecraft:nether_quartz_ore":189,"minecraft:cobblestone":38,"minecraft:sugar_cane":85,"minecraft:oak_planks":12,"minecraft:birch_log":25,"minecraft:magenta_bed":3,"minecraft:warped_fungus":1,"minecraft:oak_log":259,"minecraft:sand":1582,"minecraft:dirt":120,"minecraft:crimson_planks":5,"minecraft:netherrack":246,"minecraft:oak_leaves":56,"minecraft:deepslate":64,"minecraft:tuff":5,"minecraft:mossy_cobblestone":3,"minecraft:deepslate_diamond_ore":10,"minecraft:oak_door":1,"minecraft:white_stained_glass":1,"minecraft:sandstone":30,"minecraft:hay_block":21,"minecraft:redstone_ore":20,"minecraft:furnace":21,"minecraft:carrots":255,"minecraft:andesite":99,"minecraft:bell":2,"minecraft:deepslate_iron_ore":3,"minecraft:vine":6,"minecraft:warped_stem":92,"minecraft:stripped_oak_log":2,"minecraft:packed_ice":402,"minecraft:stone":1379,"minecraft:glass_pane":2,"minecraft:oak_fence":2,"minecraft:crafting_table":1,"minecraft:short_grass":22,"minecraft:warped_roots":3,"minecraft:lectern":100,"minecraft:stone_slab":1,"minecraft:tall_grass":5,"minecraft:copper_ore":2,"minecraft:lapis_ore":6,"minecraft:deepslate_gold_ore":4,"minecraft:diorite":100,"minecraft:warped_wart_block":2,"minecraft:ice":13,"minecraft:yellow_bed":1,"minecraft:coal_ore":414,"minecraft:gravel":37,"minecraft:cracked_stone_bricks":1,"minecraft:stone_bricks":1,"minecraft:gold_ore":1},"minecraft:killed":{"minecraft:zombified_piglin":2,"minecraft:witch":2,"minecraft:spider":2,"minecraft:skeleton":4,"minecraft:piglin":1,"minecraft:pig":1,"minecraft:iron_golem":2,"minecraft:creeper":3,"minecraft:sheep":4,"minecraft:pillager":21,"minecraft:zombie":18,"minecraft:cow":2,"minecraft:evoker":4,"minecraft:vex":3,"minecraft:vindicator":11,"minecraft:horse":3,"minecraft:drowned":10,"minecraft:hoglin":3,"minecraft:villager":4},"minecraft:used":{"minecraft:oak_sign":9,"minecraft:ladder":4,"minecraft:chest":31,"minecraft:stone":2,"minecraft:warped_sign":32,"minecraft:bell":2,"minecraft:soul_sand":1,"minecraft:blue_stained_glass":395,"minecraft:crafter":1,"minecraft:carrot":333,"minecraft:glass":1686,"minecraft:packed_ice":325,"minecraft:lava_bucket":10,"minecraft:villager_spawn_egg":55,"minecraft:quartz_slab":709,"minecraft:quartz_block":14,"minecraft:magma_block":3,"minecraft:ominous_bottle":1,"minecraft:furnace":27,"minecraft:acacia_fence":272,"minecraft:egg":2,"minecraft:diorite":15,"minecraft:stone_pickaxe":75,"minecraft:red_stained_glass":149,"minecraft:powered_rail":44,"minecraft:oak_planks":20,"minecraft:wooden_pickaxe":12,"minecraft:sandstone":6,"minecraft:diamond_axe":736,"minecraft:sugar_cane":21,"minecraft:white_wool":4,"minecraft:sand":16,"minecraft:blast_furnace":4,"minecraft:sponge":7,"minecraft:chiseled_quartz_block":208,"minecraft:ochre_froglight":39,"minecraft:redstone_torch":40,"minecraft:bread":18,"minecraft:string":130,"minecraft:lectern":100,"minecraft:oak_pressure_plate":13,"minecraft:diamond_sword":105,"minecraft:grindstone":1,"minecraft:white_stained_glass":376,"minecraft:andesite":5,"minecraft:chain":42,"minecraft:golden_pickaxe":3,"minecraft:oak_fence":22,"minecraft:enchanting_table":1,"minecraft:redstone":18,"minecraft:stone_hoe":104,"minecraft:netherrack":48,"minecraft:torch":12,"minecraft:dirt":38,"minecraft:anvil":2,"minecraft:hopper":20,"minecraft:granite":3,"minecraft:warped_pressure_plate":41,"minecraft:wooden_axe":6,"minecraft:yellow_stained_glass":321,"minecraft:totem_of_undying":1,"minecraft:crimson_planks":28,"minecraft:tripwire_hook":40,"minecraft:glowstone":12,"minecraft:goat_horn":7,"minecraft:minecart":13,"minecraft:cooked_beef":66,"minecraft:golden_axe":32,"minecraft:water_bucket":68,"minecraft:birch_planks":22,"minecraft:black_shulker_box":8,"minecraft:green_bed":63,"minecraft:mossy_cobblestone":1,"minecraft:rail":452,"minecraft:comparator":10,"minecraft:oak_slab":3,"minecraft:magenta_bed":16,"minecraft:crafting_table":6,"minecraft:crimson_trapdoor":1,"minecraft:white_bed":1,"minecraft:magenta_carpet":136,"minecraft:oak_log":1,"minecraft:diamond_pickaxe":3222,"minecraft:activator_rail":2,"minecraft:apple":4,"minecraft:diamond_shovel":1726,"minecraft:oak_button":72,"minecraft:iron_pickaxe":182,"minecraft:netherite_axe":2,"minecraft:detector_rail":12,"minecraft:stone_slab":2,"minecraft:stone_axe":73,"minecraft:cobblestone":51,"minecraft:white_banner":1,"minecraft:yellow_bed":2,"minecraft:stripped_oak_log":1,"minecraft:kelp":14,"minecraft:pillager_spawn_egg":1},"minecraft:dropped":{"minecraft:birch_planks":6,"minecraft:porkchop":2,"minecraft:diamond_axe":4,"minecraft:cooked_beef":7,"minecraft:oak_log":112,"minecraft:golden_pickaxe":1,"minecraft:diamond":1,"minecraft:crafting_table":1,"minecraft:crafter":1,"minecraft:leather":2,"minecraft:cracked_stone_bricks":1,"minecraft:flint":1,"minecraft:emerald":1,"minecraft:cobblestone_stairs":1,"minecraft:dirt":127,"minecraft:crimson_trapdoor":1,"minecraft:packed_ice":65,"minecraft:ice":4,"minecraft:mutton":2,"minecraft:black_shulker_box":11,"minecraft:chain":1,"minecraft:sand":1,"minecraft:iron_pickaxe":1,"minecraft:white_wool":106,"minecraft:bone":2,"minecraft:oak_door":1,"minecraft:gravel":7,"minecraft:stone_axe":1,"minecraft:sugar_cane":1,"minecraft:pillager_spawn_egg":1,"minecraft:detector_rail":1,"minecraft:cobbled_deepslate":36,"minecraft:birch_sapling":1,"minecraft:wheat":1,"minecraft:rotten_flesh":14,"minecraft:oak_planks":70,"minecraft:glowstone_dust":2,"minecraft:azure_bluet":1,"minecraft:blue_stained_glass":2,"minecraft:carrot":801,"minecraft:poppy":138,"minecraft:tipped_arrow":1,"minecraft:quartz_block":1,"minecraft:hopper":1,"minecraft:chest":2,"minecraft:glass":87,"minecraft:arrow":101,"minecraft:powered_rail":3,"minecraft:beef":2,"minecraft:quartz":441,"minecraft:netherrack":197,"minecraft:lectern":4,"minecraft:crimson_planks":7,"minecraft:stone_hoe":1,"minecraft:iron_ingot":700,"minecraft:oak_slab":1,"minecraft:wheat_seeds":17,"minecraft:mossy_cobblestone":3,"minecraft:minecart":1,"minecraft:bookshelf":1,"minecraft:oak_fence":3,"minecraft:cobblestone":277,"minecraft:granite":24,"minecraft:command_block":2,"minecraft:activator_rail":1,"minecraft:copper_ingot":1,"minecraft:stick":39,"minecraft:diorite":56,"minecraft:torch":6,"minecraft:wooden_axe":1,"minecraft:brown_wool":1,"minecraft:oak_stairs":4,"minecraft:mossy_cobblestone_stairs":1,"minecraft:paper":1,"minecraft:string":109,"minecraft:tripwire_hook":23,"minecraft:dandelion":1,"minecraft:redstone":2,"minecraft:anvil":1,"minecraft:chiseled_quartz_block":1,"minecraft:raw_copper":16,"minecraft:cocoa_beans":6,"minecraft:green_bed":1,"minecraft:raw_iron":3,"minecraft:stripped_oak_log":4,"minecraft:stone_slab":66,"minecraft:name_tag":1,"minecraft:totem_of_undying":1,"minecraft:potato":1,"minecraft:stone":1,"minecraft:oak_button":2,"minecraft:diamond_pickaxe":2,"minecraft:andesite":12,"minecraft:mossy_stone_bricks":2,"minecraft:oak_sapling":23,"minecraft:redstone_torch":7,"minecraft:stone_bricks":1,"minecraft:sandstone":22,"minecraft:bow":11,"minecraft:stone_pickaxe":1,"minecraft:wooden_pickaxe":1,"minecraft:nautilus_shell":2,"minecraft:magma_block":2},"minecraft:killed_by":{"minecraft:creeper":1,"minecraft:drowned":3,"minecraft:iron_golem":1,"minecraft:skeleton":2}},"DataVersion":3953}