{"stats":{"minecraft:crafted":{"minecraft:oak_planks":772,"minecraft:smooth_stone":12,"minecraft:cobblestone_slab":762,"minecraft:chain":40,"minecraft:stone":95,"minecraft:diamond_shovel":1,"minecraft:bookshelf":1,"minecraft:warped_planks":256,"minecraft:glass":1600,"minecraft:diamond_helmet":1,"minecraft:diamond_leggings":1,"minecraft:chest":18,"minecraft:oak_button":1,"minecraft:rail":144,"minecraft:stone_hoe":1,"minecraft:oak_fence":297,"minecraft:emerald":126,"minecraft:arrow":128,"minecraft:diamond_axe":1,"minecraft:crafting_table":5,"minecraft:wooden_pickaxe":1,"minecraft:birch_planks":52,"minecraft:book":5,"minecraft:paper":66,"minecraft:diamond_pickaxe":4,"minecraft:stick":456,"minecraft:stone_slab":66,"minecraft:iron_ingot":432,"minecraft:iron_pickaxe":1,"minecraft:iron_block":3,"minecraft:redstone_torch":5,"minecraft:iron_nugget":180,"minecraft:furnace":25,"minecraft:blast_furnace":4,"minecraft:white_carpet":150,"minecraft:stone_pickaxe":1,"minecraft:diamond_boots":1,"minecraft:wheat":189,"minecraft:cooked_beef":4,"minecraft:enchanting_table":1,"minecraft:stone_axe":1,"minecraft:glowstone":16,"minecraft:enchanted_book":12,"minecraft:bread":18,"minecraft:air":0,"minecraft:jungle_planks":344,"minecraft:white_wool":382,"minecraft:warped_sign":30,"minecraft:wooden_axe":1,"minecraft:warped_pressure_plate":28,"minecraft:anvil":1,"minecraft:white_bed":60,"minecraft:torch":16,"minecraft:diamond_chestplate":1},"minecraft:picked_up":{"minecraft:shulker_shell":4,"minecraft:wheat":1,"minecraft:magenta_carpet":1,"minecraft:stone_slab":2,"minecraft:oak_stairs":4,"minecraft:wither_rose":23,"minecraft:enchanted_book":1,"minecraft:crimson_planks":6,"minecraft:amethyst_block":70,"minecraft:string":2826,"minecraft:raw_copper":16,"minecraft:oak_sign":3,"minecraft:black_shulker_box":10,"minecraft:cobbled_deepslate":204,"minecraft:redstone_torch":2,"minecraft:calcite":45,"minecraft:furnace":21,"minecraft:tipped_arrow":6,"minecraft:stick":23,"minecraft:oak_fence":4,"minecraft:torch":11,"minecraft:porkchop":7,"minecraft:diorite":100,"minecraft:rotten_flesh":30,"minecraft:obsidian":4,"minecraft:iron_bars":12,"minecraft:cobblestone":1761,"minecraft:nautilus_shell":3,"minecraft:birch_log":25,"minecraft:magma_block":2,"minecraft:feather":35,"minecraft:cooked_beef":11,"minecraft:andesite":99,"minecraft:birch_slab":36,"minecraft:jungle_log":86,"minecraft:brown_wool":1,"minecraft:potato":1,"minecraft:flint":1,"minecraft:tuff":14,"minecraft:magenta_bed":4,"minecraft:lapis_lazuli":44,"minecraft:dirt":196,"minecraft:glass":115,"minecraft:bone":6,"minecraft:bow":11,"minecraft:wheat_seeds":20,"minecraft:raw_gold":5,"minecraft:bell":3,"minecraft:mossy_stone_bricks":2,"minecraft:glowstone_dust":103,"minecraft:powered_rail":6,"minecraft:oak_planks":225,"minecraft:cooked_porkchop":5,"minecraft:sand":1745,"minecraft:mossy_cobblestone":4,"minecraft:diamond":35,"minecraft:crossbow":4,"minecraft:granite":64,"minecraft:emerald":1,"minecraft:bread":11,"minecraft:oak_sapling":23,"minecraft:netherrack":248,"minecraft:diamond_pickaxe":1,"minecraft:cocoa_beans":6,"minecraft:crafting_table":3,"minecraft:chicken":30,"minecraft:azure_bluet":1,"minecraft:ominous_bottle":1,"minecraft:packed_ice":287,"minecraft:crimson_trapdoor":1,"minecraft:purpur_block":3,"minecraft:elytra":1,"minecraft:cracked_stone_bricks":1,"minecraft:beef":6,"minecraft:poppy":204,"minecraft:lectern":102,"minecraft:chest":5,"minecraft:sugar_cane":130,"minecraft:birch_sapling":1,"minecraft:egg":2,"minecraft:raw_iron":462,"minecraft:sandstone":28,"minecraft:end_stone":5,"minecraft:stone":23,"minecraft:oak_door":1,"minecraft:copper_ingot":1,"minecraft:carrot":1182,"minecraft:redstone":100,"minecraft:arrow":111,"minecraft:hay_block":21,"minecraft:totem_of_undying":1,"minecraft:mutton":5,"minecraft:rail":5,"minecraft:white_wool":54,"minecraft:stripped_oak_log":5,"minecraft:basalt":2,"minecraft:tripwire_hook":84,"minecraft:leather":15,"minecraft:ice":4,"minecraft:oak_log":307,"minecraft:yellow_bed":2,"minecraft:gunpowder":2,"minecraft:cobblestone_stairs":1,"minecraft:white_banner":2,"minecraft:apple":5,"minecraft:stone_bricks":1,"minecraft:kelp":16,"minecraft:warped_stem":91,"minecraft:iron_ingot":979,"minecraft:stone_pickaxe":1,"minecraft:book":12,"minecraft:smooth_basalt":15,"minecraft:quartz":443,"minecraft:dandelion":1,"minecraft:gravel":21,"minecraft:amethyst_shard":8,"minecraft:white_bed":1,"minecraft:stone_axe":1,"minecraft:diamond_axe":2,"minecraft:mossy_cobblestone_stairs":1,"minecraft:warped_roots":1,"minecraft:oak_button":33,"minecraft:coal":678},"minecraft:custom":{"minecraft:animals_bred":1,"minecraft:interact_with_crafting_table":69,"minecraft:open_shulker_box":20,"minecraft:bell_ring":2,"minecraft:leave_game":16,"minecraft:time_since_death":14539,"minecraft:sprint_one_cm":1255781,"minecraft:drop":496,"minecraft:talked_to_villager":247,"minecraft:play_time":755295,"minecraft:deaths":24,"minecraft:jump":7793,"minecraft:interact_with_brewingstand":2,"minecraft:walk_on_water_one_cm":75986,"minecraft:enchant_item":2,"minecraft:interact_with_furnace":232,"minecraft:traded_with_villager":147,"minecraft:sleep_in_bed":16,"minecraft:open_enderchest":1,"minecraft:damage_dealt":21807,"minecraft:player_kills":5,"minecraft:crouch_one_cm":117675,"minecraft:interact_with_anvil":11,"minecraft:mob_kills":122,"minecraft:inspect_hopper":20,"minecraft:climb_one_cm":67674,"minecraft:walk_one_cm":1009553,"minecraft:raid_win":1,"minecraft:sneak_time":49241,"minecraft:walk_under_water_one_cm":136806,"minecraft:interact_with_blast_furnace":15,"minecraft:total_world_time":755295,"minecraft:raid_trigger":1,"minecraft:interact_with_grindstone":7,"minecraft:time_since_rest":14572,"minecraft:damage_taken":11874,"minecraft:minecart_one_cm":14012,"minecraft:swim_one_cm":96352,"minecraft:fly_one_cm":3525882,"minecraft:open_chest":286,"minecraft:aviate_one_cm":10104,"minecraft:fall_one_cm":225069},"minecraft:broken":{"minecraft:diamond_pickaxe":1,"minecraft:golden_axe":1},"minecraft:mined":{"minecraft:black_shulker_box":8,"minecraft:white_bed":1,"minecraft:farmland":4,"minecraft:obsidian":4,"minecraft:granite":66,"minecraft:grass_block":33,"minecraft:jungle_log":86,"minecraft:oak_wall_sign":2,"minecraft:weeping_vines_plant":2,"minecraft:magma_block":2,"minecraft:glowstone":37,"minecraft:mossy_cobblestone_stairs":1,"minecraft:iron_ore":325,"minecraft:cobbled_deepslate":1,"minecraft:azure_bluet":1,"minecraft:dirt_path":2,"minecraft:iron_bars":1,"minecraft:oak_stairs":4,"minecraft:tripwire":3,"minecraft:crimson_nylium":5,"minecraft:torch":2,"minecraft:chest":3,"minecraft:glass":8,"minecraft:nether_quartz_ore":189,"minecraft:cobblestone":38,"minecraft:sugar_cane":85,"minecraft:oak_planks":12,"minecraft:birch_log":25,"minecraft:magenta_bed":3,"minecraft:warped_fungus":1,"minecraft:oak_log":259,"minecraft:sand":1582,"minecraft:dirt":121,"minecraft:crimson_planks":5,"minecraft:netherrack":249,"minecraft:oak_leaves":56,"minecraft:deepslate":64,"minecraft:tuff":5,"minecraft:mossy_cobblestone":3,"minecraft:deepslate_diamond_ore":10,"minecraft:oak_door":1,"minecraft:end_stone":3,"minecraft:white_stained_glass":1,"minecraft:sandstone":30,"minecraft:hay_block":21,"minecraft:redstone_ore":20,"minecraft:furnace":21,"minecraft:carrots":255,"minecraft:andesite":99,"minecraft:bell":2,"minecraft:deepslate_iron_ore":3,"minecraft:vine":6,"minecraft:warped_stem":92,"minecraft:stripped_oak_log":2,"minecraft:packed_ice":402,"minecraft:stone":1510,"minecraft:glass_pane":2,"minecraft:magenta_stained_glass":2,"minecraft:basalt":1,"minecraft:oak_fence":2,"minecraft:crafting_table":1,"minecraft:short_grass":22,"minecraft:warped_roots":3,"minecraft:lectern":100,"minecraft:stone_slab":1,"minecraft:tall_grass":5,"minecraft:copper_ore":2,"minecraft:lapis_ore":6,"minecraft:deepslate_gold_ore":4,"minecraft:diorite":100,"minecraft:warped_wart_block":2,"minecraft:ice":13,"minecraft:yellow_bed":1,"minecraft:coal_ore":414,"minecraft:gravel":37,"minecraft:cracked_stone_bricks":1,"minecraft:stone_bricks":1,"minecraft:gold_ore":1},"minecraft:killed":{"minecraft:zombified_piglin":2,"minecraft:witch":2,"minecraft:spider":2,"minecraft:shulker":8,"minecraft:skeleton":4,"minecraft:piglin":1,"minecraft:pig":1,"minecraft:iron_golem":2,"minecraft:creeper":3,"minecraft:sheep":4,"minecraft:pillager":21,"minecraft:zombie":18,"minecraft:blaze":1,"minecraft:cow":4,"minecraft:evoker":4,"minecraft:vex":3,"minecraft:vindicator":11,"minecraft:horse":3,"minecraft:drowned":15,"minecraft:hoglin":3,"minecraft:wither_skeleton":3,"minecraft:villager":4},"minecraft:used":{"minecraft:elytra":2,"minecraft:oak_sign":22,"minecraft:ladder":7,"minecraft:chest":31,"minecraft:stone":2,"minecraft:warped_sign":32,"minecraft:bell":2,"minecraft:mangrove_hanging_sign":13,"minecraft:soul_sand":3,"minecraft:blue_stained_glass":395,"minecraft:crafter":1,"minecraft:carrot":333,"minecraft:glass":1686,"minecraft:packed_ice":325,"minecraft:lava_bucket":10,"minecraft:villager_spawn_egg":55,"minecraft:quartz_slab":709,"minecraft:quartz_block":14,"minecraft:magma_block":9,"minecraft:ominous_bottle":1,"minecraft:furnace":27,"minecraft:acacia_fence":272,"minecraft:egg":2,"minecraft:diorite":15,"minecraft:stone_pickaxe":75,"minecraft:red_stained_glass":149,"minecraft:powered_rail":44,"minecraft:oak_planks":20,"minecraft:wooden_pickaxe":12,"minecraft:sandstone":6,"minecraft:diamond_axe":736,"minecraft:sugar_cane":21,"minecraft:white_wool":4,"minecraft:sand":29,"minecraft:blast_furnace":4,"minecraft:crossbow":44,"minecraft:sponge":11,"minecraft:chiseled_quartz_block":208,"minecraft:ochre_froglight":39,"minecraft:redstone_torch":40,"minecraft:bread":18,"minecraft:string":131,"minecraft:lectern":100,"minecraft:oak_pressure_plate":13,"minecraft:diamond_sword":179,"minecraft:grindstone":1,"minecraft:white_stained_glass":478,"minecraft:andesite":5,"minecraft:chain":42,"minecraft:golden_pickaxe":3,"minecraft:oak_fence":22,"minecraft:enchanting_table":1,"minecraft:redstone":18,"minecraft:stone_hoe":104,"minecraft:netherrack":51,"minecraft:torch":16,"minecraft:dirt":38,"minecraft:anvil":2,"minecraft:hopper":20,"minecraft:nether_brick_slab":2,"minecraft:warped_pressure_plate":41,"minecraft:granite":3,"minecraft:shroomlight":4,"minecraft:wooden_axe":6,"minecraft:yellow_stained_glass":321,"minecraft:warped_fence":35,"minecraft:totem_of_undying":1,"minecraft:crimson_planks":52,"minecraft:tripwire_hook":40,"minecraft:glowstone":12,"minecraft:goat_horn":7,"minecraft:minecart":13,"minecraft:cooked_beef":84,"minecraft:golden_axe":32,"minecraft:water_bucket":75,"minecraft:amethyst_block":1,"minecraft:birch_planks":22,"minecraft:black_shulker_box":8,"minecraft:white_dye":4,"minecraft:green_bed":63,"minecraft:glow_ink_sac":5,"minecraft:magenta_bed":16,"minecraft:mossy_cobblestone":1,"minecraft:rail":452,"minecraft:comparator":10,"minecraft:crafting_table":6,"minecraft:oak_slab":3,"minecraft:crimson_trapdoor":1,"minecraft:white_bed":1,"minecraft:magenta_carpet":136,"minecraft:oak_log":1,"minecraft:activator_rail":2,"minecraft:diamond_pickaxe":3366,"minecraft:apple":4,"minecraft:diamond_shovel":1726,"minecraft:oak_button":72,"minecraft:iron_pickaxe":182,"minecraft:netherite_axe":2,"minecraft:detector_rail":12,"minecraft:stone_slab":2,"minecraft:stone_axe":73,"minecraft:cobblestone":175,"minecraft:white_banner":1,"minecraft:warped_fence_gate":1,"minecraft:bucket":5,"minecraft:yellow_bed":2,"minecraft:stripped_oak_log":1,"minecraft:kelp":39,"minecraft:pillager_spawn_egg":1},"minecraft:dropped":{"minecraft:birch_planks":6,"minecraft:porkchop":2,"minecraft:diamond_axe":4,"minecraft:cooked_beef":7,"minecraft:oak_log":113,"minecraft:glow_ink_sac":2,"minecraft:golden_pickaxe":1,"minecraft:diamond":1,"minecraft:crafting_table":1,"minecraft:crossbow":4,"minecraft:crafter":1,"minecraft:leather":8,"minecraft:cracked_stone_bricks":1,"minecraft:flint":1,"minecraft:emerald":1,"minecraft:cobblestone_stairs":1,"minecraft:dirt":131,"minecraft:crimson_trapdoor":1,"minecraft:packed_ice":65,"minecraft:ice":4,"minecraft:mutton":2,"minecraft:black_shulker_box":11,"minecraft:chain":1,"minecraft:amethyst_shard":8,"minecraft:sand":2,"minecraft:iron_pickaxe":1,"minecraft:white_wool":106,"minecraft:bone":2,"minecraft:oak_door":1,"minecraft:gravel":7,"minecraft:stone_axe":1,"minecraft:purpur_block":3,"minecraft:sugar_cane":1,"minecraft:pillager_spawn_egg":1,"minecraft:detector_rail":1,"minecraft:cobbled_deepslate":165,"minecraft:birch_sapling":1,"minecraft:wheat":1,"minecraft:rotten_flesh":22,"minecraft:oak_planks":70,"minecraft:diamond_shovel":1,"minecraft:end_stone":5,"minecraft:glowstone_dust":2,"minecraft:azure_bluet":1,"minecraft:blue_stained_glass":2,"minecraft:carrot":801,"minecraft:poppy":140,"minecraft:tipped_arrow":1,"minecraft:quartz_block":1,"minecraft:hopper":1,"minecraft:chest":2,"minecraft:white_dye":1,"minecraft:basalt":2,"minecraft:iron_bars":12,"minecraft:glass":122,"minecraft:arrow":101,"minecraft:powered_rail":3,"minecraft:beef":2,"minecraft:quartz":441,"minecraft:netherrack":197,"minecraft:lectern":4,"minecraft:crimson_planks":7,"minecraft:stone_hoe":1,"minecraft:water_bucket":1,"minecraft:iron_ingot":708,"minecraft:oak_slab":1,"minecraft:wheat_seeds":19,"minecraft:mossy_cobblestone":3,"minecraft:minecart":1,"minecraft:bookshelf":1,"minecraft:diamond_leggings":1,"minecraft:oak_fence":3,"minecraft:feather":35,"minecraft:cobblestone":387,"minecraft:book":2,"minecraft:amethyst_block":69,"minecraft:granite":26,"minecraft:command_block":2,"minecraft:activator_rail":1,"minecraft:copper_ingot":1,"minecraft:mangrove_hanging_sign":1,"minecraft:stick":39,"minecraft:diorite":56,"minecraft:torch":6,"minecraft:wooden_axe":1,"minecraft:brown_wool":1,"minecraft:oak_stairs":4,"minecraft:mossy_cobblestone_stairs":1,"minecraft:paper":1,"minecraft:string":111,"minecraft:tripwire_hook":23,"minecraft:smooth_basalt":15,"minecraft:dandelion":1,"minecraft:redstone":2,"minecraft:nether_brick_slab":1,"minecraft:anvil":1,"minecraft:kelp":10,"minecraft:chiseled_quartz_block":1,"minecraft:raw_copper":16,"minecraft:cocoa_beans":6,"minecraft:tuff":9,"minecraft:green_bed":1,"minecraft:raw_iron":3,"minecraft:chicken":30,"minecraft:stripped_oak_log":4,"minecraft:stone_slab":66,"minecraft:name_tag":1,"minecraft:oak_sign":1,"minecraft:totem_of_undying":1,"minecraft:potato":1,"minecraft:shroomlight":1,"minecraft:stone":1,"minecraft:oak_button":2,"minecraft:diamond_pickaxe":2,"minecraft:andesite":12,"minecraft:warped_fence":2,"minecraft:mossy_stone_bricks":2,"minecraft:oak_sapling":23,"minecraft:redstone_torch":7,"minecraft:stone_bricks":1,"minecraft:sandstone":22,"minecraft:bow":11,"minecraft:stone_pickaxe":1,"minecraft:wooden_pickaxe":1,"minecraft:calcite":45,"minecraft:nautilus_shell":2,"minecraft:magma_block":3},"minecraft:killed_by":{"minecraft:creeper":1,"minecraft:drowned":3,"minecraft:player":1,"minecraft:enderman":1,"minecraft:iron_golem":1,"minecraft:skeleton":2,"minecraft:wither":1}},"DataVersion":3953}