{"stats":{"minecraft:used":{"minecraft:oak_fence":22,"minecraft:enchanting_table":1,"minecraft:ladder":4,"minecraft:chest":8,"minecraft:bell":2,"minecraft:stone_hoe":104,"minecraft:netherrack":30,"minecraft:torch":3,"minecraft:dirt":29,"minecraft:carrot":327,"minecraft:granite":3,"minecraft:wooden_axe":6,"minecraft:glowstone":12,"minecraft:goat_horn":5,"minecraft:furnace":27,"minecraft:egg":2,"minecraft:cooked_beef":28,"minecraft:golden_axe":32,"minecraft:diorite":15,"minecraft:birch_planks":22,"minecraft:stone_pickaxe":75,"minecraft:oak_planks":11,"minecraft:sandstone":6,"minecraft:wooden_pickaxe":12,"minecraft:diamond_axe":375,"minecraft:sugar_cane":21,"minecraft:white_wool":4,"minecraft:mossy_cobblestone":1,"minecraft:sand":16,"minecraft:crafting_table":6,"minecraft:magenta_bed":16,"minecraft:white_bed":1,"minecraft:oak_log":1,"minecraft:diamond_pickaxe":1229,"minecraft:apple":1,"minecraft:diamond_shovel":1667,"minecraft:bread":18,"minecraft:string":6,"minecraft:iron_pickaxe":182,"minecraft:stone_axe":73,"minecraft:cobblestone":29,"minecraft:andesite":5,"minecraft:yellow_bed":2,"minecraft:stripped_oak_log":1,"minecraft:golden_pickaxe":3},"minecraft:picked_up":{"minecraft:crafting_table":3,"minecraft:wheat":1,"minecraft:azure_bluet":1,"minecraft:oak_stairs":1,"minecraft:crimson_planks":5,"minecraft:string":1306,"minecraft:cracked_stone_bricks":1,"minecraft:cobbled_deepslate":37,"minecraft:beef":6,"minecraft:poppy":2,"minecraft:sugar_cane":129,"minecraft:birch_sapling":1,"minecraft:egg":2,"minecraft:furnace":11,"minecraft:sandstone":28,"minecraft:stick":14,"minecraft:raw_iron":125,"minecraft:oak_fence":4,"minecraft:copper_ingot":1,"minecraft:torch":7,"minecraft:porkchop":7,"minecraft:diorite":40,"minecraft:carrot":1127,"minecraft:arrow":3,"minecraft:rotten_flesh":16,"minecraft:hay_block":21,"minecraft:obsidian":4,"minecraft:mutton":5,"minecraft:white_wool":51,"minecraft:cobblestone":714,"minecraft:nautilus_shell":1,"minecraft:stripped_oak_log":5,"minecraft:birch_log":25,"minecraft:cooked_beef":2,"minecraft:andesite":57,"minecraft:brown_wool":1,"minecraft:leather":9,"minecraft:potato":1,"minecraft:tuff":5,"minecraft:oak_log":302,"minecraft:magenta_bed":4,"minecraft:yellow_bed":2,"minecraft:gunpowder":2,"minecraft:cobblestone_stairs":1,"minecraft:lapis_lazuli":44,"minecraft:dirt":135,"minecraft:glass":78,"minecraft:bone":6,"minecraft:apple":4,"minecraft:stone_bricks":1,"minecraft:wheat_seeds":9,"minecraft:iron_ingot":4,"minecraft:raw_gold":5,"minecraft:bell":3,"minecraft:stone_pickaxe":1,"minecraft:glowstone_dust":103,"minecraft:oak_planks":218,"minecraft:quartz":6,"minecraft:dandelion":1,"minecraft:sand":1745,"minecraft:gravel":9,"minecraft:white_bed":1,"minecraft:mossy_cobblestone":1,"minecraft:diamond":35,"minecraft:stone_axe":1,"minecraft:granite":40,"minecraft:mossy_cobblestone_stairs":1,"minecraft:bread":11,"minecraft:oak_button":1,"minecraft:oak_sapling":22,"minecraft:netherrack":36,"minecraft:coal":353,"minecraft:diamond_pickaxe":1},"minecraft:crafted":{"minecraft:oak_planks":756,"minecraft:cobblestone_slab":762,"minecraft:furnace":25,"minecraft:diamond_shovel":1,"minecraft:white_carpet":150,"minecraft:glass":1600,"minecraft:stone_pickaxe":1,"minecraft:chest":8,"minecraft:oak_button":1,"minecraft:stone_hoe":1,"minecraft:oak_fence":297,"minecraft:wheat":189,"minecraft:cooked_beef":4,"minecraft:diamond_axe":1,"minecraft:crafting_table":5,"minecraft:enchanting_table":1,"minecraft:wooden_pickaxe":1,"minecraft:birch_planks":52,"minecraft:stone_axe":1,"minecraft:glowstone":16,"minecraft:bread":18,"minecraft:air":0,"minecraft:white_wool":382,"minecraft:book":5,"minecraft:paper":66,"minecraft:diamond_pickaxe":3,"minecraft:stick":280,"minecraft:iron_ingot":115,"minecraft:iron_pickaxe":1,"minecraft:wooden_axe":1,"minecraft:white_bed":60},"minecraft:mined":{"minecraft:tuff":5,"minecraft:white_bed":1,"minecraft:farmland":4,"minecraft:deepslate_diamond_ore":10,"minecraft:obsidian":4,"minecraft:granite":40,"minecraft:grass_block":28,"minecraft:sandstone":30,"minecraft:hay_block":21,"minecraft:weeping_vines_plant":2,"minecraft:glowstone":37,"minecraft:furnace":11,"minecraft:carrots":242,"minecraft:mossy_cobblestone_stairs":1,"minecraft:iron_ore":122,"minecraft:andesite":57,"minecraft:azure_bluet":1,"minecraft:bell":2,"minecraft:dirt_path":2,"minecraft:oak_stairs":1,"minecraft:stripped_oak_log":2,"minecraft:stone":740,"minecraft:tripwire":3,"minecraft:oak_fence":2,"minecraft:crafting_table":1,"minecraft:torch":2,"minecraft:short_grass":17,"minecraft:copper_ore":1,"minecraft:nether_quartz_ore":3,"minecraft:tall_grass":5,"minecraft:cobblestone":6,"minecraft:lapis_ore":6,"minecraft:deepslate_gold_ore":4,"minecraft:sugar_cane":85,"minecraft:oak_planks":8,"minecraft:diorite":42,"minecraft:birch_log":25,"minecraft:magenta_bed":2,"minecraft:yellow_bed":1,"minecraft:oak_log":255,"minecraft:coal_ore":318,"minecraft:sand":1582,"minecraft:gravel":23,"minecraft:dirt":77,"minecraft:crimson_planks":4,"minecraft:cracked_stone_bricks":1,"minecraft:stone_bricks":1,"minecraft:netherrack":39,"minecraft:gold_ore":1,"minecraft:oak_leaves":31,"minecraft:deepslate":37},"minecraft:killed":{"minecraft:spider":2,"minecraft:skeleton":3,"minecraft:horse":3,"minecraft:drowned":8,"minecraft:piglin":1,"minecraft:pig":1,"minecraft:iron_golem":1,"minecraft:creeper":2,"minecraft:hoglin":2,"minecraft:sheep":4,"minecraft:zombie":13,"minecraft:cow":2},"minecraft:killed_by":{"minecraft:creeper":1,"minecraft:skeleton":1},"minecraft:dropped":{"minecraft:crimson_planks":5,"minecraft:stone_hoe":1,"minecraft:iron_ingot":8,"minecraft:birch_planks":6,"minecraft:porkchop":2,"minecraft:wheat_seeds":9,"minecraft:cooked_beef":2,"minecraft:oak_log":112,"minecraft:golden_pickaxe":1,"minecraft:diamond":1,"minecraft:crafting_table":1,"minecraft:oak_fence":3,"minecraft:cobblestone":80,"minecraft:leather":2,"minecraft:granite":2,"minecraft:cracked_stone_bricks":1,"minecraft:command_block":2,"minecraft:copper_ingot":1,"minecraft:stick":37,"minecraft:cobblestone_stairs":1,"minecraft:dirt":93,"minecraft:diorite":8,"minecraft:torch":2,"minecraft:mutton":2,"minecraft:wooden_axe":1,"minecraft:brown_wool":1,"minecraft:oak_stairs":1,"minecraft:sand":1,"minecraft:mossy_cobblestone_stairs":1,"minecraft:iron_pickaxe":1,"minecraft:string":86,"minecraft:white_wool":103,"minecraft:dandelion":1,"minecraft:bone":2,"minecraft:gravel":3,"minecraft:stone_axe":1,"minecraft:birch_sapling":1,"minecraft:wheat":1,"minecraft:raw_iron":3,"minecraft:rotten_flesh":8,"minecraft:oak_planks":63,"minecraft:stripped_oak_log":4,"minecraft:glowstone_dust":2,"minecraft:azure_bluet":1,"minecraft:carrot":799,"minecraft:poppy":2,"minecraft:potato":1,"minecraft:oak_button":2,"minecraft:diamond_pickaxe":1,"minecraft:oak_sapling":22,"minecraft:stone_bricks":1,"minecraft:glass":78,"minecraft:sandstone":22,"minecraft:beef":2,"minecraft:arrow":2,"minecraft:wooden_pickaxe":1,"minecraft:stone_pickaxe":1,"minecraft:nautilus_shell":1,"minecraft:quartz":6,"minecraft:netherrack":6},"minecraft:custom":{"minecraft:mob_kills":43,"minecraft:animals_bred":1,"minecraft:interact_with_crafting_table":45,"minecraft:bell_ring":2,"minecraft:leave_game":3,"minecraft:time_since_death":3765,"minecraft:climb_one_cm":29218,"minecraft:sprint_one_cm":681420,"minecraft:walk_one_cm":426920,"minecraft:drop":275,"minecraft:talked_to_villager":15,"minecraft:play_time":258423,"minecraft:sneak_time":11371,"minecraft:deaths":10,"minecraft:walk_under_water_one_cm":8139,"minecraft:jump":3696,"minecraft:walk_on_water_one_cm":23983,"minecraft:enchant_item":2,"minecraft:total_world_time":258423,"minecraft:interact_with_furnace":152,"minecraft:sleep_in_bed":6,"minecraft:time_since_rest":2275,"minecraft:damage_taken":4736,"minecraft:damage_dealt":8647,"minecraft:swim_one_cm":50016,"minecraft:player_kills":1,"minecraft:fly_one_cm":737790,"minecraft:open_chest":100,"minecraft:crouch_one_cm":35306,"minecraft:fall_one_cm":116030},"minecraft:broken":{"minecraft:golden_axe":1}},"DataVersion":3953}