{"stats":{"minecraft:used":{"minecraft:oak_fence":22,"minecraft:enchanting_table":1,"minecraft:ladder":4,"minecraft:oak_sign":1,"minecraft:chest":8,"minecraft:bell":2,"minecraft:stone_hoe":104,"minecraft:netherrack":30,"minecraft:torch":3,"minecraft:dirt":37,"minecraft:carrot":327,"minecraft:granite":3,"minecraft:wooden_axe":6,"minecraft:villager_spawn_egg":1,"minecraft:tripwire_hook":40,"minecraft:glowstone":12,"minecraft:ominous_bottle":1,"minecraft:goat_horn":5,"minecraft:furnace":27,"minecraft:egg":2,"minecraft:cooked_beef":45,"minecraft:golden_axe":32,"minecraft:diorite":15,"minecraft:birch_planks":22,"minecraft:stone_pickaxe":75,"minecraft:oak_planks":11,"minecraft:wooden_pickaxe":12,"minecraft:sandstone":6,"minecraft:diamond_axe":534,"minecraft:sugar_cane":21,"minecraft:white_wool":4,"minecraft:mossy_cobblestone":1,"minecraft:sand":16,"minecraft:magenta_bed":16,"minecraft:crafting_table":6,"minecraft:white_bed":1,"minecraft:oak_log":1,"minecraft:diamond_pickaxe":1830,"minecraft:apple":2,"minecraft:diamond_shovel":1717,"minecraft:iron_pickaxe":182,"minecraft:bread":18,"minecraft:string":6,"minecraft:lectern":99,"minecraft:stone_axe":73,"minecraft:cobblestone":49,"minecraft:andesite":5,"minecraft:yellow_bed":2,"minecraft:stripped_oak_log":1,"minecraft:golden_pickaxe":3},"minecraft:picked_up":{"minecraft:crafting_table":3,"minecraft:wheat":1,"minecraft:azure_bluet":1,"minecraft:ominous_bottle":1,"minecraft:oak_stairs":4,"minecraft:enchanted_book":1,"minecraft:crimson_planks":6,"minecraft:string":1353,"minecraft:raw_copper":16,"minecraft:oak_sign":1,"minecraft:cracked_stone_bricks":1,"minecraft:cobbled_deepslate":64,"minecraft:beef":6,"minecraft:poppy":2,"minecraft:lectern":100,"minecraft:sugar_cane":129,"minecraft:birch_sapling":1,"minecraft:furnace":11,"minecraft:egg":2,"minecraft:raw_iron":238,"minecraft:stick":20,"minecraft:sandstone":28,"minecraft:oak_door":1,"minecraft:copper_ingot":1,"minecraft:oak_fence":4,"minecraft:torch":8,"minecraft:porkchop":7,"minecraft:diorite":56,"minecraft:carrot":1127,"minecraft:redstone":93,"minecraft:arrow":68,"minecraft:rotten_flesh":17,"minecraft:hay_block":21,"minecraft:mutton":5,"minecraft:obsidian":4,"minecraft:white_wool":54,"minecraft:birch_log":25,"minecraft:cobblestone":1088,"minecraft:nautilus_shell":1,"minecraft:stripped_oak_log":5,"minecraft:cooked_beef":2,"minecraft:tripwire_hook":84,"minecraft:birch_slab":36,"minecraft:andesite":87,"minecraft:leather":9,"minecraft:brown_wool":1,"minecraft:potato":1,"minecraft:flint":1,"minecraft:tuff":5,"minecraft:oak_log":302,"minecraft:gunpowder":2,"minecraft:yellow_bed":2,"minecraft:magenta_bed":4,"minecraft:cobblestone_stairs":1,"minecraft:lapis_lazuli":44,"minecraft:dirt":172,"minecraft:white_banner":1,"minecraft:glass":78,"minecraft:bone":6,"minecraft:apple":4,"minecraft:stone_bricks":1,"minecraft:bow":10,"minecraft:wheat_seeds":13,"minecraft:raw_gold":5,"minecraft:bell":3,"minecraft:iron_ingot":4,"minecraft:stone_pickaxe":1,"minecraft:mossy_stone_bricks":2,"minecraft:glowstone_dust":103,"minecraft:oak_planks":222,"minecraft:book":3,"minecraft:quartz":6,"minecraft:dandelion":1,"minecraft:gravel":20,"minecraft:sand":1745,"minecraft:white_bed":1,"minecraft:mossy_cobblestone":4,"minecraft:stone_axe":1,"minecraft:diamond":35,"minecraft:granite":53,"minecraft:diamond_axe":1,"minecraft:mossy_cobblestone_stairs":1,"minecraft:bread":11,"minecraft:oak_button":1,"minecraft:oak_sapling":22,"minecraft:netherrack":36,"minecraft:coal":353,"minecraft:diamond_pickaxe":1},"minecraft:crafted":{"minecraft:oak_planks":756,"minecraft:cobblestone_slab":762,"minecraft:furnace":25,"minecraft:diamond_shovel":1,"minecraft:white_carpet":150,"minecraft:glass":1600,"minecraft:stone_pickaxe":1,"minecraft:chest":8,"minecraft:oak_button":1,"minecraft:stone_hoe":1,"minecraft:oak_fence":297,"minecraft:wheat":189,"minecraft:cooked_beef":4,"minecraft:emerald":1,"minecraft:diamond_axe":1,"minecraft:crafting_table":5,"minecraft:enchanting_table":1,"minecraft:wooden_pickaxe":1,"minecraft:birch_planks":52,"minecraft:stone_axe":1,"minecraft:glowstone":16,"minecraft:bread":18,"minecraft:air":0,"minecraft:book":5,"minecraft:white_wool":382,"minecraft:paper":66,"minecraft:diamond_pickaxe":3,"minecraft:stick":280,"minecraft:iron_ingot":115,"minecraft:iron_pickaxe":1,"minecraft:wooden_axe":1,"minecraft:white_bed":60},"minecraft:mined":{"minecraft:tuff":5,"minecraft:white_bed":1,"minecraft:farmland":4,"minecraft:mossy_cobblestone":3,"minecraft:deepslate_diamond_ore":10,"minecraft:oak_door":1,"minecraft:obsidian":4,"minecraft:granite":53,"minecraft:grass_block":28,"minecraft:oak_wall_sign":2,"minecraft:sandstone":30,"minecraft:hay_block":21,"minecraft:weeping_vines_plant":2,"minecraft:redstone_ore":20,"minecraft:glowstone":37,"minecraft:carrots":242,"minecraft:furnace":11,"minecraft:mossy_cobblestone_stairs":1,"minecraft:iron_ore":232,"minecraft:andesite":87,"minecraft:azure_bluet":1,"minecraft:bell":2,"minecraft:dirt_path":2,"minecraft:vine":1,"minecraft:deepslate_iron_ore":3,"minecraft:oak_stairs":4,"minecraft:stripped_oak_log":2,"minecraft:stone":1083,"minecraft:tripwire":3,"minecraft:glass_pane":2,"minecraft:oak_fence":2,"minecraft:crafting_table":1,"minecraft:torch":2,"minecraft:short_grass":20,"minecraft:nether_quartz_ore":3,"minecraft:lectern":100,"minecraft:copper_ore":2,"minecraft:tall_grass":5,"minecraft:cobblestone":38,"minecraft:oak_planks":12,"minecraft:deepslate_gold_ore":4,"minecraft:lapis_ore":6,"minecraft:sugar_cane":85,"minecraft:diorite":58,"minecraft:birch_log":25,"minecraft:magenta_bed":2,"minecraft:yellow_bed":1,"minecraft:coal_ore":318,"minecraft:oak_log":255,"minecraft:gravel":36,"minecraft:dirt":115,"minecraft:sand":1582,"minecraft:crimson_planks":5,"minecraft:cracked_stone_bricks":1,"minecraft:stone_bricks":1,"minecraft:netherrack":39,"minecraft:gold_ore":1,"minecraft:oak_leaves":31,"minecraft:deepslate":64},"minecraft:killed":{"minecraft:vex":1,"minecraft:spider":2,"minecraft:horse":3,"minecraft:skeleton":4,"minecraft:drowned":10,"minecraft:piglin":1,"minecraft:pig":1,"minecraft:iron_golem":2,"minecraft:hoglin":2,"minecraft:creeper":2,"minecraft:sheep":4,"minecraft:pillager":5,"minecraft:zombie":13,"minecraft:villager":3,"minecraft:cow":2},"minecraft:killed_by":{"minecraft:creeper":1,"minecraft:iron_golem":1,"minecraft:drowned":1,"minecraft:skeleton":2},"minecraft:dropped":{"minecraft:crimson_planks":6,"minecraft:stone_hoe":1,"minecraft:iron_ingot":8,"minecraft:porkchop":2,"minecraft:birch_planks":6,"minecraft:wheat_seeds":12,"minecraft:diamond_axe":1,"minecraft:cooked_beef":7,"minecraft:oak_log":112,"minecraft:golden_pickaxe":1,"minecraft:mossy_cobblestone":3,"minecraft:diamond":1,"minecraft:crafting_table":1,"minecraft:oak_fence":3,"minecraft:cobblestone":272,"minecraft:leather":2,"minecraft:granite":15,"minecraft:cracked_stone_bricks":1,"minecraft:command_block":2,"minecraft:copper_ingot":1,"minecraft:cobblestone_stairs":1,"minecraft:emerald":1,"minecraft:stick":37,"minecraft:flint":1,"minecraft:dirt":122,"minecraft:diorite":12,"minecraft:torch":3,"minecraft:mutton":2,"minecraft:wooden_axe":1,"minecraft:brown_wool":1,"minecraft:oak_stairs":4,"minecraft:sand":1,"minecraft:iron_pickaxe":1,"minecraft:mossy_cobblestone_stairs":1,"minecraft:string":86,"minecraft:tripwire_hook":23,"minecraft:white_wool":106,"minecraft:dandelion":1,"minecraft:bone":2,"minecraft:oak_door":1,"minecraft:gravel":6,"minecraft:stone_axe":1,"minecraft:cobbled_deepslate":26,"minecraft:raw_copper":16,"minecraft:wheat":1,"minecraft:birch_sapling":1,"minecraft:raw_iron":3,"minecraft:rotten_flesh":9,"minecraft:oak_planks":67,"minecraft:glowstone_dust":2,"minecraft:stripped_oak_log":4,"minecraft:azure_bluet":1,"minecraft:carrot":799,"minecraft:poppy":2,"minecraft:potato":1,"minecraft:oak_button":2,"minecraft:diamond_pickaxe":1,"minecraft:mossy_stone_bricks":2,"minecraft:oak_sapling":22,"minecraft:stone_bricks":1,"minecraft:sandstone":22,"minecraft:arrow":67,"minecraft:bow":10,"minecraft:stone_pickaxe":1,"minecraft:glass":78,"minecraft:beef":2,"minecraft:wooden_pickaxe":1,"minecraft:nautilus_shell":1,"minecraft:quartz":6,"minecraft:netherrack":6,"minecraft:lectern":1},"minecraft:custom":{"minecraft:mob_kills":57,"minecraft:animals_bred":1,"minecraft:inspect_hopper":3,"minecraft:interact_with_crafting_table":48,"minecraft:bell_ring":2,"minecraft:leave_game":6,"minecraft:time_since_death":23706,"minecraft:climb_one_cm":40384,"minecraft:sprint_one_cm":844203,"minecraft:walk_one_cm":635705,"minecraft:drop":319,"minecraft:talked_to_villager":208,"minecraft:play_time":341219,"minecraft:sneak_time":16445,"minecraft:deaths":13,"minecraft:walk_under_water_one_cm":12768,"minecraft:jump":4610,"minecraft:walk_on_water_one_cm":27819,"minecraft:enchant_item":2,"minecraft:total_world_time":341219,"minecraft:interact_with_furnace":171,"minecraft:traded_with_villager":1,"minecraft:raid_trigger":1,"minecraft:sleep_in_bed":11,"minecraft:time_since_rest":23739,"minecraft:damage_taken":6772,"minecraft:damage_dealt":12278,"minecraft:swim_one_cm":70308,"minecraft:player_kills":2,"minecraft:fly_one_cm":1296836,"minecraft:open_chest":121,"minecraft:crouch_one_cm":40261,"minecraft:fall_one_cm":138928},"minecraft:broken":{"minecraft:golden_axe":1,"minecraft:diamond_pickaxe":1}},"DataVersion":3953}