{"stats":{"minecraft:custom":{"minecraft:interact_with_crafting_table":57,"minecraft:open_barrel":6,"minecraft:bell_ring":1,"minecraft:eat_cake_slice":7,"minecraft:leave_game":9,"minecraft:time_since_death":362077,"minecraft:play_time":661550,"minecraft:deaths":14,"minecraft:jump":5677,"minecraft:interact_with_furnace":14,"minecraft:play_record":5,"minecraft:interact_with_cartography_table":3,"minecraft:sleep_in_bed":5,"minecraft:damage_dealt":28672,"minecraft:interact_with_smoker":5,"minecraft:interact_with_smithing_table":14,"minecraft:interact_with_anvil":7,"minecraft:sneak_time":41161,"minecraft:interact_with_lectern":1,"minecraft:total_world_time":661550,"minecraft:tune_noteblock":1,"minecraft:interact_with_stonecutter":2,"minecraft:time_since_rest":139029,"minecraft:swim_one_cm":73971,"minecraft:fly_one_cm":2119427,"minecraft:open_chest":219,"minecraft:fall_one_cm":115020,"minecraft:sprint_one_cm":510727,"minecraft:drop":318,"minecraft:talked_to_villager":17,"minecraft:walk_on_water_one_cm":32076,"minecraft:interact_with_loom":1,"minecraft:interact_with_beacon":1,"minecraft:player_kills":1,"minecraft:crouch_one_cm":67970,"minecraft:mob_kills":123,"minecraft:damage_dealt_resisted":3741,"minecraft:climb_one_cm":18467,"minecraft:walk_one_cm":1585105,"minecraft:walk_under_water_one_cm":118741,"minecraft:pot_flower":2,"minecraft:interact_with_grindstone":3,"minecraft:damage_taken":8364,"minecraft:damage_absorbed":100,"minecraft:trigger_trapped_chest":1},"minecraft:crafted":{"immersiveengineering:hammer":1,"minecraft:lever":1,"immersiveengineering:workbench":1,"minecraft:cooked_porkchop":1,"travelersbackpack:standard":1,"immersiveengineering:slab_treated_wood_horizontal":6,"minecraft:smithing_table":1,"minecraft:iron_pickaxe":1,"minecraft:iron_block":10,"minecraft:sandstone":26,"minecraft:spruce_stairs":4,"butchersdelight:roaster":3,"minecraft:stone_pickaxe":1,"immersiveengineering:treated_fence":3,"minecraft:wooden_axe":1,"minecraft:iron_leggings":1,"minecraft:iron_shovel":2,"minecraft:brick":20,"minecraft:oak_planks":52,"minecraft:cooked_chicken":1,"immersiveengineering:manual":1,"regions_unexplored:larch_planks":80,"regions_unexplored:brimwood_planks":16,"minecraft:chest":4,"minecraft:oak_button":3,"immersiveengineering:treated_wood_horizontal":40,"minecraft:oak_slab":6,"minecraft:crafting_table":4,"minecraft:spruce_planks":104,"immersiveengineering:cokebrick":27,"butchersdelight:cleaver":1,"minecraft:birch_planks":52,"regions_unexplored:larch_sign":3,"minecraft:stick":48,"minecraft:iron_ingot":9,"immersiveengineering:stick_treated":8,"minecraft:furnace":6,"minecraft:iron_axe":1,"minecraft:spruce_sign":6,"minecraft:iron_sword":2,"minecraft:bucket":18,"minecraft:stone_axe":2,"minecraft:air":0,"minecraft:white_wool":1,"minecraft:anvil":1,"regions_unexplored:larch_slab":12,"immersiveengineering:craftingtable":1},"minecraft:picked_up":{"minecraft:iron_chestplate":1,"regions_unexplored:larch_planks":7,"regions_unexplored:silt_dirt":3,"minecraft:diamond_sword":1,"minecraft:oak_stairs":4,"minecraft:brown_bed":1,"minecraft:wither_rose":1,"immersiveengineering:blastbrick":9,"supplementaries:candle_holder_red":4,"minecraft:music_disc_cat":4,"minecraft:string":15,"minecraft:soul_soil":1,"minecraft:cobbled_deepslate":2,"minecraft:spruce_planks":62,"regions_unexplored:larch_log":20,"minecraft:spruce_pressure_plate":1,"born_in_chaos_v1:shattered_skull":1,"hexerei:cloth":1,"minecraft:cauldron":9,"quark:clear_shard":2,"regions_unexplored:green_bioshroom":1,"minecraft:tropical_fish":2,"supplementaries:quiver":1,"minecraft:blaze_rod":1,"minecraft:iron_bars":6,"minecraft:birch_log":20,"minecraft:mossy_cobblestone_slab":2,"minecraft:iron_door":1,"regions_unexplored:brimwood_planks":2,"structure_gel:building_tool":1,"hexerei:witch_hazel_drying_rack":3,"butchersdelight:deadpig":2,"minecraft:stripped_spruce_wood":3,"minecraft:magenta_bed":1,"minecraft:lantern":4,"born_in_chaos_v1:marigolds":2,"ftbquests:book":1,"minecraft:dark_oak_sign":2,"regions_unexplored:larch_slab":1,"minecraft:stripped_spruce_log":5,"minecraft:ink_sac":2,"minecraft:dark_oak_log":204,"regions_unexplored:cypress_log":62,"minecraft:lever":3,"minecraft:golden_horse_armor":1,"minecraft:jack_o_lantern":1,"minecraft:bricks":3,"minecraft:crafting_table":2,"minecraft:clay_ball":196,"deep_dark_regrowth:wither_chiseled_stone_bricks":1,"minecraft:red_bed":1,"butchersdelight:dead_cow":1,"minecraft:cracked_stone_bricks":1,"minecraft:spruce_slab":4,"minecraft:chest":5,"minecraft:birch_sapling":8,"minecraft:stone":1,"minecraft:oak_door":1,"minecraft:spruce_fence":3,"born_in_chaos_v1:pieceofdarkmetal":1,"minecraft:carrot":6,"minecraft:redstone":6,"regions_unexplored:dusktrap":34,"butchersdelight:deadsheep":1,"minecraft:diamond_chestplate":1,"regions_unexplored:felicia_daisy":2,"minecraft:deepslate_bricks":4,"minecraft:cracked_deepslate_bricks":2,"fantasyfurniture:venthyr/chest":1,"hexerei:blood_sigil":1,"regions_unexplored:willow_planks":24,"minecraft:white_wool":1,"minecraft:stripped_oak_log":1,"born_in_chaos_v1:monster_flesh":1,"minecraft:red_mushroom":2,"minecraft:oak_log":20,"minecraft:white_banner":2,"immersiveengineering:cokebrick":27,"cataclysm:music_disc_ender_guardian":1,"minecraft:stone_bricks":5,"minecraft:kelp":126,"minecraft:stone_pickaxe":2,"minecraft:cobweb":2,"regions_unexplored:larch_sapling":2,"regions_unexplored:brimwood_log":12,"minecraft:iron_sword":3,"minecraft:dark_oak_stairs":2,"regions_unexplored:silver_birch_sapling":3,"minecraft:dark_oak_slab":4,"minecraft:sweet_berries":8,"supplementaries:lead_lantern":2,"minecraft:spruce_sapling":4,"minecraft:spruce_log":28,"quark:green_corundum":1,"travelersbackpack:standard":1,"immersiveengineering:seed":12,"drinkbeer:beer_mug":1,"immersiveengineering:craftingtable":1,"hexerei:herb_drying_rack_full":1,"regions_unexplored:prismarite_cluster":1,"minecraft:iron_leggings":2,"minecraft:red_candle":4,"minecraft:deepslate_tiles":1,"minecraft:bucket":7,"deep_dark_regrowth:petronium_bricks":1,"minecraft:cobblestone_slab":2,"minecraft:iron_pickaxe":1,"regions_unexplored:blackwood_log":12,"minecraft:furnace":2,"minecraft:stick":12,"regions_unexplored:corpse_flower":1,"minecraft:torch":46,"minecraft:spruce_stairs":1,"travelersbackpack:iron_tier_upgrade":2,"minecraft:porkchop":1,"regions_unexplored:daisy":8,"hexerei:candelabra":8,"minecraft:rotten_flesh":69,"minecraft:music_disc_wait":1,"minecraft:cobblestone":61,"regions_unexplored:golden_larch_sapling":12,"map_atlases:atlas":1,"minecraft:stripped_birch_log":33,"minecraft:dirt":12,"born_in_chaos_v1:monster_skin":2,"minecraft:leather_boots":1,"horror_element_mod:phished_head":1,"minecraft:bone":50,"minecraft:wheat_seeds":10,"minecraft:cobbled_deepslate_slab":1,"minecraft:grindstone":1,"minecraft:bamboo":4,"the_old_ai:scp_079_offline":2,"minecraft:oak_planks":100,"minecraft:music_disc_13":1,"graveyard:bone_dagger":2,"minecraft:sand":108,"regions_unexplored:mauve_planks":1,"minecraft:diamond":29,"cataclysm:obsidian_explosion_trap_bricks":1,"minecraft:golden_apple":1,"minecraft:spruce_sign":2,"minecraft:oak_sapling":5,"butchersdelightfoods:sheepshank":1,"minecraft:charcoal":2,"minecraft:wooden_pickaxe":1,"minecraft:gold_block":1,"minecraft:chain":1,"drinkbeer:empty_beer_mug":1,"minecraft:large_fern":1,"hexerei:crystal_ball":2,"graveyard:corruption":14,"minecraft:candle":9,"immersiveengineering:workbench":1,"minecraft:tinted_glass":1,"minecraft:sugar_cane":12,"itemfilters:item_group":1,"minecraft:spruce_trapdoor":2,"minecraft:phantom_membrane":3,"minecraft:dark_oak_sapling":2,"regions_unexplored:blue_lupine":2,"minecraft:dark_oak_planks":3,"hexerei:sage_seed":6,"immersiveengineering:electric_lantern":1,"born_in_chaos_v1:fused_bone":1,"born_in_chaos_v1:corpse_maggot":2,"minecraft:salmon":3,"minecraft:birch_planks":3,"minecraft:gunpowder":4,"minecraft:cobblestone_wall":2,"regions_unexplored:tassel":1,"regions_unexplored:large_prismarite_cluster":1,"hexerei:pestle_and_mortar":1,"cataclysm:music_disc_the_leviathan":1,"minecraft:iron_ingot":2,"minecraft:polished_andesite_slab":1,"minecraft:soul_sand":3,"minecraft:book":42,"minecraft:scaffolding":1,"minecraft:stone_brick_slab":7,"minecraft:white_bed":1,"minecraft:mossy_stone_brick_slab":11,"butchersdelight:sheephide":1,"regions_unexplored:silver_birch_log":10,"deep_dark_regrowth:grimstone_bricks":1,"minecraft:coal":61},"minecraft:killed_by":{"theplaguedoctor:plague_doctor":1,"graveyard:acolyte":1,"minecraft:zombie":1,"graveyard:skeleton_creeper":1,"siren_head:siren_head":3,"thestairwell:scp_0871":4},"minecraft:killed":{"graveyard:wraith":17,"sanitydim:sneaking_terror":1,"minecraft:skeleton":3,"graveyard:acolyte":2,"born_in_chaos_v1:skeleton_thrasher":1,"boh:rake":1,"minecraft:salmon":1,"minecraft:pillager":6,"minecraft:zombie":23,"born_in_chaos_v1:corpse_fly":1,"born_in_chaos_v1:door_knight":2,"graveyard:corrupted_vindicator":12,"minecraft:endermite":2,"spore:griefer":1,"born_in_chaos_v1:decrepit_skeleton":1,"minecraft:zombified_piglin":1,"minecraft:witch":2,"born_in_chaos_v1:seared_spirit":1,"minecraft:spider":1,"thestairwell:scp_0871":1,"graveyard:reaper":1,"minecraft:zombie_villager":1,"minecraft:creeper":2,"minecraft:sheep":1,"born_in_chaos_v1:dread_hound":1,"graveyard:revenant":3,"born_in_chaos_v1:zombie_bruiser":2,"born_in_chaos_v1:maggot":4,"minecraft:squid":1,"difficult_spawners:evil_spirit":22},"minecraft:used":{"fantasyfurniture:necrolord/chair":1,"minecraft:jack_o_lantern":2,"supplementaries:copper_lantern":1,"born_in_chaos_v1:cursed_scarlet_ornate_glass_pane":1,"graveyard:laterally_lying_skeleton":1,"minecraft:polished_blackstone":9,"graveyard:lying_wither_skeleton":2,"minecraft:chest":6,"immersiveengineering:craftingtable":1,"cataclysm:obsidian_brick_wall":265,"minecraft:soul_sand":3,"minecraft:snowball":7,"minecraft:polished_blackstone_slab":18,"minecraft:black_stained_glass_pane":79,"minecraft:grass_block":43,"the_old_ai:scp_079_offline":2,"fantasyfurniture:dunmer/chair":1,"deep_dark_regrowth:wither_chiseled_stone_bricks":1,"realmrpg_skeletons:swimmer_skeleton":7,"quark:black_framed_glass":19,"fantasyfurniture:dunmer/chandelier":9,"quark:dirty_glass_pane":4,"minecraft:red_stained_glass_pane":17,"fantasyfurniture:necrolord/bed_double":3,"horror_element_mod:impaled_skeleton":2,"minecraft:furnace":7,"minecraft:potato":4,"philipsruins:dark_brick":4,"cataclysm:void_lantern_block":18,"quark:polished_calcite":4,"born_in_chaos_v1:dark_metal_deposit":3,"hexerei:pestle_and_mortar":1,"immersiveengineering:chute_iron":3,"realmrpg_skeletons:waterdrop_skeleton":1,"quark:dark_oak_vertical_slab":57,"graveyard:dark_iron_bars":64,"quark:black_framed_glass_pane":51,"minecraft:golden_apple":3,"realmrpg_skeletons:lucky_skeleton":3,"regions_unexplored:dusktrap":49,"born_in_chaos_v1:c_black_argillite_brick_n":40,"regions_unexplored:brimwood_slab":502,"horror_element_mod:cursed_painting":3,"minecraft:deepslate_tiles":1,"fantasyfurniture:venthyr/bookshelf":6,"fantasyfurniture:nordic/oven":1,"immersiveengineering:hammer":2,"endlessbiomes:stripped_penumbra_hyphae":1,"born_in_chaos_v1:dark_metal_block":6,"minecraft:polished_andesite_slab":1,"minecraft:soul_lantern":6,"minecraft:diamond_sword":364,"minecraft:smithing_table":2,"minecraft:white_stained_glass":4,"born_in_chaos_v1:scorched_planks_trapdoor":2,"born_in_chaos_v1:dark_grid":5,"quark:iron_plate_slab":35,"fantasyfurniture:venthyr/wardrobe_top":8,"fantasyfurniture:royal/painting_wide":1,"fantasyfurniture:bone/wither/painting_small":3,"minecraft:iron_bars":31,"minecraft:tinted_glass":2,"quark:black_shingles_slab":20,"cataclysm:obsidian_explosion_trap_bricks":2,"minecraft:stick":1,"minecraft:torch":105,"minecraft:anvil":2,"fantasyfurniture:bone/wither/oven":2,"fantasyfurniture:bone/wither/painting_wide":1,"endlessbiomes:perished_twisted_coral":1,"butchersdelight:cleaver":38,"immersiveengineering:workbench":2,"minecraft:iron_axe":19,"deep_dark_regrowth:soul_of_the_depths":1,"fantasyfurniture:nordic/door_double":3,"fantasyfurniture:venthyr/floor_light":10,"graveyard:leaning_skeleton":1,"minecraft:glowstone":2,"fantasyfurniture:venthyr/painting_wide":5,"minecraft:oxidized_copper":3,"supplementaries:statue":2,"fantasyfurniture:dunmer/wall_light":2,"minecraft:cobbled_deepslate":2,"minecraft:water_bucket":3,"fantasyfurniture:venthyr/desk_left":5,"fantasyfurniture:decorations/bone_wither_chalices":6,"minecraft:birch_planks":26,"immersiveengineering:metal_ladder_none":1,"regions_unexplored:brimwood_planks":253,"minecraft:cauldron":5,"minecraft:fletching_table":3,"minecraft:deepslate_bricks":3,"fantasyfurniture:nordic/bed_double":4,"minecraft:tnt":6,"minecraft:crafting_table":4,"minecraft:red_bed":1,"minecraft:campfire":1,"minecraft:white_bed":1,"fantasyfurniture:decorations/bone_wither_skull_blossoms":2,"fantasyfurniture:nordic/sofa":12,"quark:paper_wall_sakura":16,"fantasyfurniture:necrolord/floor_light":5,"fantasyfurniture:dunmer/wardrobe_bottom":1,"fantasyfurniture:decorations/necrolord_candelabra":14,"cotw:witherstoneblock":195,"regions_unexplored:brimwood_log_magma":125,"born_in_chaos_v1:stained_black_argillite_brick_n":21,"supplementaries:crimson_lantern":11,"minecraft:iron_pickaxe":91,"quark:netherrack_bricks_slab":1,"minecraft:leather_helmet":1,"minecraft:spruce_trapdoor":1,"supplementaries:lead_lantern":82,"fantasyfurniture:decorations/venthyr_banner":12,"regions_unexplored:stripped_brimwood_wood":14,"travelersbackpack:standard":14,"minecraft:glass_pane":25,"minecraft:kelp":48,"minecraft:candle":4,"regions_unexplored:hyacinth_lamp":2,"minecraft:iron_shovel":165,"hexerei:witch_hazel_window_pane":99,"hexerei:candelabra":12,"fantasyfurniture:nordic/floor_light":8,"minecraft:iron_sword":298,"immersiveengineering:alu_fence":2,"immersiveengineering:slab_steel_scaffolding_grate_top":32,"minecraft:mossy_stone_brick_slab":1,"regions_unexplored:brimwood_fence":11,"fantasyfurniture:nordic/dresser":2,"minecraft:carrot":3,"immersiveengineering:cokebrick":99,"cataclysm:chiseled_obsidian_bricks":2639,"minecraft:milk_bucket":7,"minecraft:obsidian":4,"fantasyfurniture:venthyr/desk_right":1,"minecraft:glass":3,"minecraft:bricks":3,"minecraft:lantern":30,"fantasyfurniture:venthyr/wardrobe_bottom":8,"philipsruins:obsidian_brick":1,"minecraft:stone_bricks":1,"deep_dark_regrowth:petronium_bricks":1,"hexerei:crystal_ball":1,"fantasyfurniture:nordic/chandelier":8,"quark:birch_bookshelf":4,"fantasyfurniture:venthyr/painting_small":5,"fantasyfurniture:venthyr/chandelier":1,"minecraft:stone_pickaxe":113,"minecraft:oak_planks":16,"minecraft:birch_wood":1,"fantasyfurniture:necrolord/chandelier":11,"deep_dark_regrowth:grimstone_bricks":1,"realmrpg_skeletons:arrow_skeleton":1,"minecraft:white_wool":6,"fantasyfurniture:venthyr/dresser":4,"cataclysm:music_disc_the_leviathan":1,"minecraft:crossbow":17,"minecraft:blackstone_wall":10,"regions_unexplored:mauve_planks":1,"minecraft:ochre_froglight":4,"quark:gray_shingles_vertical_slab":1,"regions_unexplored:larch_slab":11,"realmrpg_skeletons:rookie_skeleton":2,"graveyard:hanged_skeleton":3,"minecraft:lever":2,"quark:smooth_soul_sandstone_vertical_slab":63,"fantasyfurniture:decorations/bone_wither_pile":3,"minecraft:bread":18,"minecraft:brown_wool":1,"fantasyfurniture:bone/wither/wardrobe_bottom":1,"fantasyfurniture:bone/wither/chair":2,"minecraft:string":1,"minecraft:brown_stained_glass":1,"cotw:trappedcutwitherstoneblock":2,"butchersdelight:roaster":1,"supplementaries:iron_gate":28,"endlessbiomes:penumbra_hyphae":23,"minecraft:iron_door":1,"minecraft:deepslate":5,"minecraft:blue_candle":8,"minecraft:smooth_stone_slab":1,"minecraft:deepslate_coal_ore":1,"minecraft:chain":12,"regions_unexplored:brimwood_trapdoor":39,"cataclysm:music_disc_ender_guardian":1,"realmrpg_skeletons:devastated_skeleton":1,"minecraft:experience_bottle":2,"minecraft:flint_and_steel":8,"horror_element_mod:desert_marine_head":1,"fantasyfurniture:nordic/counter":14,"hexerei:stone_window_pane":87,"minecraft:spruce_planks":44,"minecraft:cooked_chicken":1,"minecraft:dirt":1,"minecraft:spyglass":35,"minecraft:spruce_stairs":1,"graveyard:hanged_wither_skeleton":9,"minecraft:wooden_axe":10,"cataclysm:obsidian_brick_slab":8,"minecraft:oak_stairs":2,"biomancy:primordial_bio_lantern":4,"cataclysm:obsidian_brick_stairs":109,"minecraft:golden_carrot":11,"minecraft:black_stained_glass":8,"regions_unexplored:larch_planks":27,"minecraft:soul_soil":1,"minecraft:white_stained_glass_pane":21,"realmrpg_skeletons:corrupted_skeleton":4,"immersiveengineering:blastbrick":55,"minecraft:cooked_beef":31,"aquamirae:painting_tortured_soul":4,"minecraft:beetroot_soup":1,"minecraft:brown_bed":1,"fantasyfurniture:decorations/venthyr_candles":3,"supplementaries:candle_holder_red":4,"realmrpg_skeletons:chorus_tangled_skeleton":1,"supplementaries:netherite_door":3,"fantasyfurniture:venthyr/chest":3,"regions_unexplored:brimwood_log":103,"minecraft:spruce_sign":5,"minecraft:beacon":6,"cotw:coffer":4,"minecraft:music_disc_cat":3,"minecraft:magenta_bed":1,"drinkbeer:beer_mug":9,"quark:blackstone_bricks":5,"endlessbiomes:penumbra_stem":14,"minecraft:apple":1,"regions_unexplored:brimwood_stairs":143,"immersiveengineering:slab_sheetmetal_lead":14,"minecraft:stone_axe":193,"minecraft:brown_stained_glass_pane":13,"fantasyfurniture:nordic/bed_single":1,"regions_unexplored:willow_leaves":1,"minecraft:bucket":2,"immersiveengineering:alu_slope":3,"aquamirae:painting_aurora":1,"minecraft:soul_torch":1},"minecraft:dropped":{"minecraft:iron_sword":2,"minecraft:lapis_lazuli":10,"hexerei:cloth":1,"minecraft:diamond":29,"minecraft:crafting_table":1,"minecraft:dark_oak_slab":4,"minecraft:cracked_stone_bricks":1,"hexerei:crystal_ball":1,"graveyard:corruption":1,"minecraft:leather_helmet":2,"minecraft:red_mushroom":2,"minecraft:emerald":1,"born_in_chaos_v1:monster_flesh":1,"cotw:witherstoneblock":1,"minecraft:dirt":7,"minecraft:large_fern":1,"horror_element_mod:phished_head":1,"biomancy:primordial_bio_lantern":1,"regions_unexplored:golden_larch_sapling":12,"minecraft:chain":1,"minecraft:deepslate_coal_ore":64,"minecraft:phantom_membrane":3,"minecraft:sand":4,"minecraft:iron_pickaxe":1,"minecraft:dark_oak_planks":3,"drinkbeer:empty_beer_mug":2,"immersiveengineering:electric_lantern":1,"minecraft:bone":3,"minecraft:stone_axe":1,"regions_unexplored:brimwood_log":64,"minecraft:sugar_cane":10,"minecraft:goat_horn":3,"immersiveengineering:slab_steel_scaffolding_grate_top":1,"minecraft:lever":2,"born_in_chaos_v1:stained_black_argillite_brick_n":1,"hexerei:blood_sigil":1,"minecraft:birch_sapling":8,"butchersdelight:cleaver":1,"minecraft:rotten_flesh":43,"minecraft:oak_planks":49,"minecraft:salmon":2,"minecraft:red_stained_glass_pane":1,"minecraft:tipped_arrow":2,"minecraft:red_candle":4,"regions_unexplored:brimwood_slab":3,"minecraft:charcoal":2,"minecraft:leather_boots":2,"minecraft:leather_leggings":1,"hexerei:stone_window_pane":1,"minecraft:spruce_slab":4,"quark:dirty_glass_pane":1,"minecraft:beef":16,"realmrpg_skeletons:lucky_skeleton":1,"drinkbeer:beer_mug":1,"born_in_chaos_v1:marigolds":2,"cataclysm:music_disc_the_leviathan":1,"supplementaries:netherite_door":1,"born_in_chaos_v1:shattered_skull":1,"minecraft:wheat_seeds":10,"minecraft:polished_blackstone":1,"minecraft:golden_horse_armor":2,"quark:polished_calcite":1,"hexerei:witch_hazel_window_pane":3,"minecraft:cobblestone":3,"born_in_chaos_v1:c_black_argillite_brick_n":5,"minecraft:feather":1,"minecraft:book":30,"regions_unexplored:tassel":1,"graveyard:bone_dagger":2,"minecraft:coal":9,"regions_unexplored:daisy":3,"minecraft:cobweb":15,"minecraft:diamond_horse_armor":1,"graveyard:hanged_wither_skeleton":1,"minecraft:wooden_axe":1,"regions_unexplored:cypress_log":31,"structure_gel:building_tool":1,"minecraft:stripped_birch_log":32,"minecraft:white_banner":2,"minecraft:string":47,"minecraft:spruce_sapling":4,"minecraft:stone_brick_slab":7,"minecraft:snow_block":1,"quark:black_shingles_slab":1,"realmrpg_skeletons:corrupted_skeleton":1,"hexerei:sage_seed":6,"minecraft:soul_torch":1,"minecraft:cobblestone_wall":2,"minecraft:dark_oak_sign":2,"minecraft:smooth_stone_slab":1,"minecraft:bowl":1,"minecraft:deepslate":1,"minecraft:cobbled_deepslate_slab":1,"minecraft:spruce_fence":3,"regions_unexplored:larch_slab":2,"minecraft:pumpkin_seeds":2,"supplementaries:quiver":2,"minecraft:cobblestone_slab":2,"minecraft:spruce_planks":59,"quark:black_shingles":1,"minecraft:stone_bricks":4,"minecraft:bamboo":4,"regions_unexplored:blue_lupine":2,"regions_unexplored:brimwood_fence":1,"minecraft:spruce_sign":1,"minecraft:candle":5,"minecraft:soul_sand":2,"minecraft:birch_planks":2,"regions_unexplored:green_bioshroom":1,"minecraft:dark_oak_stairs":2,"minecraft:dark_oak_sapling":2,"fantasyfurniture:venthyr/chest":1,"minecraft:lantern":1,"regions_unexplored:brimwood_planks":5,"travelersbackpack:standard":2,"hexerei:herb_drying_rack_full":1,"minecraft:dark_oak_log":102,"born_in_chaos_v1:monster_skin":2,"minecraft:amethyst_shard":2,"ftbquests:book":2,"regions_unexplored:felicia_daisy":2,"regions_unexplored:brimwood_log_magma":3,"minecraft:spyglass":1,"minecraft:mossy_stone_brick_slab":10,"regions_unexplored:larch_sapling":2,"minecraft:carrot":9,"supplementaries:iron_gate":1,"minecraft:leather_chestplate":1,"minecraft:gunpowder":10,"itemfilters:item_group":1,"minecraft:ochre_froglight":2,"born_in_chaos_v1:corpse_maggot":2,"minecraft:spruce_pressure_plate":1,"regions_unexplored:brimwood_wood":1,"minecraft:iron_bars":4,"realmrpg_skeletons:arrow_skeleton":1,"immersiveengineering:seed":12,"regions_unexplored:larch_sign":3,"horror_element_mod:impaled_skeleton":1,"minecraft:water_bucket":1,"born_in_chaos_v1:dark_metal_block":1,"minecraft:stripped_spruce_log":2,"regions_unexplored:corpse_flower":1,"cataclysm:obsidian_explosion_trap_bricks":2,"realmrpg_skeletons:chorus_tangled_skeleton":1,"quark:netherrack_bricks_slab":1,"realmrpg_skeletons:swimmer_skeleton":1,"supplementaries:lead_lantern":4,"immersiveengineering:treated_fence":2,"minecraft:tropical_fish":2,"minecraft:spruce_stairs":1,"quark:paper_wall_sakura":1,"regions_unexplored:brimwood_trapdoor":1,"quark:clear_shard":2,"minecraft:mossy_cobblestone_slab":2,"minecraft:milk_bucket":1,"minecraft:torch":25,"quark:gray_shingles_vertical_slab":1,"born_in_chaos_v1:fused_bone":1,"minecraft:iron_leggings":2,"minecraft:wither_rose":4,"minecraft:bucket":8,"minecraft:kelp":22,"minecraft:sweet_berries":6,"hexerei:witch_hazel_drying_rack":3,"minecraft:blaze_rod":1,"minecraft:brown_stained_glass_pane":1,"minecraft:raw_iron":10,"immersiveengineering:chute_iron":1,"minecraft:flint_and_steel":1,"born_in_chaos_v1:cursed_scarlet_ornate_glass_pane":1,"minecraft:deepslate_bricks":1,"minecraft:oak_button":3,"aether:iron_gloves":1,"minecraft:iron_chestplate":1,"quark:green_corundum":1,"minecraft:oak_sapling":5,"regions_unexplored:brimwood_stairs":1,"cataclysm:void_lantern_block":1,"regions_unexplored:hyacinth_lamp":1,"minecraft:spruce_log":11,"minecraft:stone_pickaxe":3,"minecraft:wooden_pickaxe":1,"minecraft:raw_gold":15,"minecraft:cracked_deepslate_bricks":2},"minecraft:broken":{"aether:iron_gloves":1,"minecraft:iron_helmet":1,"aether:leather_gloves":1,"minecraft:stone_axe":1},"minecraft:mined":{"minecraft:dark_oak_planks":1,"minecraft:white_bed":1,"regions_unexplored:larch_planks":7,"regions_unexplored:cattail":1,"immersiveengineering:blastbrick":9,"minecraft:deepslate_bricks":4,"minecraft:spawner":5,"graveyard:wither_skull_with_rib_cage":1,"minecraft:tall_seagrass":7,"minecraft:cobbled_deepslate":2,"minecraft:water_cauldron":4,"minecraft:oak_stairs":3,"regions_unexplored:silt_grass_block":1,"minecraft:tripwire":1,"hexerei:witch_hazel_drying_rack":1,"horror_element_mod:impaled_skeleton":1,"minecraft:red_bed":1,"minecraft:kelp_plant":31,"regions_unexplored:corpse_flower":1,"minecraft:torch":13,"minecraft:spruce_wall_sign":1,"minecraft:glass":1,"minecraft:sugar_cane":4,"minecraft:bricks":3,"minecraft:skeleton_skull":1,"immersiveengineering:cokebrick":27,"minecraft:tinted_glass":1,"minecraft:grass":19,"minecraft:dark_oak_sapling":1,"regions_unexplored:clover":1,"minecraft:deepslate_tiles":1,"regions_unexplored:dusktrap":36,"minecraft:jack_o_lantern":1,"minecraft:cobbled_deepslate_slab":1,"minecraft:spruce_fence":1,"minecraft:redstone_wire":6,"minecraft:moss_block":1,"butchersdelight:deadpigblock":1,"minecraft:red_mushroom":2,"minecraft:kelp":20,"regions_unexplored:larch_slab":1,"minecraft:cobblestone_slab":4,"supplementaries:wall_lantern":1,"minecraft:glass_pane":1,"minecraft:soul_sand":1,"minecraft:stone_brick_slab":10,"regions_unexplored:silt_dirt":2,"minecraft:campfire":1,"minecraft:tall_grass":5,"regions_unexplored:prismarite_cluster":1,"graveyard:vase_block":1,"hexerei:pestle_and_mortar":1,"minecraft:stripped_spruce_wood":1,"minecraft:spruce_log":2,"minecraft:birch_leaves":1,"quark:green_corundum":1,"minecraft:cobweb":16,"minecraft:stone_bricks":4,"minecraft:fern":5,"regions_unexplored:golden_larch_leaves":1,"minecraft:spruce_planks":5,"minecraft:mossy_stone_brick_slab":8,"minecraft:spruce_trapdoor":2,"minecraft:grass_block":1,"minecraft:soul_soil":1,"minecraft:mossy_cobblestone_slab":2,"graveyard:leaning_wither_skeleton":1,"minecraft:dark_oak_stairs":2,"minecraft:brown_bed":1,"supplementaries:stick":1,"minecraft:iron_bars":5,"regions_unexplored:larch_log":14,"minecraft:spruce_slab":2,"the_old_ai:scp_079_offline":2,"minecraft:clay":50,"minecraft:chest":2,"graveyard:skeleton_hand":2,"minecraft:grindstone":1,"graveyard:lying_skeleton":3,"minecraft:oak_planks":17,"minecraft:wall_torch":18,"minecraft:cauldron":5,"minecraft:seagrass":4,"minecraft:red_candle":1,"minecraft:dark_oak_slab":4,"minecraft:birch_log":6,"horror_element_mod:spiked_villager":1,"graveyard:skull_pile":1,"graveyard:creeper_skeleton":1,"minecraft:oak_log":5,"minecraft:sand":114,"minecraft:dirt":4,"minecraft:oak_leaves":1,"immersiveengineering:workbench":1,"minecraft:candle":2,"regions_unexplored:brimwood_planks":1,"minecraft:lever":3,"regions_unexplored:large_prismarite_cluster":1,"minecraft:large_fern":1,"minecraft:furnace":3,"hexerei:crystal_ball":2,"minecraft:stripped_spruce_log":5,"treechop:chopped_log":16,"minecraft:gold_block":1,"minecraft:lantern":1,"regions_unexplored:medium_grass":10,"minecraft:stone":46,"immersiveengineering:craftingtable":1,"minecraft:podzol":1,"minecraft:crafting_table":2,"minecraft:spruce_stairs":1,"minecraft:birch_planks":3,"graveyard:skull_with_rib_cage":1,"minecraft:coal_ore":28,"graveyard:leaning_skeleton":1,"minecraft:cracked_stone_bricks":1}},"DataVersion":3120}