{"stats":{"minecraft:picked_up":{"minecraft:wooden_axe":1,"minecraft:coarse_dirt":2,"minecraft:crafting_table":7,"minecraft:wheat":6,"born_in_chaos_v1:seedof_chaos":1,"aether:iron_gloves":1,"regions_unexplored:silt_dirt":20,"minecraft:wooden_pickaxe":1,"minecraft:oak_stairs":1,"minecraft:brown_bed":1,"minecraft:wither_rose":16,"minecraft:string":7,"regions_unexplored:prismarite_cluster":1,"minecraft:red_bed":5,"minecraft:soul_soil":2,"minecraft:smooth_stone_slab":3,"minecraft:armor_stand":1,"born_in_chaos_v1:intoxicating_decoction":1,"butchersdelight:cleaver":1,"graveyard:corruption":2,"minecraft:cracked_stone_bricks":2,"minecraft:cobbled_deepslate":7,"minecraft:spruce_planks":5,"born_in_chaos_v1:gnawed_bones":2,"minecraft:cobblestone_slab":6,"regions_unexplored:peat_podzol":7,"minecraft:sugar_cane":6,"minecraft:birch_sapling":2,"minecraft:spruce_trapdoor":1,"minecraft:tipped_arrow":1,"minecraft:stick":5,"minecraft:raw_iron":14,"regions_unexplored:silver_birch_leaf_pile":10,"minecraft:torch":29,"quark:yellow_corundum_cluster":2,"regions_unexplored:blue_lupine":2,"minecraft:diorite":9,"born_in_chaos_v1:pieceofdarkmetal":7,"minecraft:dark_oak_planks":1,"hexerei:sage_seed":7,"minecraft:rotten_flesh":109,"minecraft:hay_block":3,"supplementaries:ash":1,"regions_unexplored:purple_lupine":1,"minecraft:cobblestone":147,"regions_unexplored:golden_larch_sapling":27,"born_in_chaos_v1:fused_bone":1,"minecraft:birch_log":9,"born_in_chaos_v1:corpse_maggot":6,"regions_unexplored:peat_dirt":3,"minecraft:leather_chestplate":1,"minecraft:mossy_cobblestone_slab":11,"regions_unexplored:hanging_prismarite":3,"born_in_chaos_v1:monster_flesh":8,"minecraft:andesite":8,"minecraft:black_bed":1,"minecraft:smoker":1,"butchersdelight:deadpig":3,"minecraft:oak_log":12,"minecraft:gunpowder":1,"sanitydim:garland":1,"minecraft:dirt":79,"minecraft:lantern":2,"born_in_chaos_v1:monster_skin":4,"minecraft:leather_boots":1,"regions_unexplored:large_prismarite_cluster":2,"minecraft:bone":19,"minecraft:stone_bricks":2,"minecraft:wheat_seeds":5,"minecraft:mossy_stone_bricks":1,"minecraft:polished_andesite_slab":1,"the_old_ai:scp_079_offline":1,"minecraft:sweet_berries":8,"minecraft:stone_brick_slab":13,"minecraft:gravel":6,"minecraft:stripped_spruce_log":1,"minecraft:spruce_sapling":1,"minecraft:mossy_stone_brick_slab":10,"minecraft:spruce_door":1,"minecraft:dark_oak_log":3,"regions_unexplored:pink_lupine":2,"minecraft:polished_andesite":3,"travelersbackpack:standard":1,"regions_unexplored:cave_hyssop":1,"minecraft:white_candle":3,"immersiveengineering:seed":2,"minecraft:chainmail_leggings":1,"minecraft:iron_helmet":1,"minecraft:white_concrete":2,"minecraft:bread":30,"minecraft:jack_o_lantern":1,"minecraft:oak_sapling":1,"minecraft:damaged_anvil":4,"minecraft:dark_oak_fence":6,"minecraft:coal":29,"minecraft:andesite_slab":3,"immersiveengineering:raw_silver":3},"minecraft:custom":{"minecraft:mob_kills":80,"minecraft:interact_with_crafting_table":22,"minecraft:open_barrel":3,"minecraft:damage_dealt_resisted":187,"minecraft:eat_cake_slice":6,"minecraft:leave_game":4,"minecraft:time_since_death":24965,"minecraft:climb_one_cm":12182,"minecraft:sprint_one_cm":453921,"minecraft:walk_one_cm":245115,"minecraft:drop":90,"minecraft:talked_to_villager":2,"minecraft:play_time":168679,"minecraft:deaths":10,"minecraft:sneak_time":9629,"minecraft:walk_under_water_one_cm":7854,"minecraft:jump":3968,"minecraft:walk_on_water_one_cm":13941,"minecraft:total_world_time":168679,"minecraft:interact_with_furnace":11,"minecraft:sleep_in_bed":3,"minecraft:time_since_rest":25015,"minecraft:damage_taken":6303,"minecraft:trigger_trapped_chest":2,"minecraft:damage_dealt":16441,"minecraft:player_kills":1,"minecraft:swim_one_cm":23888,"minecraft:fly_one_cm":1049592,"minecraft:open_chest":51,"minecraft:crouch_one_cm":23195,"minecraft:interact_with_smoker":2,"minecraft:fall_one_cm":125805},"minecraft:killed":{"born_in_chaos_v1:zombie_clown":1,"graveyard:revenant":1,"minecraft:spider":2,"born_in_chaos_v1:siamese_skeletonsright":1,"born_in_chaos_v1:zombie_bruiser":1,"born_in_chaos_v1:maggot":3,"graveyard:reaper":1,"graveyard:ghoul":5,"minecraft:zombie_villager":3,"born_in_chaos_v1:baby_skeleton":1,"minecraft:creeper":2,"theplaguedoctor:plague_doctor":1,"born_in_chaos_v1:decrepit_skeleton":1,"minecraft:zombie":48,"born_in_chaos_v1:dread_hound":2,"born_in_chaos_v1:dark_vortex":1,"born_in_chaos_v1:corpse_fly":1,"boh:jeff_the_killer":1},"minecraft:killed_by":{"theplaguedoctor:plague_doctor":1,"born_in_chaos_v1:zombie_lumberjack":1,"graveyard:skeleton_creeper":2,"siren_head:siren_head":2,"minecraft:skeleton":2,"minecraft:zombie":1},"minecraft:dropped":{"minecraft:bread":30,"minecraft:stripped_spruce_log":1,"minecraft:wheat_seeds":4,"regions_unexplored:peat_podzol":7,"minecraft:cobblestone":12,"minecraft:leather":31,"minecraft:cracked_stone_bricks":1,"travelersbackpack:standard":2,"minecraft:golden_apple":2,"graveyard:corruption":1,"minecraft:stick":6,"born_in_chaos_v1:monster_flesh":4,"minecraft:mossy_cobblestone_slab":8,"minecraft:dark_oak_fence":4,"born_in_chaos_v1:monster_skin":2,"minecraft:white_concrete":2,"regions_unexplored:purple_lupine":1,"regions_unexplored:large_prismarite_cluster":2,"minecraft:iron_leggings":2,"minecraft:wither_rose":16,"minecraft:string":6,"ftbquests:book":1,"regions_unexplored:cave_hyssop":1,"minecraft:stone_brick_slab":3,"minecraft:bone":5,"minecraft:gravel":6,"hexerei:sage_seed":7,"minecraft:cobbled_deepslate":7,"minecraft:smooth_stone_slab":2,"minecraft:birch_sapling":2,"minecraft:rotten_flesh":101,"minecraft:oak_planks":39,"minecraft:iron_boots":1,"minecraft:mossy_stone_brick_slab":1,"butchersdelightfoods:cookedsheepshank":1,"regions_unexplored:pink_lupine":2,"minecraft:leather_chestplate":1,"regions_unexplored:peat_dirt":3,"supplementaries:ash":1,"minecraft:cobblestone_slab":1,"minecraft:hay_block":1,"aether:iron_gloves":1,"minecraft:spruce_trapdoor":1,"minecraft:andesite":8,"minecraft:oak_sapling":1,"born_in_chaos_v1:corpse_maggot":3,"regions_unexplored:hanging_prismarite":2,"minecraft:leather_boots":1,"minecraft:golden_leggings":1,"minecraft:stone_bricks":1,"minecraft:wooden_pickaxe":1,"immersiveengineering:seed":2,"regions_unexplored:blue_lupine":2},"minecraft:broken":{"minecraft:iron_leggings":1,"sanitydim:garland":1,"minecraft:stone_pickaxe":1,"minecraft:golden_sword":1,"minecraft:iron_sword":1,"aether:leather_gloves":1},"minecraft:crafted":{"minecraft:oak_planks":56,"minecraft:furnace":1,"minecraft:iron_axe":1,"minecraft:stone_pickaxe":1,"quark:spruce_chest":1,"minecraft:dark_oak_planks":36,"minecraft:wheat":18,"minecraft:crafting_table":2,"minecraft:spruce_planks":132,"minecraft:wooden_pickaxe":1,"minecraft:birch_planks":36,"minecraft:stone_axe":1,"butchersdelightfoods:cookedsheeprack":1,"minecraft:bread":9,"minecraft:stick":24,"minecraft:iron_pickaxe":1},"minecraft:mined":{"minecraft:dark_oak_planks":1,"minecraft:spruce_planks":3,"minecraft:mossy_cobblestone":1,"minecraft:mossy_stone_brick_slab":29,"minecraft:dark_oak_log":1,"minecraft:jack_o_lantern":1,"minecraft:glow_lichen":1,"regions_unexplored:cattail":1,"minecraft:dark_oak_fence":2,"minecraft:white_concrete":2,"minecraft:soul_campfire":1,"minecraft:polished_andesite_slab":4,"minecraft:spruce_leaves":2,"minecraft:oxeye_daisy":1,"regions_unexplored:large_prismarite_cluster":1,"immersiveengineering:ore_silver":3,"minecraft:spawner":2,"minecraft:hay_block":4,"minecraft:large_fern":4,"minecraft:mossy_cobblestone_slab":15,"graveyard:tg_moss_block":1,"minecraft:iron_ore":15,"minecraft:fire":2,"minecraft:cobbled_deepslate":3,"minecraft:andesite":7,"treechop:chopped_log":3,"minecraft:pumpkin":1,"minecraft:peony":2,"minecraft:brown_bed":1,"graveyard:sarcophagus":1,"minecraft:bookshelf":15,"minecraft:vine":1,"minecraft:cobblestone_slab":9,"minecraft:iron_bars":1,"regions_unexplored:medium_grass":4,"minecraft:stone":107,"regions_unexplored:silt_grass_block":4,"supplementaries:wall_lantern":1,"regions_unexplored:cave_hyssop":1,"minecraft:red_bed":4,"regions_unexplored:silver_birch_leaf_pile":3,"minecraft:smoker":1,"minecraft:soul_fire":2,"minecraft:stone_brick_slab":30,"minecraft:crafting_table":6,"minecraft:torch":14,"regions_unexplored:silt_dirt":11,"realmrpg_skeletons:basic_skeleton":1,"minecraft:andesite_slab":4,"minecraft:campfire":1,"minecraft:tall_grass":2,"minecraft:white_candle":1,"minecraft:cobblestone":19,"graveyard:skeleton_hand":1,"minecraft:damaged_anvil":4,"minecraft:sugar_cane":3,"the_old_ai:scp_079_refuse":1,"minecraft:wall_torch":13,"minecraft:diorite":9,"minecraft:seagrass":1,"minecraft:coarse_dirt":1,"graveyard:vase_block":4,"graveyard:skull_pile":1,"minecraft:black_bed":1,"minecraft:wither_rose":8,"minecraft:smooth_stone_slab":2,"minecraft:grass":37,"minecraft:coal_ore":29,"regions_unexplored:peat_dirt":3,"minecraft:dirt":24,"quark:yellow_corundum_cluster":2,"minecraft:cobweb":5,"minecraft:cracked_stone_bricks":2,"minecraft:stone_bricks":4,"minecraft:polished_andesite":3,"minecraft:mossy_stone_bricks":1,"minecraft:oak_leaves":2,"regions_unexplored:peat_podzol":1,"minecraft:fern":3},"minecraft:used":{"minecraft:spruce_planks":42,"minecraft:iron_sword":250,"minecraft:white_candle":5,"minecraft:torch":68,"minecraft:dirt":14,"regions_unexplored:prismarite_cluster":1,"minecraft:wooden_axe":20,"butchersdelight:cleaver":2,"quark:spruce_chest":1,"minecraft:lantern":2,"minecraft:iron_axe":15,"the_old_ai:scp_079_offline":1,"minecraft:golden_sword":21,"minecraft:furnace":2,"minecraft:brown_bed":1,"minecraft:water_bucket":6,"minecraft:diorite":8,"minecraft:birch_planks":10,"horror_element_mod:slashed_skull":1,"minecraft:stone_pickaxe":181,"minecraft:wooden_pickaxe":12,"minecraft:crafting_table":9,"minecraft:red_bed":5,"regions_unexplored:hanging_prismarite":1,"minecraft:cake":2,"minecraft:black_bed":1,"minecraft:smoker":1,"minecraft:apple":2,"born_in_chaos_v1:monster_flesh":1,"minecraft:bread":77,"minecraft:iron_pickaxe":163,"minecraft:stone_axe":4,"minecraft:diamond_sword":80,"butchersdelightfoods:cookedsheeprack":1,"minecraft:cobblestone":153,"travelersbackpack:standard":8,"minecraft:bucket":7,"minecraft:candle":3,"minecraft:experience_bottle":2}},"DataVersion":3120}