{"stats":{"minecraft:used":{"minecraft:oak_fence":40,"minecraft:oak_trapdoor":5,"minecraft:crimson_fence":28,"minecraft:iron_shovel":472,"minecraft:stone_sword":91,"minecraft:flint_and_steel":1,"minecraft:poppy":5,"minecraft:bone_block":3,"minecraft:oak_sign":3,"minecraft:chest":11,"minecraft:iron_sword":128,"minecraft:netherrack":116,"minecraft:torch":3,"minecraft:dirt":154,"minecraft:hopper":7,"minecraft:carrot":213,"minecraft:obsidian":4,"minecraft:glass":34,"minecraft:lava_bucket":4,"minecraft:bricks":1,"minecraft:iron_axe":541,"minecraft:birch_sapling":1,"minecraft:crimson_slab":10,"minecraft:totem_of_undying":1,"minecraft:crimson_planks":378,"minecraft:stone_brick_stairs":1,"minecraft:stone_bricks":2,"minecraft:tripwire_hook":2,"minecraft:bow":4,"minecraft:ominous_bottle":1,"minecraft:oak_sapling":8,"minecraft:goat_horn":1,"minecraft:furnace":4,"minecraft:egg":4,"minecraft:cooked_beef":22,"minecraft:cobbled_deepslate":40,"minecraft:pumpkin":8,"minecraft:crimson_stem":1,"minecraft:cooked_mutton":3,"minecraft:water_bucket":147,"minecraft:diorite":11,"minecraft:birch_planks":12,"minecraft:oak_planks":111,"minecraft:stone_pickaxe":61,"minecraft:wooden_pickaxe":3,"minecraft:composter":1,"minecraft:diamond_axe":174,"minecraft:cobblestone_slab":4,"minecraft:sand":1,"minecraft:oak_slab":40,"minecraft:crimson_trapdoor":38,"minecraft:crafting_table":16,"minecraft:crossbow":2,"minecraft:white_bed":2,"minecraft:shears":8,"minecraft:crimson_fence_gate":21,"minecraft:lever":1,"minecraft:diamond_pickaxe":789,"minecraft:apple":2,"minecraft:iron_pickaxe":249,"minecraft:string":7,"minecraft:bread":94,"minecraft:oak_button":1,"minecraft:lectern":291,"minecraft:gravel":1,"minecraft:stone_axe":25,"minecraft:nether_wart_block":2,"minecraft:cobblestone":141,"minecraft:crimson_stairs":15,"minecraft:dark_oak_fence":6,"minecraft:bucket":150,"minecraft:oak_boat":5,"minecraft:experience_bottle":1},"minecraft:picked_up":{"minecraft:crafting_table":7,"minecraft:ominous_bottle":1,"minecraft:stone_brick_stairs":1,"minecraft:crimson_planks":88,"minecraft:string":729,"minecraft:oak_trapdoor":1,"minecraft:raw_copper":7,"minecraft:oak_sign":8,"minecraft:gold_nugget":9,"minecraft:cobbled_deepslate":40,"minecraft:crimson_fence":13,"minecraft:oak_boat":1,"minecraft:poppy":6,"minecraft:lectern":292,"minecraft:chest":3,"minecraft:birch_sapling":2,"minecraft:furnace":2,"minecraft:egg":4,"minecraft:tipped_arrow":1,"minecraft:stick":244,"minecraft:raw_iron":57,"minecraft:oak_fence":4,"minecraft:torch":3,"minecraft:diorite":28,"minecraft:carrot":488,"minecraft:redstone":16,"minecraft:weeping_vines":1,"minecraft:arrow":70,"minecraft:rotten_flesh":12,"minecraft:hay_block":16,"minecraft:bookshelf":1,"minecraft:gold_ingot":6,"minecraft:obsidian":4,"minecraft:mutton":10,"minecraft:bone_block":17,"minecraft:crimson_slab":5,"minecraft:white_wool":6,"minecraft:cobblestone":691,"minecraft:stripped_oak_log":8,"minecraft:birch_log":6,"minecraft:cooked_beef":6,"minecraft:crimson_stem":137,"minecraft:andesite":2,"minecraft:birch_planks":2,"minecraft:oak_log":83,"minecraft:nether_wart_block":3,"minecraft:gunpowder":1,"minecraft:lapis_lazuli":24,"minecraft:dirt":435,"minecraft:white_banner":2,"minecraft:glass":6,"minecraft:bone":4,"minecraft:stone_bricks":2,"minecraft:apple":4,"minecraft:bow":26,"minecraft:wheat_seeds":35,"minecraft:crimson_fence_gate":1,"minecraft:raw_gold":5,"minecraft:iron_ingot":24,"minecraft:oak_planks":18,"minecraft:book":25,"minecraft:oak_slab":12,"minecraft:pumpkin":20,"minecraft:quartz":18,"minecraft:gravel":3,"minecraft:crimson_stairs":9,"minecraft:sand":75,"minecraft:diamond":27,"minecraft:crossbow":1,"minecraft:diamond_axe":1,"minecraft:granite":4,"minecraft:mossy_cobblestone_stairs":1,"minecraft:emerald":6,"minecraft:oak_button":1,"minecraft:oak_sapling":16,"minecraft:netherrack":116,"minecraft:dark_oak_fence":6,"minecraft:bricks":1,"minecraft:coal":83,"minecraft:hopper":3,"minecraft:crimson_roots":1},"minecraft:crafted":{"minecraft:oak_planks":388,"minecraft:cobblestone_slab":6,"minecraft:tripwire_hook":6,"minecraft:crimson_trapdoor":38,"minecraft:crimson_fence_gate":4,"minecraft:furnace":3,"minecraft:bookshelf":1,"minecraft:flint_and_steel":1,"minecraft:cooked_mutton":3,"minecraft:oak_trapdoor":4,"minecraft:glass":32,"minecraft:hopper":5,"minecraft:iron_axe":3,"minecraft:stone_pickaxe":1,"minecraft:chest":13,"minecraft:dark_oak_planks":12,"minecraft:oak_fence":36,"minecraft:wheat":144,"minecraft:crossbow":2,"minecraft:oak_slab":66,"minecraft:crimson_planks":544,"minecraft:emerald":10,"minecraft:diamond_axe":1,"minecraft:crafting_table":9,"minecraft:wooden_pickaxe":1,"minecraft:crimson_slab":42,"minecraft:iron_sword":1,"minecraft:bucket":1,"minecraft:birch_planks":24,"minecraft:stone_axe":1,"minecraft:enchanted_book":3,"minecraft:bread":90,"minecraft:air":0,"minecraft:crimson_stairs":16,"minecraft:oak_boat":5,"minecraft:lectern":2,"minecraft:diamond_pickaxe":1,"minecraft:stick":88,"minecraft:iron_ingot":36,"minecraft:iron_pickaxe":1,"minecraft:crimson_fence":33,"minecraft:stone_sword":1,"minecraft:iron_shovel":4,"minecraft:white_bed":2,"minecraft:composter":1,"minecraft:shears":1},"minecraft:mined":{"minecraft:nether_gold_ore":3,"minecraft:diamond_ore":2,"minecraft:deepslate_diamond_ore":25,"minecraft:crimson_fence_gate":1,"minecraft:obsidian":4,"minecraft:granite":4,"minecraft:dark_oak_fence":6,"minecraft:grass_block":271,"minecraft:crimson_roots":1,"minecraft:weeping_vines":1,"minecraft:hopper":3,"minecraft:oak_wall_sign":1,"minecraft:crimson_stem":140,"minecraft:hay_block":16,"minecraft:oak_trapdoor":1,"minecraft:carrots":96,"minecraft:furnace":2,"minecraft:iron_ore":58,"minecraft:andesite":2,"minecraft:pumpkin":20,"minecraft:oak_sign":1,"minecraft:deepslate_iron_ore":1,"minecraft:dirt_path":2,"minecraft:stripped_oak_log":8,"minecraft:stone":633,"minecraft:bone_block":17,"minecraft:tripwire":1,"minecraft:oak_slab":11,"minecraft:crimson_nylium":1,"minecraft:oak_fence":4,"minecraft:crafting_table":7,"minecraft:short_grass":42,"minecraft:poppy":1,"minecraft:chest":3,"minecraft:crimson_slab":5,"minecraft:lectern":289,"minecraft:nether_quartz_ore":18,"minecraft:copper_ore":2,"minecraft:tall_grass":5,"minecraft:cobblestone":60,"minecraft:deepslate_gold_ore":5,"minecraft:lapis_ore":4,"minecraft:oak_planks":16,"minecraft:bricks":1,"minecraft:diorite":28,"minecraft:wall_torch":1,"minecraft:crimson_stairs":9,"minecraft:birch_planks":2,"minecraft:nether_wart_block":3,"minecraft:birch_log":6,"minecraft:stone_brick_stairs":1,"minecraft:oak_log":84,"minecraft:coal_ore":64,"minecraft:sand":66,"minecraft:dirt":149,"minecraft:crimson_planks":89,"minecraft:stone_bricks":2,"minecraft:netherrack":118,"minecraft:crimson_fence":14,"minecraft:oak_leaves":20,"minecraft:deepslate":39},"minecraft:killed":{"minecraft:evoker":4,"minecraft:vex":2,"minecraft:witch":5,"minecraft:spider":2,"minecraft:vindicator":18,"minecraft:skeleton":5,"minecraft:drowned":1,"minecraft:iron_golem":3,"minecraft:creeper":1,"minecraft:sheep":6,"minecraft:pillager":31,"minecraft:zombie":7,"minecraft:villager":2},"minecraft:killed_by":{"minecraft:player":1,"minecraft:creeper":1,"minecraft:piglin":1,"minecraft:zombie":1,"minecraft:vex":4},"minecraft:dropped":{"minecraft:crimson_planks":4,"minecraft:enchanted_book":2,"minecraft:iron_ingot":4,"minecraft:oak_slab":13,"minecraft:birch_planks":1,"minecraft:wheat_seeds":26,"minecraft:diamond_axe":1,"minecraft:lapis_lazuli":2,"minecraft:diamond":24,"minecraft:crossbow":1,"minecraft:weeping_vines":1,"minecraft:cobblestone":64,"minecraft:granite":4,"minecraft:crimson_fence_gate":48,"minecraft:stick":8,"minecraft:mutton":10,"minecraft:crimson_roots":1,"minecraft:nether_wart_block":1,"minecraft:gold_nugget":9,"minecraft:crimson_fence":18,"minecraft:white_banner":1,"minecraft:mossy_cobblestone_stairs":1,"minecraft:iron_shovel":1,"minecraft:tripwire_hook":4,"minecraft:bone":3,"minecraft:redstone":4,"minecraft:gravel":2,"minecraft:stone_sword":1,"minecraft:raw_copper":7,"minecraft:birch_sapling":1,"minecraft:wheat":5,"minecraft:rotten_flesh":4,"minecraft:oak_planks":3,"minecraft:totem_of_undying":1,"minecraft:poppy":1,"minecraft:crimson_slab":36,"minecraft:oak_sapling":3,"minecraft:arrow":2,"minecraft:bow":17,"minecraft:glass":4,"minecraft:lectern":3,"minecraft:quartz":18},"minecraft:custom":{"minecraft:mob_kills":90,"minecraft:inspect_hopper":1,"minecraft:interact_with_crafting_table":68,"minecraft:leave_game":4,"minecraft:time_since_death":82441,"minecraft:climb_one_cm":19200,"minecraft:sprint_one_cm":810544,"minecraft:walk_one_cm":448548,"minecraft:drop":87,"minecraft:talked_to_villager":680,"minecraft:raid_win":1,"minecraft:play_time":300294,"minecraft:sneak_time":20042,"minecraft:deaths":20,"minecraft:walk_under_water_one_cm":32764,"minecraft:boat_one_cm":9810,"minecraft:jump":5101,"minecraft:interact_with_blast_furnace":9,"minecraft:walk_on_water_one_cm":50313,"minecraft:enchant_item":2,"minecraft:total_world_time":300294,"minecraft:interact_with_furnace":48,"minecraft:traded_with_villager":13,"minecraft:raid_trigger":1,"minecraft:sleep_in_bed":9,"minecraft:time_since_rest":22341,"minecraft:damage_taken":9284,"minecraft:damage_dealt":13249,"minecraft:swim_one_cm":166000,"minecraft:fly_one_cm":1906362,"minecraft:open_chest":78,"minecraft:crouch_one_cm":61349,"minecraft:fall_one_cm":164230},"minecraft:broken":{"minecraft:iron_axe":2,"minecraft:iron_pickaxe":1}},"DataVersion":3953}