{"stats":{"minecraft:used":{"minecraft:oak_trapdoor":5,"minecraft:oak_fence":40,"minecraft:stone_sword":91,"minecraft:crimson_fence":28,"minecraft:iron_shovel":472,"minecraft:flint_and_steel":1,"minecraft:poppy":2,"minecraft:bone_block":3,"minecraft:chest":11,"minecraft:iron_sword":127,"minecraft:netherrack":116,"minecraft:dirt":154,"minecraft:hopper":7,"minecraft:carrot":193,"minecraft:obsidian":4,"minecraft:glass":34,"minecraft:lava_bucket":4,"minecraft:bricks":1,"minecraft:iron_axe":499,"minecraft:birch_sapling":1,"minecraft:crimson_slab":10,"minecraft:totem_of_undying":1,"minecraft:crimson_planks":377,"minecraft:stone_brick_stairs":1,"minecraft:stone_bricks":2,"minecraft:tripwire_hook":2,"minecraft:bow":1,"minecraft:ominous_bottle":1,"minecraft:oak_sapling":8,"minecraft:goat_horn":1,"minecraft:furnace":4,"minecraft:egg":4,"minecraft:cooked_beef":12,"minecraft:cobbled_deepslate":40,"minecraft:pumpkin":8,"minecraft:crimson_stem":1,"minecraft:cooked_mutton":3,"minecraft:water_bucket":132,"minecraft:diorite":11,"minecraft:birch_planks":12,"minecraft:stone_pickaxe":61,"minecraft:oak_planks":111,"minecraft:wooden_pickaxe":3,"minecraft:composter":1,"minecraft:cobblestone_slab":4,"minecraft:sand":1,"minecraft:oak_slab":40,"minecraft:crafting_table":16,"minecraft:crimson_trapdoor":38,"minecraft:crossbow":2,"minecraft:white_bed":2,"minecraft:shears":8,"minecraft:crimson_fence_gate":21,"minecraft:lever":1,"minecraft:diamond_pickaxe":786,"minecraft:apple":2,"minecraft:iron_pickaxe":249,"minecraft:string":7,"minecraft:bread":94,"minecraft:oak_button":1,"minecraft:lectern":90,"minecraft:gravel":1,"minecraft:stone_axe":25,"minecraft:nether_wart_block":2,"minecraft:cobblestone":133,"minecraft:crimson_stairs":15,"minecraft:dark_oak_fence":6,"minecraft:bucket":135,"minecraft:oak_boat":5,"minecraft:experience_bottle":1},"minecraft:picked_up":{"minecraft:crafting_table":7,"minecraft:ominous_bottle":1,"minecraft:stone_brick_stairs":1,"minecraft:crimson_planks":88,"minecraft:oak_trapdoor":1,"minecraft:string":450,"minecraft:raw_copper":7,"minecraft:gold_nugget":9,"minecraft:cobbled_deepslate":40,"minecraft:crimson_fence":13,"minecraft:oak_boat":1,"minecraft:poppy":3,"minecraft:lectern":90,"minecraft:chest":3,"minecraft:birch_sapling":2,"minecraft:furnace":2,"minecraft:egg":4,"minecraft:stick":10,"minecraft:raw_iron":57,"minecraft:oak_fence":4,"minecraft:diorite":28,"minecraft:carrot":436,"minecraft:redstone":12,"minecraft:weeping_vines":1,"minecraft:rotten_flesh":8,"minecraft:arrow":6,"minecraft:hay_block":16,"minecraft:obsidian":4,"minecraft:mutton":10,"minecraft:cobblestone":688,"minecraft:crimson_slab":5,"minecraft:bone_block":17,"minecraft:white_wool":6,"minecraft:stripped_oak_log":4,"minecraft:birch_log":6,"minecraft:cooked_beef":1,"minecraft:crimson_stem":137,"minecraft:andesite":2,"minecraft:birch_planks":2,"minecraft:oak_log":83,"minecraft:nether_wart_block":3,"minecraft:gunpowder":1,"minecraft:lapis_lazuli":22,"minecraft:dirt":435,"minecraft:white_banner":2,"minecraft:glass":6,"minecraft:bone":4,"minecraft:stone_bricks":2,"minecraft:apple":4,"minecraft:bow":1,"minecraft:crimson_fence_gate":1,"minecraft:wheat_seeds":28,"minecraft:raw_gold":5,"minecraft:iron_ingot":20,"minecraft:oak_planks":18,"minecraft:book":13,"minecraft:oak_slab":12,"minecraft:pumpkin":20,"minecraft:quartz":18,"minecraft:gravel":3,"minecraft:sand":75,"minecraft:crimson_stairs":9,"minecraft:diamond":27,"minecraft:granite":4,"minecraft:mossy_cobblestone_stairs":1,"minecraft:emerald":1,"minecraft:oak_button":1,"minecraft:dark_oak_fence":6,"minecraft:oak_sapling":16,"minecraft:hopper":3,"minecraft:netherrack":116,"minecraft:bricks":1,"minecraft:coal":83,"minecraft:crimson_roots":1},"minecraft:crafted":{"minecraft:oak_planks":356,"minecraft:cobblestone_slab":6,"minecraft:tripwire_hook":6,"minecraft:crimson_trapdoor":38,"minecraft:crimson_fence_gate":4,"minecraft:furnace":3,"minecraft:oak_trapdoor":4,"minecraft:cooked_mutton":3,"minecraft:flint_and_steel":1,"minecraft:hopper":5,"minecraft:glass":32,"minecraft:iron_axe":3,"minecraft:stone_pickaxe":1,"minecraft:chest":13,"minecraft:dark_oak_planks":12,"minecraft:oak_fence":36,"minecraft:wheat":144,"minecraft:crossbow":2,"minecraft:oak_slab":48,"minecraft:crimson_planks":544,"minecraft:crafting_table":9,"minecraft:wooden_pickaxe":1,"minecraft:crimson_slab":42,"minecraft:iron_sword":1,"minecraft:birch_planks":24,"minecraft:bucket":1,"minecraft:stone_axe":1,"minecraft:enchanted_book":1,"minecraft:bread":90,"minecraft:air":0,"minecraft:crimson_stairs":16,"minecraft:oak_boat":5,"minecraft:diamond_pickaxe":1,"minecraft:stick":84,"minecraft:iron_ingot":36,"minecraft:iron_pickaxe":1,"minecraft:crimson_fence":33,"minecraft:stone_sword":1,"minecraft:iron_shovel":4,"minecraft:white_bed":2,"minecraft:composter":1,"minecraft:shears":1},"minecraft:mined":{"minecraft:nether_gold_ore":3,"minecraft:diamond_ore":2,"minecraft:deepslate_diamond_ore":25,"minecraft:crimson_fence_gate":1,"minecraft:obsidian":4,"minecraft:granite":4,"minecraft:dark_oak_fence":6,"minecraft:grass_block":271,"minecraft:crimson_roots":1,"minecraft:weeping_vines":1,"minecraft:hopper":3,"minecraft:crimson_stem":140,"minecraft:hay_block":16,"minecraft:oak_trapdoor":1,"minecraft:furnace":2,"minecraft:carrots":96,"minecraft:iron_ore":58,"minecraft:andesite":2,"minecraft:pumpkin":20,"minecraft:deepslate_iron_ore":1,"minecraft:dirt_path":2,"minecraft:stripped_oak_log":4,"minecraft:stone":633,"minecraft:bone_block":17,"minecraft:tripwire":1,"minecraft:oak_slab":11,"minecraft:crimson_nylium":1,"minecraft:oak_fence":4,"minecraft:crafting_table":7,"minecraft:short_grass":42,"minecraft:poppy":1,"minecraft:chest":3,"minecraft:crimson_slab":5,"minecraft:lectern":90,"minecraft:copper_ore":2,"minecraft:nether_quartz_ore":18,"minecraft:tall_grass":5,"minecraft:cobblestone":57,"minecraft:lapis_ore":4,"minecraft:deepslate_gold_ore":5,"minecraft:oak_planks":16,"minecraft:bricks":1,"minecraft:diorite":28,"minecraft:crimson_stairs":9,"minecraft:birch_planks":2,"minecraft:nether_wart_block":3,"minecraft:birch_log":6,"minecraft:stone_brick_stairs":1,"minecraft:oak_log":84,"minecraft:coal_ore":64,"minecraft:sand":66,"minecraft:dirt":149,"minecraft:crimson_planks":89,"minecraft:stone_bricks":2,"minecraft:netherrack":118,"minecraft:crimson_fence":14,"minecraft:oak_leaves":20,"minecraft:deepslate":39},"minecraft:killed":{"minecraft:vex":2,"minecraft:evoker":4,"minecraft:witch":5,"minecraft:vindicator":18,"minecraft:spider":2,"minecraft:skeleton":5,"minecraft:iron_golem":3,"minecraft:creeper":1,"minecraft:sheep":6,"minecraft:pillager":31,"minecraft:zombie":7},"minecraft:killed_by":{"minecraft:player":1,"minecraft:creeper":1,"minecraft:piglin":1,"minecraft:zombie":1,"minecraft:vex":4},"minecraft:dropped":{"minecraft:enchanted_book":1,"minecraft:crimson_planks":4,"minecraft:iron_ingot":4,"minecraft:oak_slab":5,"minecraft:birch_planks":1,"minecraft:wheat_seeds":19,"minecraft:diamond":24,"minecraft:weeping_vines":1,"minecraft:cobblestone":64,"minecraft:granite":4,"minecraft:crimson_fence_gate":48,"minecraft:stick":2,"minecraft:mutton":10,"minecraft:crimson_roots":1,"minecraft:nether_wart_block":1,"minecraft:crimson_fence":18,"minecraft:gold_nugget":9,"minecraft:white_banner":1,"minecraft:mossy_cobblestone_stairs":1,"minecraft:iron_shovel":1,"minecraft:tripwire_hook":4,"minecraft:gravel":2,"minecraft:stone_sword":1,"minecraft:raw_copper":7,"minecraft:wheat":5,"minecraft:birch_sapling":1,"minecraft:rotten_flesh":2,"minecraft:oak_planks":1,"minecraft:totem_of_undying":1,"minecraft:poppy":1,"minecraft:crimson_slab":36,"minecraft:oak_sapling":3,"minecraft:arrow":2,"minecraft:glass":4,"minecraft:quartz":18},"minecraft:custom":{"minecraft:mob_kills":87,"minecraft:inspect_hopper":1,"minecraft:interact_with_crafting_table":59,"minecraft:leave_game":3,"minecraft:time_since_death":22676,"minecraft:climb_one_cm":12474,"minecraft:sprint_one_cm":707862,"minecraft:walk_one_cm":364887,"minecraft:drop":52,"minecraft:talked_to_villager":143,"minecraft:raid_win":1,"minecraft:play_time":240529,"minecraft:deaths":20,"minecraft:sneak_time":19059,"minecraft:walk_under_water_one_cm":31622,"minecraft:boat_one_cm":9810,"minecraft:jump":4745,"minecraft:interact_with_blast_furnace":9,"minecraft:walk_on_water_one_cm":46518,"minecraft:enchant_item":1,"minecraft:total_world_time":240529,"minecraft:interact_with_furnace":48,"minecraft:traded_with_villager":1,"minecraft:raid_trigger":1,"minecraft:sleep_in_bed":6,"minecraft:time_since_rest":6831,"minecraft:damage_taken":8054,"minecraft:damage_dealt":12356,"minecraft:swim_one_cm":163800,"minecraft:fly_one_cm":1167452,"minecraft:open_chest":66,"minecraft:crouch_one_cm":60913,"minecraft:fall_one_cm":155440},"minecraft:broken":{"minecraft:iron_axe":1,"minecraft:iron_pickaxe":1}},"DataVersion":3953}