{"stats":{"minecraft:broken":{"minecraft:iron_axe":2,"minecraft:iron_pickaxe":1},"minecraft:mined":{"minecraft:black_shulker_box":2,"minecraft:obsidian":23,"minecraft:granite":4,"minecraft:grass_block":286,"minecraft:hopper":3,"minecraft:oak_wall_sign":1,"minecraft:nether_wart":20,"minecraft:weeping_vines_plant":4,"minecraft:iron_ore":58,"minecraft:fire":2,"minecraft:pumpkin":20,"minecraft:deepslate_lapis_ore":3,"minecraft:oak_sign":1,"minecraft:dirt_path":2,"minecraft:oak_stairs":2,"minecraft:tripwire":1,"minecraft:crimson_nylium":7,"minecraft:poppy":1,"minecraft:chest":4,"minecraft:nether_quartz_ore":106,"minecraft:cobblestone":62,"minecraft:sugar_cane":68,"minecraft:oak_planks":19,"minecraft:bricks":1,"minecraft:crimson_stairs":9,"minecraft:wall_torch":1,"minecraft:nether_wart_block":3,"minecraft:birch_log":6,"minecraft:stone_brick_stairs":1,"minecraft:oak_log":113,"minecraft:sand":66,"minecraft:dirt":343,"minecraft:crimson_planks":89,"minecraft:netherrack":518,"minecraft:oak_leaves":27,"minecraft:deepslate":97,"minecraft:nether_gold_ore":73,"minecraft:diamond_ore":2,"minecraft:mossy_cobblestone":1,"minecraft:deepslate_diamond_ore":60,"minecraft:crimson_fence_gate":1,"minecraft:nether_bricks":3,"minecraft:dark_oak_fence":6,"minecraft:crimson_roots":2,"minecraft:weeping_vines":1,"minecraft:crimson_stem":140,"minecraft:hay_block":16,"minecraft:oak_trapdoor":1,"minecraft:furnace":2,"minecraft:carrots":96,"minecraft:andesite":2,"minecraft:bookshelf":1,"minecraft:deepslate_iron_ore":3,"minecraft:stripped_oak_log":8,"minecraft:stone":662,"minecraft:bone_block":17,"minecraft:oak_slab":11,"minecraft:soul_sand":20,"minecraft:oak_fence":4,"minecraft:crafting_table":7,"minecraft:short_grass":43,"minecraft:crimson_slab":5,"minecraft:lectern":289,"minecraft:tall_grass":5,"minecraft:copper_ore":2,"minecraft:lapis_ore":4,"minecraft:deepslate_gold_ore":5,"minecraft:diorite":28,"minecraft:birch_planks":2,"minecraft:white_wall_banner":1,"minecraft:coal_ore":64,"minecraft:stone_bricks":2,"minecraft:crimson_fence":14},"minecraft:killed_by":{"minecraft:zombified_piglin":1,"minecraft:creeper":2,"minecraft:drowned":3,"minecraft:piglin":1,"minecraft:zombie":1,"minecraft:vex":4,"minecraft:player":2},"minecraft:custom":{"minecraft:interact_with_crafting_table":78,"minecraft:open_shulker_box":8,"minecraft:leave_game":6,"minecraft:time_since_death":27410,"minecraft:sprint_one_cm":1186021,"minecraft:drop":159,"minecraft:talked_to_villager":733,"minecraft:play_time":449806,"minecraft:deaths":29,"minecraft:jump":8074,"minecraft:walk_on_water_one_cm":82749,"minecraft:enchant_item":2,"minecraft:interact_with_furnace":56,"minecraft:traded_with_villager":71,"minecraft:sleep_in_bed":10,"minecraft:damage_dealt":22314,"minecraft:crouch_one_cm":90009,"minecraft:mob_kills":145,"minecraft:interact_with_anvil":4,"minecraft:inspect_hopper":1,"minecraft:climb_one_cm":34900,"minecraft:walk_one_cm":593150,"minecraft:raid_win":2,"minecraft:sneak_time":28120,"minecraft:walk_under_water_one_cm":71836,"minecraft:boat_one_cm":10263,"minecraft:interact_with_blast_furnace":9,"minecraft:total_world_time":449806,"minecraft:raid_trigger":1,"minecraft:interact_with_grindstone":1,"minecraft:time_since_rest":27435,"minecraft:damage_taken":16917,"minecraft:damage_absorbed":238,"minecraft:swim_one_cm":271713,"minecraft:fly_one_cm":2782838,"minecraft:open_chest":152,"minecraft:fall_one_cm":258062},"minecraft:used":{"minecraft:iron_shovel":676,"minecraft:bone_block":3,"minecraft:poppy":7,"minecraft:oak_sign":3,"minecraft:chest":17,"minecraft:iron_sword":128,"minecraft:carrot":297,"minecraft:obsidian":22,"minecraft:glass":34,"minecraft:lava_bucket":4,"minecraft:bricks":1,"minecraft:birch_sapling":1,"minecraft:stone_brick_stairs":1,"minecraft:stone_bricks":2,"minecraft:bow":4,"minecraft:ominous_bottle":1,"minecraft:furnace":4,"minecraft:oak_sapling":8,"minecraft:egg":4,"minecraft:diorite":11,"minecraft:stone_pickaxe":61,"minecraft:oak_planks":153,"minecraft:wooden_pickaxe":3,"minecraft:composter":1,"minecraft:diamond_axe":216,"minecraft:sugar_cane":7,"minecraft:sand":1,"minecraft:crossbow":2,"minecraft:shears":12,"minecraft:crimson_fence_gate":21,"minecraft:lever":1,"minecraft:bread":94,"minecraft:string":12,"minecraft:lectern":291,"minecraft:gravel":1,"minecraft:nether_wart_block":2,"minecraft:diamond_sword":157,"minecraft:dark_oak_fence":6,"minecraft:oak_boat":5,"minecraft:experience_bottle":1,"minecraft:oak_fence":40,"minecraft:oak_trapdoor":5,"minecraft:enchanting_table":1,"minecraft:stone_sword":91,"minecraft:crimson_fence":28,"minecraft:flint_and_steel":4,"minecraft:netherrack":440,"minecraft:torch":3,"minecraft:dirt":215,"minecraft:hopper":7,"minecraft:bookshelf":28,"minecraft:iron_axe":541,"minecraft:crimson_slab":10,"minecraft:totem_of_undying":7,"minecraft:crimson_planks":378,"minecraft:tripwire_hook":3,"minecraft:goat_horn":1,"minecraft:cooked_beef":36,"minecraft:cobbled_deepslate":40,"minecraft:pumpkin":8,"minecraft:crimson_stem":1,"minecraft:cooked_mutton":3,"minecraft:water_bucket":171,"minecraft:birch_planks":12,"minecraft:black_shulker_box":4,"minecraft:cobblestone_slab":4,"minecraft:mossy_cobblestone":1,"minecraft:oak_slab":40,"minecraft:crafting_table":17,"minecraft:crimson_trapdoor":38,"minecraft:magenta_bed":1,"minecraft:white_bed":2,"minecraft:diamond_pickaxe":1509,"minecraft:apple":2,"minecraft:diamond_shovel":20,"minecraft:oak_button":1,"minecraft:iron_pickaxe":249,"minecraft:stone_axe":25,"minecraft:crimson_sign":1,"minecraft:cobblestone":232,"minecraft:crimson_stairs":25,"minecraft:white_banner":2,"minecraft:cooked_porkchop":3,"minecraft:bucket":174},"minecraft:dropped":{"minecraft:birch_planks":1,"minecraft:diamond_axe":1,"minecraft:lapis_lazuli":7,"minecraft:diamond":24,"minecraft:crossbow":1,"minecraft:weeping_vines":3,"minecraft:leather":2,"minecraft:dirt":1,"minecraft:mutton":10,"minecraft:crimson_roots":2,"minecraft:black_shulker_box":9,"minecraft:gold_nugget":20,"minecraft:gold_ingot":9,"minecraft:bone":5,"minecraft:gravel":2,"minecraft:sugar_cane":2,"minecraft:birch_sapling":1,"minecraft:wheat":5,"minecraft:rotten_flesh":10,"minecraft:oak_planks":5,"minecraft:salmon":1,"minecraft:poppy":1,"minecraft:gunpowder":1,"minecraft:chest":3,"minecraft:arrow":2,"minecraft:glass":4,"minecraft:quartz":387,"minecraft:lectern":3,"minecraft:netherrack":5,"minecraft:crimson_planks":4,"minecraft:iron_ingot":4,"minecraft:enchanted_book":2,"minecraft:oak_slab":17,"minecraft:wheat_seeds":26,"minecraft:mossy_cobblestone":1,"minecraft:cobblestone":64,"minecraft:book":26,"minecraft:granite":4,"minecraft:crimson_fence_gate":48,"minecraft:stick":8,"minecraft:nether_wart_block":1,"minecraft:oak_stairs":1,"minecraft:crimson_fence":18,"minecraft:white_banner":1,"minecraft:mossy_cobblestone_stairs":1,"minecraft:iron_shovel":1,"minecraft:paper":6,"minecraft:string":1012,"minecraft:tripwire_hook":4,"minecraft:redstone":8,"minecraft:stone_sword":1,"minecraft:raw_copper":7,"minecraft:nether_bricks":1,"minecraft:totem_of_undying":1,"minecraft:crimson_slab":36,"minecraft:oak_sapling":5,"minecraft:bow":17,"minecraft:magma_cream":3,"minecraft:nautilus_shell":3},"minecraft:crafted":{"minecraft:oak_planks":504,"minecraft:cobblestone_slab":6,"minecraft:blaze_powder":20,"minecraft:diamond_shovel":1,"minecraft:bookshelf":8,"minecraft:cooked_mutton":3,"minecraft:glass":32,"minecraft:hopper":5,"minecraft:diamond_helmet":1,"minecraft:diamond_leggings":1,"minecraft:chest":13,"minecraft:oak_fence":36,"minecraft:oak_slab":66,"minecraft:emerald":63,"minecraft:diamond_axe":1,"minecraft:crafting_table":10,"minecraft:wooden_pickaxe":1,"minecraft:birch_planks":24,"minecraft:lectern":2,"minecraft:paper":126,"minecraft:diamond_pickaxe":2,"minecraft:stick":88,"minecraft:iron_ingot":38,"minecraft:iron_pickaxe":1,"minecraft:stone_sword":1,"minecraft:composter":1,"minecraft:shears":2,"minecraft:golden_carrot":64,"minecraft:tripwire_hook":6,"minecraft:crimson_trapdoor":38,"minecraft:crimson_fence_gate":4,"minecraft:furnace":3,"minecraft:oak_trapdoor":4,"minecraft:flint_and_steel":2,"minecraft:iron_axe":3,"minecraft:stone_pickaxe":1,"minecraft:diamond_boots":1,"minecraft:dark_oak_planks":12,"minecraft:wheat":144,"minecraft:crossbow":3,"minecraft:crimson_planks":544,"minecraft:crimson_slab":42,"minecraft:iron_sword":1,"minecraft:bucket":1,"minecraft:stone_axe":1,"minecraft:enchanted_book":7,"minecraft:bread":90,"minecraft:air":0,"minecraft:crimson_stairs":16,"minecraft:oak_boat":5,"minecraft:crimson_fence":33,"minecraft:iron_shovel":4,"minecraft:white_bed":2,"minecraft:diamond_chestplate":1},"minecraft:picked_up":{"minecraft:diamond_sword":1,"minecraft:oak_stairs":1,"minecraft:enchanted_book":1,"minecraft:stone_brick_stairs":1,"minecraft:crimson_planks":88,"minecraft:string":2114,"minecraft:raw_copper":7,"minecraft:oak_sign":8,"minecraft:black_shulker_box":4,"minecraft:gold_nugget":666,"minecraft:cobbled_deepslate":98,"minecraft:crimson_fence":13,"minecraft:crimson_sign":1,"minecraft:furnace":2,"minecraft:tipped_arrow":1,"minecraft:stick":244,"minecraft:oak_fence":4,"minecraft:torch":4,"minecraft:diorite":28,"minecraft:rotten_flesh":18,"minecraft:bookshelf":22,"minecraft:blaze_rod":11,"minecraft:obsidian":23,"minecraft:cobblestone":729,"minecraft:nautilus_shell":4,"minecraft:birch_log":6,"minecraft:enchanting_table":1,"minecraft:cooked_beef":20,"minecraft:magma_cream":3,"minecraft:water_bucket":1,"minecraft:andesite":2,"minecraft:magenta_bed":1,"minecraft:wither_skeleton_skull":1,"minecraft:lapis_lazuli":155,"minecraft:dirt":648,"minecraft:lantern":46,"minecraft:glass":132,"minecraft:bone":27,"minecraft:bow":26,"minecraft:wheat_seeds":35,"minecraft:crimson_fence_gate":1,"minecraft:raw_gold":5,"minecraft:oak_planks":41,"minecraft:cooked_porkchop":3,"minecraft:sand":75,"minecraft:spectral_arrow":12,"minecraft:mossy_cobblestone":2,"minecraft:diamond":146,"minecraft:crossbow":3,"minecraft:granite":4,"minecraft:emerald":32,"minecraft:oak_sapling":18,"minecraft:netherrack":502,"minecraft:dark_oak_fence":6,"minecraft:bricks":1,"minecraft:crimson_roots":2,"minecraft:diamond_pickaxe":2,"minecraft:crafting_table":7,"minecraft:ominous_bottle":1,"minecraft:nether_wart":22,"minecraft:oak_trapdoor":1,"minecraft:iron_axe":1,"minecraft:iron_shovel":1,"minecraft:oak_boat":1,"minecraft:poppy":8,"minecraft:lectern":292,"minecraft:sugar_cane":135,"minecraft:chest":5,"minecraft:birch_sapling":2,"minecraft:egg":4,"minecraft:raw_iron":61,"minecraft:carrot":488,"minecraft:redstone":16,"minecraft:weeping_vines":4,"minecraft:arrow":141,"minecraft:nether_bricks":1,"minecraft:shears":1,"minecraft:hay_block":16,"minecraft:gold_ingot":13,"minecraft:mutton":10,"minecraft:crimson_slab":5,"minecraft:bone_block":17,"minecraft:white_wool":6,"minecraft:stripped_oak_log":8,"minecraft:golden_carrot":64,"minecraft:crimson_stem":137,"minecraft:tripwire_hook":1,"minecraft:salmon":1,"minecraft:leather":2,"minecraft:birch_planks":2,"minecraft:oak_log":112,"minecraft:nether_wart_block":3,"minecraft:gunpowder":2,"minecraft:paper":1,"minecraft:white_banner":4,"minecraft:stone_bricks":2,"minecraft:apple":4,"minecraft:iron_ingot":24,"minecraft:soul_sand":20,"minecraft:book":43,"minecraft:oak_slab":14,"minecraft:pumpkin":20,"minecraft:quartz":748,"minecraft:gravel":3,"minecraft:crimson_stairs":9,"minecraft:diamond_shovel":1,"minecraft:diamond_axe":1,"minecraft:mossy_cobblestone_stairs":1,"minecraft:oak_button":1,"minecraft:coal":97,"minecraft:hopper":3},"minecraft:killed":{"minecraft:zombified_piglin":1,"minecraft:witch":9,"minecraft:spider":3,"minecraft:skeleton":9,"minecraft:chicken":1,"minecraft:magma_cube":4,"minecraft:piglin":4,"minecraft:salmon":1,"minecraft:iron_golem":3,"minecraft:creeper":1,"minecraft:sheep":6,"minecraft:pillager":36,"minecraft:zombie":7,"minecraft:blaze":4,"minecraft:vex":2,"minecraft:evoker":4,"minecraft:vindicator":24,"minecraft:drowned":11,"minecraft:hoglin":2,"minecraft:wither_skeleton":5,"minecraft:villager":2,"minecraft:enderman":1}},"DataVersion":3953}