{"stats":{"minecraft:used":{"minecraft:oak_fence":40,"minecraft:stone_sword":81,"minecraft:iron_shovel":74,"minecraft:crimson_fence":25,"minecraft:flint_and_steel":1,"minecraft:poppy":2,"minecraft:bone_block":3,"minecraft:chest":3,"minecraft:netherrack":116,"minecraft:dirt":86,"minecraft:carrot":22,"minecraft:obsidian":4,"minecraft:iron_axe":297,"minecraft:birch_sapling":1,"minecraft:crimson_slab":8,"minecraft:crimson_planks":371,"minecraft:stone_brick_stairs":1,"minecraft:stone_bricks":2,"minecraft:tripwire_hook":2,"minecraft:goat_horn":1,"minecraft:oak_sapling":8,"minecraft:furnace":4,"minecraft:egg":3,"minecraft:cobbled_deepslate":40,"minecraft:crimson_stem":1,"minecraft:water_bucket":50,"minecraft:birch_planks":12,"minecraft:stone_pickaxe":61,"minecraft:oak_planks":109,"minecraft:wooden_pickaxe":3,"minecraft:oak_slab":40,"minecraft:crafting_table":11,"minecraft:crimson_trapdoor":2,"minecraft:shears":6,"minecraft:lever":1,"minecraft:diamond_pickaxe":73,"minecraft:apple":2,"minecraft:bread":55,"minecraft:string":5,"minecraft:iron_pickaxe":249,"minecraft:stone_axe":25,"minecraft:cobblestone":2,"minecraft:crimson_stairs":15,"minecraft:bucket":51,"minecraft:oak_boat":1},"minecraft:picked_up":{"minecraft:crafting_table":6,"minecraft:stone_brick_stairs":1,"minecraft:crimson_planks":83,"minecraft:string":446,"minecraft:gold_nugget":9,"minecraft:cobbled_deepslate":40,"minecraft:crimson_fence":12,"minecraft:oak_boat":1,"minecraft:poppy":3,"minecraft:birch_sapling":2,"minecraft:egg":3,"minecraft:furnace":1,"minecraft:stick":8,"minecraft:raw_iron":25,"minecraft:oak_fence":4,"minecraft:diorite":5,"minecraft:carrot":22,"minecraft:rotten_flesh":5,"minecraft:arrow":2,"minecraft:hay_block":16,"minecraft:obsidian":4,"minecraft:cobblestone":88,"minecraft:crimson_slab":3,"minecraft:bone_block":17,"minecraft:birch_log":6,"minecraft:crimson_stem":118,"minecraft:birch_planks":2,"minecraft:oak_log":56,"minecraft:nether_wart_block":1,"minecraft:gunpowder":1,"minecraft:lapis_lazuli":22,"minecraft:dirt":99,"minecraft:bone":1,"minecraft:stone_bricks":2,"minecraft:apple":4,"minecraft:wheat_seeds":15,"minecraft:raw_gold":5,"minecraft:iron_ingot":20,"minecraft:oak_planks":16,"minecraft:oak_slab":12,"minecraft:quartz":18,"minecraft:crimson_stairs":9,"minecraft:diamond":27,"minecraft:granite":4,"minecraft:oak_sapling":15,"minecraft:netherrack":116,"minecraft:coal":34,"minecraft:crimson_roots":1},"minecraft:crafted":{"minecraft:oak_planks":224,"minecraft:tripwire_hook":6,"minecraft:crimson_trapdoor":2,"minecraft:furnace":3,"minecraft:flint_and_steel":1,"minecraft:iron_axe":2,"minecraft:stone_pickaxe":1,"minecraft:chest":3,"minecraft:oak_fence":36,"minecraft:wheat":144,"minecraft:oak_slab":36,"minecraft:crimson_planks":468,"minecraft:crafting_table":5,"minecraft:wooden_pickaxe":1,"minecraft:crimson_slab":6,"minecraft:birch_planks":24,"minecraft:bucket":1,"minecraft:stone_axe":1,"minecraft:bread":90,"minecraft:air":0,"minecraft:crimson_stairs":16,"minecraft:oak_boat":1,"minecraft:diamond_pickaxe":1,"minecraft:stick":64,"minecraft:iron_ingot":4,"minecraft:iron_pickaxe":1,"minecraft:crimson_fence":33,"minecraft:stone_sword":1,"minecraft:iron_shovel":1,"minecraft:shears":1},"minecraft:mined":{"minecraft:nether_gold_ore":3,"minecraft:diamond_ore":2,"minecraft:deepslate_diamond_ore":25,"minecraft:obsidian":4,"minecraft:granite":4,"minecraft:grass_block":65,"minecraft:crimson_roots":1,"minecraft:crimson_stem":119,"minecraft:hay_block":16,"minecraft:furnace":1,"minecraft:iron_ore":26,"minecraft:deepslate_iron_ore":1,"minecraft:dirt_path":2,"minecraft:stone":85,"minecraft:bone_block":17,"minecraft:tripwire":1,"minecraft:oak_slab":11,"minecraft:crimson_nylium":1,"minecraft:oak_fence":4,"minecraft:crafting_table":6,"minecraft:short_grass":37,"minecraft:poppy":1,"minecraft:crimson_slab":3,"minecraft:nether_quartz_ore":18,"minecraft:tall_grass":1,"minecraft:cobblestone":1,"minecraft:lapis_ore":4,"minecraft:deepslate_gold_ore":5,"minecraft:oak_planks":14,"minecraft:diorite":5,"minecraft:crimson_stairs":9,"minecraft:birch_planks":2,"minecraft:nether_wart_block":1,"minecraft:birch_log":6,"minecraft:stone_brick_stairs":1,"minecraft:oak_log":57,"minecraft:coal_ore":20,"minecraft:dirt":18,"minecraft:crimson_planks":85,"minecraft:stone_bricks":2,"minecraft:netherrack":118,"minecraft:crimson_fence":13,"minecraft:oak_leaves":16,"minecraft:deepslate":39},"minecraft:killed":{"minecraft:skeleton":2,"minecraft:iron_golem":3,"minecraft:creeper":1,"minecraft:zombie":3},"minecraft:killed_by":{"minecraft:piglin":1,"minecraft:zombie":1},"minecraft:dropped":{"minecraft:crimson_planks":4,"minecraft:iron_ingot":4,"minecraft:birch_planks":1,"minecraft:wheat_seeds":7,"minecraft:diamond":24,"minecraft:granite":4,"minecraft:nether_wart_block":1,"minecraft:gold_nugget":9,"minecraft:birch_sapling":1,"minecraft:rotten_flesh":2,"minecraft:oak_planks":1,"minecraft:poppy":1,"minecraft:oak_sapling":2,"minecraft:arrow":2,"minecraft:quartz":18},"minecraft:custom":{"minecraft:mob_kills":10,"minecraft:interact_with_crafting_table":36,"minecraft:leave_game":2,"minecraft:time_since_death":48428,"minecraft:climb_one_cm":5531,"minecraft:sprint_one_cm":357064,"minecraft:walk_one_cm":150566,"minecraft:drop":23,"minecraft:play_time":108616,"minecraft:deaths":4,"minecraft:sneak_time":11611,"minecraft:walk_under_water_one_cm":10440,"minecraft:boat_one_cm":9810,"minecraft:jump":2617,"minecraft:walk_on_water_one_cm":21775,"minecraft:total_world_time":108616,"minecraft:interact_with_furnace":16,"minecraft:time_since_rest":48454,"minecraft:damage_taken":3248,"minecraft:damage_dealt":4368,"minecraft:swim_one_cm":38700,"minecraft:fly_one_cm":507153,"minecraft:open_chest":19,"minecraft:crouch_one_cm":40315,"minecraft:fall_one_cm":84589},"minecraft:broken":{"minecraft:iron_axe":1,"minecraft:iron_pickaxe":1}},"DataVersion":3953}