{"stats":{"minecraft:picked_up":{"minecraft:wooden_axe":1,"minecraft:wheat":6,"regions_unexplored:silt_dirt":20,"aether:iron_gloves":2,"minecraft:brown_bed":1,"minecraft:oak_stairs":1,"minecraft:wither_rose":18,"regions_unexplored:prismarite_cluster":1,"minecraft:string":9,"minecraft:soul_soil":2,"minecraft:smooth_stone_slab":3,"minecraft:armor_stand":1,"butchersdelight:cleaver":1,"minecraft:cobbled_deepslate":7,"minecraft:spruce_planks":6,"minecraft:cobblestone_slab":6,"minecraft:enchanted_golden_apple":2,"minecraft:spruce_pressure_plate":1,"minecraft:tipped_arrow":1,"minecraft:stick":15,"born_in_chaos_v1:shattered_skull":4,"minecraft:torch":41,"hexerei:cloth":1,"quark:yellow_corundum_cluster":2,"minecraft:pointed_dripstone":1,"minecraft:diorite":9,"minecraft:rotten_flesh":201,"supplementaries:ash":7,"regions_unexplored:golden_larch_sapling":27,"minecraft:cobblestone":187,"minecraft:birch_log":9,"minecraft:mossy_cobblestone_slab":11,"minecraft:leather_chestplate":2,"minecraft:andesite":8,"minecraft:black_bed":1,"minecraft:smoker":1,"hexerei:witch_hazel_drying_rack":3,"butchersdelight:deadpig":3,"minecraft:dirt":89,"minecraft:lantern":2,"born_in_chaos_v1:monster_skin":4,"minecraft:leather_boots":1,"horror_element_mod:phished_head":1,"minecraft:bone":29,"hexerei:wax_blend":6,"minecraft:wheat_seeds":14,"minecraft:raw_gold":1,"minecraft:cobbled_deepslate_slab":4,"ftbquests:book":1,"minecraft:bamboo":4,"minecraft:mossy_stone_bricks":1,"minecraft:moss_block":1,"minecraft:oak_planks":1,"the_old_ai:scp_079_offline":1,"minecraft:music_disc_13":1,"minecraft:stripped_spruce_log":4,"minecraft:dark_oak_log":4,"regions_unexplored:pink_lupine":2,"minecraft:polished_andesite":5,"minecraft:white_candle":3,"regions_unexplored:clover":31,"horror_element_mod:trapped_leg":1,"minecraft:white_concrete":4,"minecraft:bread":30,"minecraft:jack_o_lantern":1,"minecraft:oak_sapling":1,"minecraft:dark_oak_fence":6,"minecraft:andesite_slab":3,"minecraft:crafting_table":8,"minecraft:coarse_dirt":2,"born_in_chaos_v1:seedof_chaos":1,"minecraft:wooden_pickaxe":1,"minecraft:red_bed":5,"minecraft:stone_stairs":1,"minecraft:item_frame":1,"born_in_chaos_v1:intoxicating_decoction":1,"graveyard:corruption":6,"minecraft:cracked_stone_bricks":2,"horror_element_mod:human_remains":2,"minecraft:beef":16,"minecraft:andesite_stairs":2,"born_in_chaos_v1:gnawed_bones":2,"regions_unexplored:peat_podzol":7,"minecraft:sugar_cane":6,"minecraft:birch_sapling":2,"minecraft:spruce_trapdoor":1,"minecraft:phantom_membrane":2,"minecraft:raw_iron":14,"minecraft:polished_deepslate_slab":3,"quark:green_corundum_cluster":16,"regions_unexplored:silver_birch_leaf_pile":10,"regions_unexplored:blue_lupine":4,"minecraft:redstone":1,"born_in_chaos_v1:pieceofdarkmetal":7,"minecraft:carrot":5,"minecraft:dark_oak_planks":1,"regions_unexplored:dusktrap":2,"hexerei:sage_seed":10,"minecraft:hay_block":3,"minecraft:cracked_deepslate_bricks":4,"regions_unexplored:purple_lupine":1,"born_in_chaos_v1:fused_bone":1,"minecraft:cracked_deepslate_tiles":2,"regions_unexplored:peat_dirt":3,"born_in_chaos_v1:corpse_maggot":12,"born_in_chaos_v1:monster_flesh":8,"regions_unexplored:hanging_prismarite":3,"minecraft:leather":6,"minecraft:fern":2,"minecraft:birch_planks":2,"minecraft:oak_log":12,"minecraft:gunpowder":1,"sanitydim:garland":1,"regions_unexplored:large_prismarite_cluster":2,"hexerei:pestle_and_mortar":3,"minecraft:stone_bricks":4,"minecraft:polished_andesite_slab":1,"minecraft:iron_sword":1,"minecraft:dark_oak_stairs":6,"minecraft:polished_andesite_stairs":1,"minecraft:dark_oak_slab":5,"minecraft:sweet_berries":8,"minecraft:stone_brick_slab":13,"born_in_chaos_v1:ethereal_spirit":1,"minecraft:dripstone_block":1,"minecraft:gravel":6,"born_in_chaos_v1:dark_rod":2,"minecraft:spruce_sapling":1,"quark:green_corundum":10,"minecraft:spruce_door":3,"minecraft:mossy_stone_brick_slab":10,"travelersbackpack:standard":1,"regions_unexplored:cave_hyssop":1,"immersiveengineering:seed":13,"minecraft:chainmail_leggings":1,"regions_unexplored:silver_birch_log":2,"minecraft:iron_helmet":1,"minecraft:damaged_anvil":4,"minecraft:coal":29,"immersiveengineering:raw_silver":3},"minecraft:custom":{"minecraft:interact_with_crafting_table":34,"minecraft:open_barrel":3,"minecraft:eat_cake_slice":6,"minecraft:leave_game":4,"minecraft:time_since_death":1185,"minecraft:sprint_one_cm":709011,"minecraft:drop":170,"minecraft:talked_to_villager":3,"minecraft:play_time":246679,"minecraft:deaths":17,"minecraft:jump":6179,"minecraft:walk_on_water_one_cm":24961,"minecraft:interact_with_furnace":12,"minecraft:play_record":1,"minecraft:interact_with_cartography_table":2,"minecraft:interact_with_loom":1,"minecraft:sleep_in_bed":3,"minecraft:damage_dealt":22754,"minecraft:player_kills":1,"minecraft:crouch_one_cm":37733,"minecraft:interact_with_smoker":2,"minecraft:mob_kills":117,"minecraft:damage_dealt_resisted":187,"minecraft:climb_one_cm":19474,"minecraft:walk_one_cm":364861,"minecraft:sneak_time":14221,"minecraft:walk_under_water_one_cm":10127,"minecraft:total_world_time":246679,"minecraft:tune_noteblock":1,"minecraft:pot_flower":1,"minecraft:time_since_rest":1209,"minecraft:damage_absorbed":80,"minecraft:damage_taken":10392,"minecraft:trigger_trapped_chest":34,"minecraft:swim_one_cm":38886,"minecraft:fly_one_cm":1580678,"minecraft:open_chest":71,"minecraft:fall_one_cm":191085},"minecraft:killed":{"born_in_chaos_v1:zombie_clown":1,"minecraft:spider":3,"graveyard:wraith":7,"born_in_chaos_v1:siamese_skeletonsright":1,"graveyard:acolyte":1,"graveyard:reaper":1,"minecraft:zombie_villager":3,"minecraft:creeper":2,"theplaguedoctor:plague_doctor":1,"minecraft:pillager":2,"minecraft:zombie":53,"born_in_chaos_v1:dread_hound":2,"born_in_chaos_v1:corpse_fly":1,"graveyard:corrupted_pillager":3,"born_in_chaos_v1:siamese_skeletonsleft":1,"graveyard:revenant":1,"minecraft:vindicator":1,"minecraft:zoglin":1,"born_in_chaos_v1:zombie_bruiser":1,"born_in_chaos_v1:maggot":4,"graveyard:ghoul":5,"born_in_chaos_v1:baby_skeleton":1,"born_in_chaos_v1:decrepit_skeleton":1,"difficult_spawners:evil_spirit":1,"born_in_chaos_v1:dark_vortex":2,"boh:jeff_the_killer":1},"minecraft:killed_by":{"theplaguedoctor:plague_doctor":2,"graveyard:skeleton_creeper":2,"siren_head:siren_head":3,"sanitydim:sneaking_terror":1,"minecraft:zombie":1,"graveyard:wraith":1,"born_in_chaos_v1:zombie_lumberjack":1,"thestairwell:scp_0871":1,"minecraft:skeleton":2},"minecraft:dropped":{"minecraft:dark_oak_stairs":6,"regions_unexplored:peat_podzol":7,"minecraft:cooked_beef":16,"minecraft:dark_oak_slab":5,"minecraft:leather":31,"minecraft:cracked_stone_bricks":1,"travelersbackpack:standard":2,"graveyard:corruption":1,"minecraft:item_frame":1,"minecraft:music_disc_13":1,"born_in_chaos_v1:monster_flesh":4,"minecraft:dirt":14,"born_in_chaos_v1:monster_skin":2,"minecraft:dark_oak_fence":4,"horror_element_mod:phished_head":1,"minecraft:cracked_deepslate_tiles":1,"regions_unexplored:large_prismarite_cluster":2,"minecraft:phantom_membrane":4,"ftbquests:book":1,"regions_unexplored:cave_hyssop":1,"minecraft:bone":10,"minecraft:armor_stand":1,"minecraft:gravel":6,"minecraft:cobbled_deepslate":7,"minecraft:birch_sapling":2,"butchersdelight:cleaver":1,"minecraft:rotten_flesh":187,"minecraft:oak_planks":39,"minecraft:fern":1,"minecraft:mossy_stone_brick_slab":1,"minecraft:stone_stairs":1,"minecraft:carrot":5,"minecraft:leather_chestplate":1,"supplementaries:ash":4,"regions_unexplored:peat_dirt":3,"minecraft:tipped_arrow":1,"born_in_chaos_v1:corpse_maggot":7,"regions_unexplored:hanging_prismarite":2,"minecraft:leather_boots":2,"minecraft:beef":32,"immersiveengineering:seed":13,"minecraft:written_book":1,"born_in_chaos_v1:dark_rod":1,"minecraft:bread":30,"minecraft:stripped_spruce_log":1,"born_in_chaos_v1:shattered_skull":2,"minecraft:wheat_seeds":9,"minecraft:cobblestone":12,"minecraft:iron_helmet":1,"minecraft:spruce_door":1,"minecraft:golden_apple":2,"minecraft:polished_andesite":2,"minecraft:stick":23,"minecraft:mossy_cobblestone_slab":8,"minecraft:white_concrete":2,"regions_unexplored:purple_lupine":1,"minecraft:iron_leggings":2,"minecraft:polished_andesite_stairs":1,"minecraft:wither_rose":16,"minecraft:chainmail_leggings":1,"minecraft:string":8,"butchersdelight:deadpig":2,"minecraft:stone_brick_slab":3,"minecraft:redstone":1,"hexerei:sage_seed":8,"minecraft:smooth_stone_slab":2,"minecraft:polished_deepslate_slab":1,"regions_unexplored:clover":27,"minecraft:iron_boots":1,"butchersdelightfoods:cookedsheepshank":1,"minecraft:cobbled_deepslate_slab":3,"regions_unexplored:pink_lupine":2,"minecraft:cobblestone_slab":1,"minecraft:hay_block":1,"aether:iron_gloves":3,"minecraft:spruce_trapdoor":1,"minecraft:iron_chestplate":1,"horror_element_mod:human_remains":4,"minecraft:andesite":8,"minecraft:andesite_stairs":2,"minecraft:golden_leggings":1,"minecraft:oak_sapling":1,"minecraft:stone_bricks":1,"minecraft:bamboo":4,"minecraft:wooden_pickaxe":1,"minecraft:cracked_deepslate_bricks":3,"regions_unexplored:blue_lupine":3},"minecraft:broken":{"minecraft:iron_chestplate":1,"minecraft:iron_leggings":1,"sanitydim:garland":1,"minecraft:stone_pickaxe":1,"minecraft:golden_sword":1,"minecraft:iron_sword":1,"aether:leather_gloves":1},"minecraft:crafted":{"minecraft:oak_planks":56,"minecraft:crafting_table":2,"minecraft:spruce_planks":144,"minecraft:wooden_pickaxe":1,"minecraft:campfire":1,"minecraft:birch_planks":44,"butchersdelightfoods:cookedsheeprack":1,"minecraft:iron_chestplate":1,"minecraft:stick":36,"minecraft:iron_pickaxe":1,"minecraft:jukebox":1,"minecraft:furnace":1,"minecraft:iron_axe":1,"minecraft:stone_pickaxe":1,"quark:spruce_chest":1,"minecraft:dark_oak_planks":36,"minecraft:wheat":18,"minecraft:stone_axe":1,"minecraft:bread":9},"minecraft:mined":{"minecraft:dark_oak_planks":1,"minecraft:spruce_planks":4,"minecraft:mossy_stone_brick_slab":29,"minecraft:andesite_stairs":1,"regions_unexplored:cattail":1,"minecraft:grass_block":1,"quark:green_corundum_cluster":1,"minecraft:white_concrete":4,"minecraft:oxeye_daisy":1,"minecraft:spawner":4,"minecraft:mossy_cobblestone_slab":15,"minecraft:cobbled_deepslate":3,"minecraft:iron_ore":15,"minecraft:fire":2,"minecraft:pumpkin":1,"minecraft:brown_bed":1,"minecraft:polished_deepslate_slab":5,"minecraft:iron_bars":1,"minecraft:quartz_slab":1,"regions_unexplored:silt_grass_block":4,"hexerei:witch_hazel_drying_rack":2,"minecraft:red_bed":4,"regions_unexplored:cave_hyssop":1,"minecraft:smoker":1,"minecraft:soul_fire":2,"minecraft:torch":17,"minecraft:polished_andesite_stairs":1,"minecraft:cobblestone":20,"minecraft:white_candle":1,"graveyard:skeleton_hand":1,"minecraft:sugar_cane":3,"minecraft:damaged_anvil":4,"minecraft:wall_torch":20,"minecraft:seagrass":1,"minecraft:stone_stairs":1,"minecraft:black_bed":1,"graveyard:skull_pile":1,"minecraft:wither_rose":9,"minecraft:smooth_stone_slab":2,"minecraft:grass":45,"regions_unexplored:peat_dirt":3,"minecraft:dirt":24,"quark:yellow_corundum_cluster":2,"minecraft:oak_leaves":2,"minecraft:mossy_cobblestone":1,"regions_unexplored:dusktrap":2,"minecraft:dark_oak_log":2,"minecraft:jack_o_lantern":1,"minecraft:mangrove_roots":1,"born_in_chaos_v1:infected_diamond_ore":1,"minecraft:glow_lichen":1,"minecraft:dark_oak_fence":2,"minecraft:cobbled_deepslate_slab":8,"minecraft:polished_andesite_slab":4,"minecraft:soul_campfire":1,"minecraft:spruce_leaves":2,"regions_unexplored:large_prismarite_cluster":1,"immersiveengineering:ore_silver":3,"minecraft:large_fern":4,"minecraft:hay_block":4,"graveyard:tg_moss_block":1,"minecraft:andesite":7,"minecraft:stripped_spruce_log":3,"treechop:chopped_log":3,"minecraft:peony":2,"minecraft:bookshelf":15,"graveyard:sarcophagus":1,"minecraft:cobblestone_slab":9,"minecraft:vine":8,"regions_unexplored:medium_grass":7,"minecraft:stone":107,"supplementaries:wall_lantern":1,"hexerei:witch_hazel_leaves":1,"regions_unexplored:silver_birch_leaf_pile":3,"minecraft:stone_brick_slab":30,"minecraft:crafting_table":6,"realmrpg_skeletons:basic_skeleton":1,"regions_unexplored:silt_dirt":11,"minecraft:andesite_slab":4,"minecraft:campfire":1,"minecraft:tall_grass":2,"the_old_ai:scp_079_refuse":1,"minecraft:diorite":9,"minecraft:coarse_dirt":1,"graveyard:vase_block":5,"hexerei:pestle_and_mortar":1,"quark:green_corundum":10,"minecraft:coal_ore":29,"graveyard:leaning_skeleton":1,"minecraft:dripstone_block":1,"minecraft:cobweb":5,"minecraft:cracked_stone_bricks":2,"minecraft:polished_andesite":4,"minecraft:stone_bricks":6,"minecraft:mossy_stone_bricks":1,"regions_unexplored:peat_podzol":1,"minecraft:fern":5},"minecraft:used":{"minecraft:iron_sword":267,"minecraft:white_candle":5,"regions_unexplored:prismarite_cluster":1,"minecraft:lantern":2,"the_old_ai:scp_079_offline":1,"minecraft:golden_sword":21,"minecraft:written_book":1,"minecraft:furnace":2,"minecraft:diorite":8,"hexerei:pestle_and_mortar":1,"minecraft:stone_pickaxe":181,"minecraft:wooden_pickaxe":12,"minecraft:golden_apple":2,"minecraft:black_bed":1,"born_in_chaos_v1:monster_flesh":1,"minecraft:bread":126,"minecraft:diamond_sword":198,"minecraft:white_concrete":2,"minecraft:experience_bottle":6,"minecraft:spruce_planks":99,"minecraft:torch":119,"minecraft:dirt":74,"minecraft:wooden_axe":20,"butchersdelight:cleaver":2,"quark:spruce_chest":1,"minecraft:iron_axe":25,"quark:green_corundum_cluster":16,"minecraft:brown_bed":1,"minecraft:water_bucket":22,"minecraft:birch_planks":10,"horror_element_mod:slashed_skull":1,"minecraft:music_disc_cat":1,"minecraft:crafting_table":10,"minecraft:red_bed":5,"regions_unexplored:hanging_prismarite":1,"minecraft:campfire":1,"minecraft:cake":2,"minecraft:smoker":1,"minecraft:apple":2,"minecraft:iron_pickaxe":208,"quark:green_corundum":3,"minecraft:stone_axe":4,"butchersdelightfoods:cookedsheeprack":1,"minecraft:cobblestone":213,"travelersbackpack:standard":14,"minecraft:bucket":23,"minecraft:jukebox":1,"minecraft:candle":3}},"DataVersion":3120}