{"stats":{"minecraft:used":{"minecraft:iron_shovel":676,"minecraft:ladder":2,"minecraft:dispenser":5,"minecraft:poppy":8,"minecraft:bone_block":3,"minecraft:oak_sign":6,"minecraft:chest":93,"minecraft:iron_sword":128,"minecraft:soul_sand":4,"minecraft:carrot":297,"minecraft:obsidian":33,"minecraft:glass":86,"minecraft:lava_bucket":4,"minecraft:bricks":1,"minecraft:grass_block":3,"minecraft:birch_sapling":139,"minecraft:stone_brick_stairs":1,"minecraft:stone_bricks":2,"minecraft:repeater":17,"minecraft:bow":4,"minecraft:ominous_bottle":1,"minecraft:oak_sapling":27,"minecraft:furnace":4,"minecraft:egg":6,"minecraft:end_stone_brick_stairs":9,"minecraft:diorite":11,"minecraft:end_stone_bricks":2,"minecraft:wither_skeleton_skull":3,"minecraft:oak_planks":259,"minecraft:stone_pickaxe":61,"minecraft:ender_pearl":5,"minecraft:wooden_pickaxe":3,"minecraft:end_stone_brick_slab":31,"minecraft:composter":1,"minecraft:diamond_axe":368,"minecraft:sugar_cane":7,"minecraft:golden_apple":1,"minecraft:sand":2,"minecraft:crossbow":62,"minecraft:note_block":1,"minecraft:end_stone":884,"minecraft:shears":12,"minecraft:crimson_fence_gate":21,"minecraft:redstone_torch":24,"minecraft:sticky_piston":89,"minecraft:lever":8,"minecraft:bread":94,"minecraft:string":12,"minecraft:lectern":291,"minecraft:gravel":1,"minecraft:nether_wart_block":2,"minecraft:diamond_sword":441,"minecraft:grindstone":1,"minecraft:dark_oak_fence":6,"minecraft:andesite":14,"minecraft:oak_fence":40,"minecraft:oak_boat":5,"minecraft:experience_bottle":1,"minecraft:oak_trapdoor":5,"minecraft:stone_sword":91,"minecraft:enchanting_table":1,"minecraft:crimson_fence":28,"minecraft:flint_and_steel":6,"minecraft:redstone":100,"minecraft:netherrack":462,"minecraft:oak_door":2,"minecraft:torch":3,"minecraft:end_stone_brick_wall":1,"minecraft:dirt":356,"minecraft:hopper":36,"minecraft:bookshelf":28,"minecraft:iron_axe":541,"minecraft:iron_block":277,"minecraft:crimson_slab":20,"minecraft:totem_of_undying":7,"minecraft:crimson_planks":392,"minecraft:tripwire_hook":3,"minecraft:golden_carrot":51,"minecraft:goat_horn":1,"minecraft:cooked_beef":41,"minecraft:cobbled_deepslate":44,"minecraft:observer":44,"minecraft:pumpkin":8,"minecraft:crimson_stem":1,"minecraft:cooked_mutton":3,"minecraft:water_bucket":239,"minecraft:birch_planks":12,"minecraft:black_shulker_box":4,"minecraft:beacon":6,"minecraft:cobblestone_slab":4,"minecraft:mossy_cobblestone":1,"minecraft:comparator":1,"minecraft:magenta_bed":1,"minecraft:tnt":1,"minecraft:crafting_table":23,"minecraft:oak_slab":54,"minecraft:crimson_trapdoor":38,"minecraft:white_bed":2,"minecraft:endermite_spawn_egg":1,"minecraft:piston":12,"minecraft:diamond_pickaxe":1772,"minecraft:ender_eye":10,"minecraft:apple":3,"minecraft:diamond_shovel":145,"minecraft:oak_button":1,"minecraft:iron_pickaxe":249,"minecraft:spruce_sapling":3,"minecraft:stone_axe":25,"minecraft:crimson_sign":1,"minecraft:cobblestone":481,"minecraft:crimson_stairs":25,"minecraft:white_banner":2,"minecraft:cooked_porkchop":3,"minecraft:bucket":229,"minecraft:stripped_oak_log":92,"minecraft:dandelion":1},"minecraft:picked_up":{"minecraft:shulker_shell":4,"minecraft:diamond_sword":1,"minecraft:oak_stairs":19,"minecraft:potion":4,"minecraft:wither_rose":3,"minecraft:enchanted_book":1,"minecraft:stone_brick_stairs":1,"minecraft:crimson_planks":94,"minecraft:brewing_stand":2,"minecraft:amethyst_block":14,"minecraft:string":3159,"minecraft:raw_copper":7,"minecraft:oak_sign":8,"minecraft:black_shulker_box":4,"minecraft:gold_nugget":670,"minecraft:cobbled_deepslate":251,"minecraft:crimson_fence":13,"minecraft:redstone_torch":1,"minecraft:calcite":24,"minecraft:crimson_sign":1,"minecraft:furnace":2,"minecraft:tipped_arrow":1,"minecraft:stick":256,"minecraft:oak_fence":4,"minecraft:torch":5,"minecraft:diorite":28,"minecraft:stone_sword":1,"minecraft:rotten_flesh":27,"minecraft:iron_block":48,"minecraft:bookshelf":22,"minecraft:blaze_rod":14,"minecraft:obsidian":23,"minecraft:cobblestone":745,"minecraft:nautilus_shell":4,"minecraft:birch_log":6,"minecraft:enchanting_table":1,"minecraft:feather":27,"minecraft:cooked_beef":20,"minecraft:magma_cream":3,"minecraft:repeater":1,"minecraft:water_bucket":1,"minecraft:andesite":4,"minecraft:beacon":2,"minecraft:tuff":9,"minecraft:magenta_bed":1,"minecraft:wither_skeleton_skull":3,"minecraft:lapis_lazuli":282,"minecraft:dirt":752,"minecraft:lantern":46,"minecraft:glass":168,"minecraft:bone":54,"minecraft:bow":26,"minecraft:wheat_seeds":53,"minecraft:raw_gold":82,"minecraft:crimson_fence_gate":1,"minecraft:oak_planks":53,"minecraft:cooked_porkchop":3,"minecraft:sand":75,"minecraft:spectral_arrow":12,"minecraft:mossy_cobblestone":2,"minecraft:diamond":222,"minecraft:lever":1,"minecraft:crossbow":12,"minecraft:granite":4,"minecraft:bone_meal":1343,"minecraft:emerald":32,"minecraft:oak_sapling":39,"minecraft:netherrack":510,"minecraft:dark_oak_fence":6,"minecraft:bricks":1,"minecraft:nether_star":2,"minecraft:crimson_roots":4,"minecraft:diamond_pickaxe":2,"minecraft:end_stone_bricks":2,"minecraft:crafting_table":9,"minecraft:ominous_bottle":1,"minecraft:chicken":21,"minecraft:nether_wart":22,"minecraft:gold_block":1,"minecraft:oak_trapdoor":1,"minecraft:elytra":1,"minecraft:iron_axe":1,"minecraft:item_frame":1,"minecraft:iron_shovel":1,"minecraft:oak_boat":1,"minecraft:poppy":9,"minecraft:lectern":292,"minecraft:phantom_membrane":3,"minecraft:sugar_cane":135,"minecraft:chest":6,"minecraft:birch_sapling":122,"minecraft:piston":1,"minecraft:egg":6,"minecraft:raw_iron":122,"minecraft:end_stone":27,"minecraft:bamboo_fence_gate":1,"minecraft:carrot":496,"minecraft:redstone":39,"minecraft:arrow":152,"minecraft:weeping_vines":4,"minecraft:diamond_chestplate":1,"minecraft:nether_bricks":1,"minecraft:shears":1,"minecraft:hay_block":16,"minecraft:gold_ingot":13,"minecraft:mutton":10,"minecraft:crimson_slab":6,"minecraft:bone_block":17,"minecraft:white_wool":6,"minecraft:stripped_oak_log":8,"minecraft:golden_carrot":65,"minecraft:tripwire_hook":1,"minecraft:crimson_stem":137,"minecraft:salmon":1,"minecraft:leather":2,"minecraft:birch_planks":2,"minecraft:oak_log":200,"minecraft:nether_wart_block":3,"minecraft:gunpowder":2,"minecraft:paper":1,"minecraft:white_banner":4,"minecraft:stone_bricks":4,"minecraft:apple":5,"minecraft:iron_ingot":97,"minecraft:soul_sand":20,"minecraft:book":55,"minecraft:oak_slab":18,"minecraft:smooth_basalt":15,"minecraft:pumpkin":20,"minecraft:quartz":748,"minecraft:dandelion":1,"minecraft:gravel":3,"minecraft:crimson_stairs":9,"minecraft:amethyst_shard":8,"minecraft:spider_eye":3,"minecraft:diamond_shovel":1,"minecraft:diamond_axe":1,"minecraft:mossy_cobblestone_stairs":1,"minecraft:oak_button":1,"minecraft:coal":106,"minecraft:hopper":3,"minecraft:ender_pearl":5},"minecraft:broken":{"minecraft:iron_axe":2,"minecraft:iron_pickaxe":1},"minecraft:mined":{"minecraft:black_shulker_box":2,"minecraft:oak_sapling":1,"minecraft:brewing_stand":2,"minecraft:obsidian":23,"minecraft:granite":4,"minecraft:grass_block":367,"minecraft:hopper":3,"minecraft:oak_wall_sign":1,"minecraft:nether_wart":20,"minecraft:spawner":1,"minecraft:weeping_vines_plant":4,"minecraft:iron_ore":74,"minecraft:fire":3,"minecraft:pumpkin":20,"minecraft:deepslate_lapis_ore":7,"minecraft:oak_sign":1,"minecraft:dirt_path":2,"minecraft:oak_stairs":37,"minecraft:end_stone_bricks":2,"minecraft:iron_block":63,"minecraft:tripwire":1,"minecraft:crimson_nylium":7,"minecraft:poppy":1,"minecraft:beacon":2,"minecraft:chest":5,"minecraft:nether_quartz_ore":106,"minecraft:cobblestone":64,"minecraft:sugar_cane":68,"minecraft:oak_planks":32,"minecraft:bricks":1,"minecraft:crimson_stairs":9,"minecraft:wall_torch":1,"minecraft:nether_wart_block":3,"minecraft:birch_log":6,"minecraft:stone_brick_stairs":1,"minecraft:oak_log":202,"minecraft:sand":66,"minecraft:dirt":383,"minecraft:crimson_planks":89,"minecraft:netherrack":526,"minecraft:oak_leaves":43,"minecraft:deepslate":116,"minecraft:nether_gold_ore":73,"minecraft:diamond_ore":2,"minecraft:bamboo_fence_gate":1,"minecraft:mossy_cobblestone":1,"minecraft:deepslate_diamond_ore":96,"minecraft:crimson_fence_gate":1,"minecraft:end_stone":31,"minecraft:nether_bricks":3,"minecraft:dark_oak_fence":6,"minecraft:crimson_roots":2,"minecraft:weeping_vines":1,"minecraft:white_stained_glass":2,"minecraft:crimson_stem":140,"minecraft:hay_block":16,"minecraft:oak_trapdoor":1,"minecraft:furnace":2,"minecraft:carrots":96,"minecraft:andesite":4,"minecraft:gold_block":1,"minecraft:bookshelf":5,"minecraft:deepslate_iron_ore":16,"minecraft:stripped_oak_log":8,"minecraft:stone":676,"minecraft:bone_block":17,"minecraft:oak_slab":14,"minecraft:soul_sand":20,"minecraft:oak_fence":4,"minecraft:crafting_table":9,"minecraft:short_grass":54,"minecraft:crimson_slab":5,"minecraft:lectern":289,"minecraft:copper_ore":2,"minecraft:purpur_pillar":2,"minecraft:tall_grass":6,"minecraft:lapis_ore":9,"minecraft:deepslate_gold_ore":39,"minecraft:diorite":28,"minecraft:birch_planks":2,"minecraft:white_wall_banner":1,"minecraft:coal_ore":64,"minecraft:stone_bricks":6,"minecraft:crimson_fence":14},"minecraft:dropped":{"minecraft:piston":1,"minecraft:birch_planks":1,"minecraft:diamond_axe":1,"minecraft:lapis_lazuli":7,"minecraft:diamond":24,"minecraft:nether_star":1,"minecraft:crossbow":2,"minecraft:weeping_vines":3,"minecraft:leather":2,"minecraft:birch_slab":1,"minecraft:item_frame":1,"minecraft:dirt":1,"minecraft:mutton":10,"minecraft:crimson_roots":4,"minecraft:black_shulker_box":9,"minecraft:gold_nugget":20,"minecraft:bone_meal":64,"minecraft:gold_ingot":9,"minecraft:bone":5,"minecraft:gravel":2,"minecraft:sugar_cane":2,"minecraft:cobbled_deepslate":136,"minecraft:wheat":5,"minecraft:birch_sapling":2,"minecraft:rotten_flesh":10,"minecraft:oak_planks":5,"minecraft:end_stone":3,"minecraft:salmon":1,"minecraft:carrot":8,"minecraft:poppy":1,"minecraft:gunpowder":1,"minecraft:chest":3,"minecraft:arrow":2,"minecraft:glass":4,"minecraft:quartz":387,"minecraft:lectern":3,"minecraft:netherrack":10,"minecraft:crimson_planks":4,"minecraft:enchanted_book":2,"minecraft:iron_ingot":76,"minecraft:oak_slab":17,"minecraft:wheat_seeds":44,"minecraft:mossy_cobblestone":1,"minecraft:feather":27,"minecraft:cobblestone":87,"minecraft:book":26,"minecraft:amethyst_block":14,"minecraft:crimson_fence_gate":48,"minecraft:granite":4,"minecraft:stick":8,"minecraft:golden_carrot":1,"minecraft:nether_wart_block":1,"minecraft:oak_stairs":1,"minecraft:crimson_fence":18,"minecraft:wither_rose":3,"minecraft:white_banner":1,"minecraft:mossy_cobblestone_stairs":1,"minecraft:iron_shovel":1,"minecraft:paper":6,"minecraft:string":1033,"minecraft:tripwire_hook":4,"minecraft:smooth_basalt":15,"minecraft:redstone":8,"minecraft:stone_sword":2,"minecraft:raw_copper":7,"minecraft:tuff":9,"minecraft:chicken":21,"minecraft:nether_bricks":1,"minecraft:totem_of_undying":1,"minecraft:end_stone_brick_stairs":1,"minecraft:crimson_slab":36,"minecraft:oak_sapling":6,"minecraft:stone_bricks":2,"minecraft:bow":17,"minecraft:magma_cream":3,"minecraft:nautilus_shell":3,"minecraft:calcite":24},"minecraft:killed_by":{"minecraft:zombified_piglin":1,"minecraft:creeper":2,"minecraft:drowned":3,"minecraft:piglin":1,"minecraft:zombie":2,"minecraft:vex":4,"minecraft:player":3,"minecraft:ender_dragon":2,"minecraft:shulker":1,"minecraft:phantom":1,"minecraft:wither":1},"minecraft:custom":{"minecraft:interact_with_crafting_table":101,"minecraft:open_shulker_box":8,"minecraft:leave_game":12,"minecraft:time_since_death":184625,"minecraft:sprint_one_cm":1649277,"minecraft:drop":206,"minecraft:talked_to_villager":760,"minecraft:play_time":770223,"minecraft:deaths":41,"minecraft:jump":12019,"minecraft:interact_with_brewingstand":3,"minecraft:walk_on_water_one_cm":119660,"minecraft:enchant_item":24,"minecraft:interact_with_furnace":57,"minecraft:traded_with_villager":149,"minecraft:sleep_in_bed":13,"minecraft:open_enderchest":2,"minecraft:damage_dealt":37316,"minecraft:interact_with_beacon":37,"minecraft:crouch_one_cm":150721,"minecraft:inspect_dispenser":31,"minecraft:interact_with_anvil":13,"minecraft:mob_kills":2236,"minecraft:inspect_hopper":8,"minecraft:climb_one_cm":55705,"minecraft:walk_one_cm":855000,"minecraft:raid_win":2,"minecraft:sneak_time":48178,"minecraft:walk_under_water_one_cm":96022,"minecraft:boat_one_cm":10263,"minecraft:interact_with_blast_furnace":15,"minecraft:total_world_time":770223,"minecraft:raid_trigger":1,"minecraft:interact_with_grindstone":16,"minecraft:time_since_rest":184650,"minecraft:damage_taken":23080,"minecraft:damage_absorbed":278,"minecraft:swim_one_cm":284184,"minecraft:fly_one_cm":4196522,"minecraft:open_chest":320,"minecraft:aviate_one_cm":11494,"minecraft:fall_one_cm":356732},"minecraft:killed":{"minecraft:zombified_piglin":1,"minecraft:witch":9,"minecraft:spider":5,"minecraft:shulker":5,"minecraft:skeleton":15,"minecraft:chicken":1,"minecraft:silverfish":2055,"minecraft:piglin_brute":4,"minecraft:magma_cube":4,"minecraft:piglin":5,"minecraft:salmon":1,"minecraft:iron_golem":3,"minecraft:ender_dragon":1,"minecraft:creeper":1,"minecraft:sheep":6,"minecraft:pillager":36,"minecraft:zombie":13,"minecraft:blaze":5,"minecraft:evoker":4,"minecraft:vex":2,"minecraft:endermite":1,"minecraft:vindicator":24,"minecraft:phantom":3,"minecraft:drowned":11,"minecraft:hoglin":3,"minecraft:wither_skeleton":6,"minecraft:villager":2,"minecraft:enderman":4},"minecraft:crafted":{"minecraft:oak_planks":856,"minecraft:cobblestone_slab":6,"minecraft:blaze_powder":20,"minecraft:diamond_shovel":1,"minecraft:bookshelf":8,"minecraft:cooked_mutton":3,"minecraft:glass":32,"minecraft:hopper":18,"minecraft:diamond_helmet":2,"minecraft:diamond_leggings":3,"minecraft:beacon":1,"minecraft:chest":45,"minecraft:oak_fence":36,"minecraft:oak_slab":72,"minecraft:emerald":139,"minecraft:diamond_axe":2,"minecraft:crafting_table":13,"minecraft:wooden_pickaxe":1,"minecraft:birch_planks":24,"minecraft:lectern":2,"minecraft:paper":126,"minecraft:diamond_pickaxe":5,"minecraft:stick":96,"minecraft:iron_ingot":164,"minecraft:iron_pickaxe":1,"minecraft:iron_block":270,"minecraft:stone_sword":1,"minecraft:gold_ingot":86,"minecraft:composter":1,"minecraft:shears":3,"minecraft:golden_carrot":64,"minecraft:tripwire_hook":6,"minecraft:crimson_trapdoor":38,"minecraft:crimson_fence_gate":4,"minecraft:furnace":3,"minecraft:oak_trapdoor":4,"minecraft:flint_and_steel":2,"minecraft:iron_axe":3,"minecraft:ladder":3,"minecraft:stone_pickaxe":1,"minecraft:diamond_boots":2,"minecraft:dark_oak_planks":12,"minecraft:wheat":144,"minecraft:crossbow":3,"minecraft:crimson_planks":544,"minecraft:crimson_slab":42,"minecraft:iron_sword":1,"minecraft:bucket":1,"minecraft:stone_axe":1,"minecraft:enchanted_book":9,"minecraft:air":0,"minecraft:bread":90,"minecraft:crimson_stairs":16,"minecraft:oak_boat":5,"minecraft:crimson_fence":33,"minecraft:iron_shovel":4,"minecraft:white_bed":2,"minecraft:diamond_chestplate":2}},"DataVersion":3953}