{"stats":{"minecraft:broken":{"minecraft:iron_axe":2,"minecraft:iron_pickaxe":1},"minecraft:picked_up":{"minecraft:shulker_shell":4,"minecraft:diamond_sword":1,"minecraft:oak_stairs":19,"minecraft:potion":8,"minecraft:wither_rose":3,"minecraft:enchanted_book":18,"minecraft:stone_brick_stairs":1,"minecraft:crimson_planks":94,"minecraft:brewing_stand":2,"minecraft:amethyst_block":14,"minecraft:string":3902,"minecraft:raw_copper":7,"minecraft:oak_sign":13,"minecraft:black_shulker_box":4,"minecraft:gold_nugget":686,"minecraft:cobbled_deepslate":255,"minecraft:crimson_fence":13,"minecraft:redstone_torch":1,"minecraft:calcite":24,"minecraft:enchanted_golden_apple":1,"minecraft:crimson_sign":1,"minecraft:furnace":2,"minecraft:tipped_arrow":31,"minecraft:golden_helmet":1,"minecraft:stick":256,"minecraft:oak_fence":7,"minecraft:torch":5,"minecraft:waxed_copper_grate":2,"minecraft:diorite":28,"minecraft:stone_sword":1,"minecraft:rotten_flesh":128,"minecraft:iron_block":51,"minecraft:bookshelf":22,"minecraft:blaze_rod":14,"minecraft:deepslate_brick_stairs":1,"minecraft:obsidian":24,"minecraft:cobblestone":752,"minecraft:nautilus_shell":4,"minecraft:birch_log":6,"minecraft:enchanting_table":1,"minecraft:feather":27,"minecraft:cooked_beef":29,"minecraft:magma_cream":3,"minecraft:repeater":1,"minecraft:water_bucket":1,"minecraft:andesite":4,"minecraft:beacon":2,"minecraft:tuff":17,"minecraft:magenta_bed":1,"minecraft:wither_skeleton_skull":3,"minecraft:lapis_lazuli":282,"minecraft:dirt":948,"minecraft:lantern":46,"minecraft:leather_boots":2,"minecraft:glass":169,"minecraft:bone":145,"minecraft:bow":26,"minecraft:wheat_seeds":53,"minecraft:crimson_fence_gate":1,"minecraft:raw_gold":82,"minecraft:oak_planks":56,"minecraft:cooked_porkchop":3,"minecraft:sand":75,"minecraft:spectral_arrow":12,"minecraft:mossy_cobblestone":2,"minecraft:diamond":225,"minecraft:lever":1,"minecraft:granite":4,"minecraft:crossbow":15,"minecraft:breeze_rod":57,"minecraft:bone_meal":1343,"minecraft:emerald":40,"minecraft:oak_sapling":39,"minecraft:netherrack":1406,"minecraft:dark_oak_fence":6,"minecraft:bricks":1,"minecraft:ominous_trial_key":5,"minecraft:nether_star":2,"minecraft:crimson_roots":4,"minecraft:diamond_pickaxe":2,"minecraft:end_stone_bricks":2,"minecraft:crafting_table":9,"minecraft:ladder":5,"minecraft:ominous_bottle":1,"minecraft:chicken":21,"minecraft:nether_wart":22,"minecraft:gold_block":1,"minecraft:shield":1,"minecraft:wind_charge":37,"minecraft:oak_trapdoor":1,"minecraft:elytra":1,"minecraft:iron_axe":1,"minecraft:item_frame":1,"minecraft:iron_shovel":1,"minecraft:blackstone":3,"minecraft:oak_boat":1,"minecraft:poppy":9,"minecraft:lectern":292,"minecraft:guster_pottery_sherd":1,"minecraft:sugar_cane":135,"minecraft:chest":6,"minecraft:birch_sapling":122,"minecraft:piston":1,"minecraft:phantom_membrane":10,"minecraft:egg":6,"minecraft:raw_iron":122,"minecraft:end_stone":27,"minecraft:stone":1,"minecraft:bamboo_fence_gate":1,"minecraft:carrot":504,"minecraft:redstone":39,"minecraft:arrow":266,"minecraft:weeping_vines":4,"minecraft:diamond_chestplate":2,"minecraft:nether_bricks":1,"minecraft:shears":1,"minecraft:hay_block":16,"minecraft:flow_armor_trim_smithing_template":1,"minecraft:gold_ingot":13,"minecraft:tuff_bricks":1,"minecraft:mutton":10,"minecraft:bone_block":17,"minecraft:white_wool":6,"minecraft:crimson_slab":6,"minecraft:stripped_oak_log":8,"minecraft:golden_carrot":71,"minecraft:tripwire_hook":1,"minecraft:crimson_stem":137,"minecraft:salmon":1,"minecraft:leather":2,"minecraft:red_mushroom":2,"minecraft:birch_planks":3,"minecraft:oak_log":200,"minecraft:ancient_debris":26,"minecraft:nether_wart_block":3,"minecraft:gunpowder":2,"minecraft:paper":1,"minecraft:white_banner":4,"minecraft:stone_bricks":4,"minecraft:apple":5,"minecraft:iron_ingot":117,"minecraft:glass_bottle":1,"minecraft:soul_sand":20,"minecraft:book":90,"minecraft:oak_slab":20,"minecraft:smooth_basalt":15,"minecraft:pumpkin":20,"minecraft:quartz":748,"minecraft:dandelion":1,"minecraft:gravel":3,"minecraft:crimson_stairs":9,"minecraft:amethyst_shard":8,"minecraft:spider_eye":3,"minecraft:polished_tuff":2,"minecraft:diamond_shovel":1,"minecraft:slime_ball":312,"minecraft:diamond_axe":1,"minecraft:mossy_cobblestone_stairs":1,"minecraft:oak_button":1,"minecraft:baked_potato":14,"minecraft:coal":106,"minecraft:hopper":3,"minecraft:ender_pearl":5},"minecraft:crafted":{"minecraft:oak_planks":856,"minecraft:cobblestone_slab":6,"minecraft:blaze_powder":20,"minecraft:cooked_chicken":13,"minecraft:diamond_shovel":1,"minecraft:bookshelf":17,"minecraft:cooked_mutton":3,"minecraft:glass":32,"minecraft:hopper":18,"minecraft:diamond_helmet":2,"minecraft:bow":1,"minecraft:diamond_leggings":3,"minecraft:beacon":1,"minecraft:chest":45,"minecraft:oak_fence":36,"minecraft:oak_slab":72,"minecraft:emerald":191,"minecraft:diamond_axe":2,"minecraft:crafting_table":13,"minecraft:wooden_pickaxe":1,"minecraft:smithing_table":1,"minecraft:birch_planks":296,"minecraft:lectern":2,"minecraft:paper":126,"minecraft:diamond_pickaxe":5,"minecraft:stick":96,"minecraft:iron_ingot":225,"minecraft:iron_pickaxe":1,"minecraft:iron_block":270,"minecraft:stone_sword":1,"minecraft:gold_ingot":86,"minecraft:netherite_ingot":6,"minecraft:composter":1,"minecraft:shears":3,"minecraft:golden_carrot":64,"minecraft:tripwire_hook":6,"minecraft:netherite_sword":1,"minecraft:crimson_trapdoor":38,"minecraft:crimson_fence_gate":4,"minecraft:furnace":3,"minecraft:oak_trapdoor":4,"minecraft:flint_and_steel":2,"minecraft:netherite_chestplate":1,"minecraft:iron_axe":3,"minecraft:ladder":3,"minecraft:stone_pickaxe":1,"minecraft:diamond_boots":2,"minecraft:netherite_scrap":26,"minecraft:dark_oak_planks":12,"minecraft:wheat":144,"minecraft:crossbow":3,"minecraft:crimson_planks":544,"minecraft:crimson_slab":42,"minecraft:iron_sword":1,"minecraft:bucket":1,"minecraft:stone_axe":1,"minecraft:enchanted_book":22,"minecraft:air":0,"minecraft:bread":90,"minecraft:crimson_stairs":16,"minecraft:oak_boat":5,"minecraft:crimson_fence":33,"minecraft:iron_shovel":4,"minecraft:white_bed":2,"minecraft:diamond_chestplate":2},"minecraft:used":{"minecraft:iron_shovel":676,"minecraft:oak_sign":11,"minecraft:dispenser":5,"minecraft:ladder":9,"minecraft:poppy":8,"minecraft:bone_block":3,"minecraft:chest":93,"minecraft:shield":8,"minecraft:iron_sword":128,"minecraft:soul_sand":4,"minecraft:carrot":297,"minecraft:obsidian":33,"minecraft:glass":86,"minecraft:lava_bucket":4,"minecraft:bricks":1,"minecraft:grass_block":3,"minecraft:birch_sapling":139,"minecraft:stone_brick_stairs":1,"minecraft:stone_bricks":2,"minecraft:repeater":17,"minecraft:bow":6,"minecraft:ominous_bottle":1,"minecraft:oak_sapling":27,"minecraft:furnace":4,"minecraft:egg":6,"minecraft:end_stone_brick_stairs":9,"minecraft:diorite":11,"minecraft:end_stone_bricks":2,"minecraft:wither_skeleton_skull":3,"minecraft:oak_planks":259,"minecraft:stone_pickaxe":61,"minecraft:ender_pearl":5,"minecraft:wooden_pickaxe":3,"minecraft:end_stone_brick_slab":31,"minecraft:composter":1,"minecraft:diamond_axe":380,"minecraft:sugar_cane":7,"minecraft:golden_apple":1,"minecraft:sand":2,"minecraft:crossbow":81,"minecraft:note_block":1,"minecraft:end_stone":884,"minecraft:shears":12,"minecraft:crimson_fence_gate":21,"minecraft:redstone_torch":24,"minecraft:sticky_piston":89,"minecraft:lever":8,"minecraft:birch_fence_gate":1,"minecraft:mace":67,"minecraft:bread":94,"minecraft:string":12,"minecraft:lectern":291,"minecraft:gravel":1,"minecraft:nether_wart_block":2,"minecraft:diamond_sword":459,"minecraft:grindstone":1,"minecraft:dark_oak_fence":6,"minecraft:smithing_table":1,"minecraft:andesite":14,"minecraft:oak_fence":40,"minecraft:oak_trapdoor":5,"minecraft:oak_boat":5,"minecraft:experience_bottle":4,"minecraft:netherite_sword":469,"minecraft:stone_sword":91,"minecraft:crimson_fence":28,"minecraft:enchanting_table":1,"minecraft:flint_and_steel":6,"minecraft:redstone":100,"minecraft:netherrack":462,"minecraft:oak_door":2,"minecraft:torch":3,"minecraft:end_stone_brick_wall":1,"minecraft:dirt":437,"minecraft:hopper":36,"minecraft:allay_spawn_egg":67,"minecraft:bookshelf":37,"minecraft:iron_axe":541,"minecraft:iron_block":288,"minecraft:crimson_slab":20,"minecraft:totem_of_undying":7,"minecraft:crimson_planks":392,"minecraft:tripwire_hook":3,"minecraft:golden_carrot":76,"minecraft:goat_horn":1,"minecraft:cooked_beef":73,"minecraft:cobbled_deepslate":44,"minecraft:observer":44,"minecraft:pumpkin":8,"minecraft:crimson_stem":1,"minecraft:cooked_mutton":3,"minecraft:water_bucket":313,"minecraft:birch_planks":245,"minecraft:baked_potato":2,"minecraft:black_shulker_box":4,"minecraft:beacon":6,"minecraft:cobblestone_slab":4,"minecraft:mossy_cobblestone":1,"minecraft:comparator":1,"minecraft:magenta_bed":1,"minecraft:tnt":1,"minecraft:crafting_table":23,"minecraft:oak_slab":54,"minecraft:crimson_trapdoor":38,"minecraft:white_bed":2,"minecraft:endermite_spawn_egg":1,"minecraft:piston":12,"minecraft:diamond_pickaxe":3230,"minecraft:ender_eye":10,"minecraft:apple":3,"minecraft:ominous_trial_key":3,"minecraft:diamond_shovel":159,"minecraft:wind_charge":79,"minecraft:oak_button":1,"minecraft:iron_pickaxe":249,"minecraft:spruce_sapling":3,"minecraft:stone_axe":25,"minecraft:crimson_sign":1,"minecraft:cobblestone":481,"minecraft:potion":3,"minecraft:crimson_stairs":25,"minecraft:white_banner":2,"minecraft:cooked_porkchop":3,"minecraft:bucket":303,"minecraft:stripped_oak_log":92,"minecraft:dandelion":1,"minecraft:splash_potion":40},"minecraft:mined":{"minecraft:black_shulker_box":2,"minecraft:oak_sapling":1,"minecraft:brewing_stand":2,"minecraft:obsidian":23,"minecraft:granite":4,"minecraft:grass_block":367,"minecraft:hopper":3,"minecraft:oak_wall_sign":1,"minecraft:nether_wart":20,"minecraft:tuff_bricks":1,"minecraft:spawner":1,"minecraft:weeping_vines_plant":4,"minecraft:iron_ore":74,"minecraft:fire":9,"minecraft:polished_tuff":2,"minecraft:pumpkin":20,"minecraft:deepslate_lapis_ore":7,"minecraft:oak_sign":1,"minecraft:dirt_path":2,"minecraft:oak_stairs":37,"minecraft:end_stone_bricks":2,"minecraft:iron_block":64,"minecraft:tripwire":1,"minecraft:blackstone":3,"minecraft:crimson_nylium":7,"minecraft:poppy":1,"minecraft:beacon":2,"minecraft:chest":5,"minecraft:nether_quartz_ore":106,"minecraft:cobblestone":64,"minecraft:oak_planks":32,"minecraft:sugar_cane":68,"minecraft:bricks":1,"minecraft:crimson_stairs":9,"minecraft:wall_torch":1,"minecraft:nether_wart_block":3,"minecraft:birch_log":6,"minecraft:stone_brick_stairs":1,"minecraft:oak_log":202,"minecraft:sand":66,"minecraft:dirt":397,"minecraft:crimson_planks":89,"minecraft:deepslate":118,"minecraft:ancient_debris":26,"minecraft:netherrack":1940,"minecraft:oak_leaves":43,"minecraft:nether_gold_ore":74,"minecraft:diamond_ore":2,"minecraft:tuff":6,"minecraft:bamboo_fence_gate":1,"minecraft:mossy_cobblestone":1,"minecraft:deepslate_diamond_ore":96,"minecraft:crimson_fence_gate":1,"minecraft:end_stone":31,"minecraft:dark_oak_fence":6,"minecraft:nether_bricks":3,"minecraft:ladder":2,"minecraft:crimson_roots":2,"minecraft:weeping_vines":1,"minecraft:white_stained_glass":2,"minecraft:red_mushroom":2,"minecraft:crimson_stem":140,"minecraft:hay_block":16,"minecraft:oak_trapdoor":1,"minecraft:furnace":2,"minecraft:carrots":97,"minecraft:waxed_copper_grate":2,"minecraft:andesite":4,"minecraft:gold_block":1,"minecraft:bookshelf":15,"minecraft:deepslate_iron_ore":16,"minecraft:stripped_oak_log":8,"minecraft:stone":676,"minecraft:bone_block":17,"minecraft:oak_slab":14,"minecraft:soul_sand":20,"minecraft:oak_fence":4,"minecraft:crafting_table":9,"minecraft:short_grass":55,"minecraft:crimson_slab":5,"minecraft:lectern":289,"minecraft:copper_ore":2,"minecraft:purpur_pillar":2,"minecraft:tall_grass":6,"minecraft:deepslate_gold_ore":39,"minecraft:lapis_ore":9,"minecraft:diorite":28,"minecraft:birch_planks":3,"minecraft:white_wall_banner":1,"minecraft:coal_ore":64,"minecraft:stone_bricks":6,"minecraft:crimson_fence":14},"minecraft:dropped":{"minecraft:piston":1,"minecraft:birch_planks":25,"minecraft:diamond_axe":1,"minecraft:lapis_lazuli":7,"minecraft:cooked_beef":27,"minecraft:glass_bottle":3,"minecraft:diamond":24,"minecraft:nether_star":1,"minecraft:crossbow":7,"minecraft:weeping_vines":3,"minecraft:leather":2,"minecraft:birch_slab":1,"minecraft:item_frame":1,"minecraft:dirt":377,"minecraft:mace":1,"minecraft:mutton":10,"minecraft:crimson_roots":4,"minecraft:black_shulker_box":9,"minecraft:gold_nugget":20,"minecraft:bone_meal":64,"minecraft:phantom_membrane":7,"minecraft:gold_ingot":9,"minecraft:bone":5,"minecraft:gravel":2,"minecraft:blackstone":3,"minecraft:sugar_cane":2,"minecraft:cobbled_deepslate":138,"minecraft:wheat":5,"minecraft:birch_sapling":2,"minecraft:obsidian":1,"minecraft:rotten_flesh":106,"minecraft:oak_planks":6,"minecraft:end_stone":3,"minecraft:salmon":1,"minecraft:carrot":75,"minecraft:endermite_spawn_egg":1,"minecraft:poppy":1,"minecraft:gunpowder":1,"minecraft:leather_boots":1,"minecraft:chest":3,"minecraft:ladder":1,"minecraft:arrow":2,"minecraft:glass":4,"minecraft:quartz":387,"minecraft:lectern":3,"minecraft:netherrack":906,"minecraft:crimson_planks":4,"minecraft:enchanted_book":21,"minecraft:iron_ingot":86,"minecraft:oak_slab":24,"minecraft:wheat_seeds":44,"minecraft:golden_helmet":1,"minecraft:mossy_cobblestone":1,"minecraft:feather":27,"minecraft:cobblestone":87,"minecraft:book":26,"minecraft:polished_tuff":2,"minecraft:amethyst_block":14,"minecraft:granite":4,"minecraft:crimson_fence_gate":48,"minecraft:ominous_trial_key":2,"minecraft:stick":8,"minecraft:iron_block":3,"minecraft:golden_carrot":1,"minecraft:nether_wart_block":1,"minecraft:bamboo_fence_gate":1,"minecraft:oak_stairs":1,"minecraft:crimson_fence":18,"minecraft:wither_rose":3,"minecraft:white_banner":1,"minecraft:mossy_cobblestone_stairs":1,"minecraft:iron_shovel":1,"minecraft:paper":6,"minecraft:string":1045,"minecraft:tripwire_hook":4,"minecraft:redstone":8,"minecraft:smooth_basalt":15,"minecraft:tuff_bricks":1,"minecraft:stone_sword":2,"minecraft:raw_copper":7,"minecraft:tuff":9,"minecraft:chicken":21,"minecraft:nether_bricks":1,"minecraft:totem_of_undying":1,"minecraft:oak_sign":5,"minecraft:end_stone_brick_stairs":1,"minecraft:crimson_slab":36,"minecraft:diamond_chestplate":1,"minecraft:cake":1,"minecraft:oak_sapling":6,"minecraft:stone_bricks":2,"minecraft:slime_ball":311,"minecraft:bow":17,"minecraft:magma_cream":3,"minecraft:nautilus_shell":3,"minecraft:calcite":24,"minecraft:guster_pottery_sherd":1},"minecraft:custom":{"minecraft:interact_with_crafting_table":105,"minecraft:open_barrel":3,"minecraft:open_shulker_box":8,"minecraft:leave_game":13,"minecraft:time_since_death":9051,"minecraft:sprint_one_cm":2061731,"minecraft:damage_blocked_by_shield":1075,"minecraft:drop":306,"minecraft:talked_to_villager":781,"minecraft:play_time":905891,"minecraft:deaths":62,"minecraft:jump":15087,"minecraft:interact_with_brewingstand":3,"minecraft:walk_on_water_one_cm":151018,"minecraft:enchant_item":32,"minecraft:interact_with_furnace":62,"minecraft:traded_with_villager":223,"minecraft:sleep_in_bed":13,"minecraft:open_enderchest":2,"minecraft:damage_dealt":70252,"minecraft:interact_with_beacon":37,"minecraft:player_kills":10,"minecraft:crouch_one_cm":171948,"minecraft:inspect_dispenser":36,"minecraft:interact_with_smithing_table":6,"minecraft:interact_with_anvil":28,"minecraft:mob_kills":6281,"minecraft:inspect_hopper":8,"minecraft:climb_one_cm":83456,"minecraft:walk_one_cm":1066608,"minecraft:raid_win":2,"minecraft:sneak_time":55301,"minecraft:walk_under_water_one_cm":112402,"minecraft:boat_one_cm":10263,"minecraft:interact_with_blast_furnace":20,"minecraft:total_world_time":905891,"minecraft:raid_trigger":1,"minecraft:interact_with_grindstone":27,"minecraft:time_since_rest":9074,"minecraft:damage_taken":35527,"minecraft:damage_absorbed":278,"minecraft:swim_one_cm":306472,"minecraft:fly_one_cm":5000707,"minecraft:open_chest":395,"minecraft:aviate_one_cm":11494,"minecraft:fall_one_cm":618036},"minecraft:killed":{"minecraft:zombified_piglin":2,"minecraft:witch":9,"minecraft:spider":5,"minecraft:shulker":5,"minecraft:skeleton":15,"minecraft:chicken":1,"minecraft:silverfish":4364,"minecraft:piglin_brute":4,"minecraft:magma_cube":4,"minecraft:piglin":5,"minecraft:salmon":1,"minecraft:iron_golem":6,"minecraft:ender_dragon":1,"minecraft:creeper":1,"minecraft:sheep":6,"minecraft:pillager":36,"minecraft:zombie":29,"minecraft:stray":12,"minecraft:blaze":5,"minecraft:evoker":4,"minecraft:vex":2,"minecraft:bogged":25,"minecraft:allay":29,"minecraft:vindicator":24,"minecraft:endermite":1,"minecraft:slime":124,"minecraft:phantom":6,"minecraft:drowned":13,"minecraft:hoglin":3,"minecraft:breeze":9,"minecraft:wither_skeleton":6,"minecraft:villager":2,"minecraft:enderman":4},"minecraft:killed_by":{"minecraft:zombified_piglin":1,"minecraft:creeper":2,"minecraft:drowned":3,"minecraft:piglin":1,"minecraft:zombie":2,"minecraft:vex":4,"minecraft:player":11,"minecraft:ender_dragon":2,"minecraft:shulker":1,"minecraft:warden":12,"minecraft:phantom":1,"minecraft:wither":1}},"DataVersion":3953}