{"stats":{"minecraft:custom":{"minecraft:interact_with_crafting_table":49,"minecraft:open_barrel":4,"minecraft:eat_cake_slice":6,"minecraft:leave_game":9,"minecraft:time_since_death":143375,"minecraft:play_time":747716,"minecraft:deaths":28,"minecraft:jump":15531,"minecraft:interact_with_furnace":13,"minecraft:play_record":5,"minecraft:interact_with_cartography_table":2,"minecraft:sleep_in_bed":5,"minecraft:damage_dealt":45016,"minecraft:interact_with_smoker":2,"minecraft:interact_with_smithing_table":5,"minecraft:interact_with_anvil":5,"minecraft:sneak_time":59053,"minecraft:total_world_time":747716,"minecraft:tune_noteblock":1,"minecraft:time_since_rest":143402,"minecraft:swim_one_cm":118217,"minecraft:fly_one_cm":3998034,"minecraft:open_chest":291,"minecraft:fall_one_cm":339360,"minecraft:damage_resisted":239,"minecraft:sprint_one_cm":1524909,"minecraft:drop":286,"minecraft:talked_to_villager":3,"minecraft:walk_on_water_one_cm":43595,"minecraft:interact_with_loom":1,"minecraft:player_kills":1,"minecraft:crouch_one_cm":163188,"minecraft:mob_kills":220,"minecraft:damage_dealt_resisted":1693,"minecraft:climb_one_cm":24494,"minecraft:walk_one_cm":1095384,"minecraft:walk_under_water_one_cm":98798,"minecraft:pot_flower":1,"minecraft:interact_with_grindstone":1,"minecraft:damage_taken":20672,"minecraft:damage_absorbed":243,"minecraft:trigger_trapped_chest":34},"minecraft:crafted":{"born_in_chaos_v1:death_totem":1,"minecraft:emerald":9,"travelersbackpack:standard":3,"minecraft:campfire":1,"minecraft:iron_pickaxe":1,"minecraft:gold_ingot":45,"minecraft:jukebox":1,"minecraft:stone_pickaxe":1,"quark:spruce_chest":1,"minecraft:dark_oak_planks":68,"minecraft:wheat":18,"minecraft:iron_leggings":1,"minecraft:oak_planks":56,"minecraft:iron_boots":1,"regions_unexplored:brimwood_planks":20,"regions_unexplored:willow_planks":88,"minecraft:crafting_table":3,"minecraft:spruce_planks":156,"minecraft:wooden_pickaxe":1,"minecraft:iron_helmet":1,"minecraft:birch_planks":56,"butchersdelightfoods:cookedsheeprack":1,"minecraft:iron_chestplate":2,"minecraft:stick":36,"minecraft:iron_ingot":27,"minecraft:raw_iron":9,"minecraft:furnace":1,"graveyard:dark_iron_ingot":36,"minecraft:flint_and_steel":1,"quark:dark_oak_chest":3,"minecraft:iron_axe":2,"minecraft:birch_sign":6,"minecraft:nether_bricks":7,"minecraft:mangrove_planks":8,"minecraft:stone_axe":1,"minecraft:bread":9},"minecraft:picked_up":{"minecraft:wooden_axe":1,"butchersdelight:deadhoglin":2,"minecraft:iron_chestplate":1,"regions_unexplored:larch_planks":7,"minecraft:anvil":1,"minecraft:smithing_table":1,"regions_unexplored:silt_dirt":20,"minecraft:oak_stairs":1,"minecraft:brown_bed":1,"minecraft:wither_rose":18,"minecraft:enchanted_book":22,"minecraft:golden_sword":2,"minecraft:soul_soil":30,"minecraft:string":33,"butchersdelight:cleaver":1,"minecraft:cobbled_deepslate":8,"minecraft:gold_nugget":2,"minecraft:spruce_planks":15,"minecraft:written_book":2,"minecraft:enchanted_golden_apple":2,"minecraft:mangrove_log":2,"minecraft:golden_helmet":1,"minecraft:spruce_pressure_plate":1,"born_in_chaos_v1:shattered_skull":5,"regions_unexplored:yellow_bioshroom_block":23,"born_in_chaos_v1:pileof_dark_metal":2,"hexerei:cloth":1,"supplementaries:ash":8,"minecraft:birch_log":16,"minecraft:magma_block":2,"minecraft:mossy_cobblestone_slab":11,"minecraft:cooked_beef":15,"minecraft:water_bucket":1,"minecraft:smoker":1,"regions_unexplored:brimwood_planks":3,"minecraft:flint":2,"hexerei:witch_hazel_drying_rack":3,"structure_gel:building_tool":1,"butchersdelight:deadpig":3,"born_in_chaos_v1:black_argillite_button":1,"minecraft:lantern":2,"ftbquests:book":1,"aether:book_of_lore":2,"regions_unexplored:yellow_bioshroom_stem":5,"minecraft:moss_block":1,"regions_unexplored:dropleaf":1,"regions_unexplored:cypress_sapling":14,"minecraft:stripped_spruce_log":4,"minecraft:dark_oak_log":106,"regions_unexplored:pink_lupine":2,"regions_unexplored:hyssop":1,"regions_unexplored:cypress_log":62,"minecraft:polished_andesite":5,"minecraft:white_candle":3,"regions_unexplored:hyacinth_lamp":5,"regions_unexplored:clover":31,"regions_unexplored:willow_log":22,"minecraft:bread":59,"minecraft:jack_o_lantern":1,"minecraft:dark_oak_fence":6,"minecraft:diamond_pickaxe":1,"minecraft:crafting_table":8,"minecraft:coarse_dirt":2,"born_in_chaos_v1:seedof_chaos":3,"immersiveengineering:manual":1,"minecraft:red_bed":5,"minecraft:flint_and_steel":1,"born_in_chaos_v1:intoxicating_decoction":1,"minecraft:iron_shovel":1,"minecraft:cracked_stone_bricks":2,"minecraft:beef":16,"born_in_chaos_v1:gnawed_bones":2,"minecraft:spruce_slab":8,"minecraft:chest":2,"minecraft:birch_sapling":4,"minecraft:polished_deepslate_slab":3,"minecraft:stone":1,"quark:green_corundum_cluster":16,"minecraft:spruce_fence":9,"minecraft:redstone":11,"born_in_chaos_v1:pieceofdarkmetal":11,"minecraft:carrot":5,"regions_unexplored:dusktrap":5,"regions_unexplored:felicia_daisy":13,"minecraft:hay_block":3,"minecraft:cracked_deepslate_bricks":4,"minecraft:gold_ingot":46,"regions_unexplored:purple_lupine":1,"butchersdelight:roaster":2,"born_in_chaos_v1:monster_flesh":21,"minecraft:fern":2,"philipsruins:dark_brick":3,"minecraft:oak_log":22,"sanitydim:garland":1,"cataclysm:music_disc_ender_guardian":3,"minecraft:stone_bricks":4,"born_in_chaos_v1:smoked_flesh":2,"minecraft:cobweb":7,"regions_unexplored:brimwood_log":17,"minecraft:mangrove_planks":3,"minecraft:iron_sword":2,"minecraft:dark_oak_stairs":6,"minecraft:polished_andesite_stairs":1,"minecraft:dark_oak_slab":5,"minecraft:sweet_berries":8,"born_in_chaos_v1:ethereal_spirit":7,"minecraft:spyglass":1,"minecraft:gravel":69,"supplementaries:lead_lantern":3,"minecraft:spruce_sapling":2,"born_in_chaos_v1:fangofthe_hound_leader":2,"minecraft:crying_obsidian":10,"quark:green_corundum":11,"travelersbackpack:standard":12,"regions_unexplored:cave_hyssop":1,"regions_unexplored:fireweed":2,"immersiveengineering:seed":23,"drinkbeer:beer_mug":1,"immersiveengineering:raw_silver":3,"regions_unexplored:brimwood_slab":1,"minecraft:ender_pearl":15,"minecraft:wheat":6,"minecraft:redstone_block":6,"aether:iron_gloves":2,"regions_unexplored:brimsprout":4,"minecraft:potion":2,"minecraft:nether_brick":28,"regions_unexplored:prismarite_cluster":1,"minecraft:red_candle":4,"minecraft:smooth_stone_slab":3,"minecraft:iron_leggings":1,"minecraft:armor_stand":1,"aether:music_disc_ascending_dawn":2,"minecraft:rose_bush":1,"minecraft:cobblestone_slab":6,"minecraft:iron_pickaxe":1,"regions_unexplored:blackwood_log":25,"minecraft:iron_boots":3,"minecraft:tipped_arrow":1,"minecraft:stick":44,"minecraft:oak_fence":1,"minecraft:torch":95,"quark:yellow_corundum_cluster":2,"minecraft:pointed_dripstone":1,"minecraft:diorite":9,"regions_unexplored:daisy":8,"quark:ancient_tome":6,"minecraft:rotten_flesh":260,"immersiveengineering:bannerpattern_treated_wood":1,"minecraft:obsidian":4,"minecraft:cobblestone":215,"regions_unexplored:golden_larch_sapling":27,"minecraft:leather_chestplate":2,"cataclysm:music_disc_the_harbinger":1,"minecraft:andesite":8,"quark:polished_calcite":1,"minecraft:black_bed":1,"map_atlases:atlas":1,"minecraft:tuff":2,"minecraft:lapis_lazuli":273,"minecraft:dirt":229,"born_in_chaos_v1:monster_skin":11,"cataclysm:music_disc_ignis":1,"minecraft:leather_boots":1,"horror_element_mod:phished_head":1,"minecraft:bone":56,"hexerei:wax_blend":6,"minecraft:bow":1,"minecraft:wheat_seeds":18,"minecraft:raw_gold":1,"minecraft:cobbled_deepslate_slab":4,"minecraft:bell":1,"minecraft:mossy_stone_bricks":1,"minecraft:bamboo":4,"the_old_ai:scp_079_offline":2,"minecraft:oak_planks":1,"minecraft:ghast_tear":2,"regions_unexplored:mycotoxic_mushrooms":3,"minecraft:music_disc_13":1,"graveyard:bone_dagger":1,"minecraft:spectral_arrow":20,"minecraft:sugar":1,"minecraft:crossbow":1,"horror_element_mod:trapped_leg":1,"minecraft:white_concrete":4,"minecraft:golden_apple":34,"minecraft:emerald":2,"minecraft:oak_sapling":8,"minecraft:andesite_slab":3,"deep_dark_regrowth:between_gems":1,"regions_unexplored:mycotoxic_grass":1,"minecraft:brown_mushroom":36,"minecraft:wooden_pickaxe":1,"minecraft:chain":5,"minecraft:moss_carpet":1,"minecraft:stone_stairs":1,"minecraft:iron_axe":1,"minecraft:item_frame":1,"graveyard:corruption":30,"horror_element_mod:human_remains":2,"minecraft:andesite_stairs":2,"regions_unexplored:peat_podzol":7,"minecraft:sugar_cane":16,"itemfilters:item_group":1,"hexerei:witch_hazel_window_pane":1,"minecraft:spruce_trapdoor":1,"minecraft:phantom_membrane":2,"minecraft:dark_oak_sapling":7,"minecraft:raw_iron":27,"regions_unexplored:silver_birch_leaf_pile":10,"regions_unexplored:blue_lupine":4,"minecraft:music_disc_11":1,"minecraft:dark_oak_planks":4,"hexerei:sage_seed":10,"minecraft:arrow":70,"fantasyfurniture:bone/wither/table_small":1,"born_in_chaos_v1:fused_bone":2,"minecraft:cracked_deepslate_tiles":2,"born_in_chaos_v1:corpse_maggot":15,"regions_unexplored:peat_dirt":3,"minecraft:dark_oak_button":2,"regions_unexplored:hanging_prismarite":3,"minecraft:salmon":1,"minecraft:leather":10,"minecraft:birch_planks":4,"minecraft:gunpowder":17,"deep_dark_regrowth:cerebrawl":1,"minecraft:red_carpet":1,"regions_unexplored:large_prismarite_cluster":2,"boh:kindness_flower":1,"hexerei:pestle_and_mortar":3,"cataclysm:music_disc_the_leviathan":3,"minecraft:iron_ingot":2,"minecraft:polished_andesite_slab":1,"minecraft:soul_sand":4,"minecraft:book":14,"regions_unexplored:willow_sapling":3,"minecraft:stone_brick_slab":13,"minecraft:quartz":6,"minecraft:dandelion":3,"fantasyfurniture:decorations/book_stack":2,"minecraft:raw_iron_block":1,"minecraft:dripstone_block":1,"born_in_chaos_v1:dark_rod":2,"minecraft:nether_brick_slab":1,"minecraft:mossy_stone_brick_slab":10,"minecraft:spruce_door":3,"minecraft:spider_eye":1,"regions_unexplored:blackwood_sapling":6,"minecraft:chainmail_leggings":1,"regions_unexplored:silver_birch_log":2,"minecraft:iron_helmet":4,"minecraft:damaged_anvil":4,"minecraft:coal":29},"minecraft:killed_by":{"theplaguedoctor:plague_doctor":2,"minecraft:piglin_brute":3,"graveyard:acolyte":1,"minecraft:zombie":1,"born_in_chaos_v1:zombie_lumberjack":1,"minecraft:ghast":1,"minecraft:zombified_piglin":1,"spore:inf_human":1,"graveyard:skeleton_creeper":2,"siren_head:siren_head":3,"sanitydim:sneaking_terror":1,"graveyard:wraith":1,"minecraft:player":1,"thestairwell:scp_0871":1,"minecraft:hoglin":1,"minecraft:skeleton":2},"minecraft:killed":{"born_in_chaos_v1:mr_pumpkin":2,"born_in_chaos_v1:restless_spirit":4,"graveyard:wraith":17,"born_in_chaos_v1:siamese_skeletonsright":1,"minecraft:skeleton":3,"graveyard:acolyte":7,"born_in_chaos_v1:skeleton_thrasher":1,"theplaguedoctor:plague_doctor":1,"minecraft:pillager":3,"minecraft:zombie":79,"born_in_chaos_v1:corpse_fly":2,"minecraft:endermite":1,"minecraft:vindicator":3,"minecraft:zoglin":1,"born_in_chaos_v1:dire_hound_leader":1,"graveyard:ghoul":6,"born_in_chaos_v1:decrepit_skeleton":3,"born_in_chaos_v1:dark_vortex":2,"boh:jeff_the_killer":1,"born_in_chaos_v1:zombie_clown":1,"minecraft:zombified_piglin":2,"minecraft:spider":4,"graveyard:reaper":1,"minecraft:piglin_brute":1,"minecraft:piglin":3,"minecraft:zombie_villager":3,"minecraft:creeper":2,"born_in_chaos_v1:dread_hound":7,"minecraft:ghast":2,"graveyard:corrupted_pillager":4,"born_in_chaos_v1:siamese_skeletonsleft":2,"graveyard:revenant":1,"born_in_chaos_v1:zombie_bruiser":3,"born_in_chaos_v1:maggot":5,"born_in_chaos_v1:fallen_chaos_knight":2,"born_in_chaos_v1:baby_skeleton":6,"born_in_chaos_v1:swarmer":1,"difficult_spawners:evil_spirit":15},"minecraft:used":{"fantasyfurniture:bone/skeleton/table_small":5,"fantasyfurniture:necrolord/chair":2,"regions_unexplored:brimwood_door":2,"minecraft:chest":4,"quark:brown_shingles_slab":3,"cataclysm:obsidian_brick_wall":7,"quark:black_shingles":202,"minecraft:brick_slab":1,"minecraft:lava_bucket":2,"minecraft:grass_block":222,"minecraft:birch_sapling":2,"the_old_ai:scp_079_offline":1,"regions_unexplored:golden_larch_leaves":2,"quark:black_framed_glass":8,"quark:dirty_glass_pane":58,"fantasyfurniture:bone/skeleton/chair":13,"minecraft:bow":23,"minecraft:furnace":2,"minecraft:oak_sapling":6,"fantasyfurniture:nordic/painting_small":3,"quark:polished_calcite":1,"minecraft:diorite":8,"quark:nether_brick_vertical_slab":17,"hexerei:pestle_and_mortar":1,"minecraft:wooden_pickaxe":12,"minecraft:oak_leaves":1,"minecraft:golden_apple":2,"regions_unexplored:dusktrap":2,"regions_unexplored:brimwood_slab":273,"born_in_chaos_v1:monster_flesh":1,"supplementaries:gold_gate":1,"minecraft:diamond_sword":201,"minecraft:smithing_table":1,"fantasyfurniture:venthyr/chair":4,"fantasyfurniture:decorations/book_stack":29,"minecraft:enchanting_table":2,"fantasyfurniture:decorations/royal_wall_mirror_large":1,"quark:black_shingles_slab":53,"minecraft:torch":216,"minecraft:anvil":1,"minecraft:nether_brick_slab":106,"minecraft:nether_brick_stairs":41,"butchersdelight:cleaver":2,"quark:black_shingles_stairs":191,"aether:golden_oak_log":4,"regions_unexplored:yellow_bioshroom_block":1,"minecraft:iron_axe":241,"quark:green_corundum_cluster":16,"regions_unexplored:cypress_sapling":14,"minecraft:diamond_chestplate":1,"minecraft:glowstone":257,"hexerei:mahogany_window_pane":149,"minecraft:water_bucket":57,"minecraft:nether_brick_wall":32,"minecraft:dirt_path":4,"minecraft:birch_planks":12,"fantasyfurniture:decorations/venthyr_platter":134,"immersiveengineering:sheetmetal_gold":2,"hexerei:willow_window_pane":19,"regions_unexplored:brimwood_planks":622,"supplementaries:timber_frame":5,"minecraft:tnt":17,"minecraft:crafting_table":46,"minecraft:red_bed":5,"regions_unexplored:hanging_prismarite":1,"cataclysm:music_disc_the_harbinger":1,"minecraft:birch_sign":6,"minecraft:campfire":1,"minecraft:cake":2,"minecraft:diamond_pickaxe":6,"regions_unexplored:brimwood_fence_gate":4,"regions_unexplored:brimwood_log_magma":2,"minecraft:iron_pickaxe":240,"immersiveengineering:lantern":4,"supplementaries:lead_lantern":1,"quark:green_corundum":11,"minecraft:green_carpet":1,"quark:dark_oak_chest":3,"minecraft:cobblestone":392,"regions_unexplored:stripped_brimwood_wood":5,"travelersbackpack:standard":30,"quark:nether_brick_chest":26,"minecraft:candle":3,"minecraft:jukebox":1,"regions_unexplored:hyacinth_lamp":26,"minecraft:moss_carpet":165,"minecraft:iron_shovel":37,"hexerei:witch_hazel_window_pane":156,"minecraft:iron_sword":785,"aether:golden_oak_wood":23,"minecraft:white_candle":5,"regions_unexplored:brimwood_fence":52,"minecraft:nether_bricks":7,"aether:quicksoil_glass":2,"regions_unexplored:prismarite_cluster":1,"cataclysm:chiseled_obsidian_bricks":4608,"minecraft:obsidian":44,"minecraft:milk_bucket":3,"quark:mangrove_bookshelf":1,"minecraft:lantern":11,"quark:brown_shingles":28,"regions_unexplored:willow_sapling":3,"minecraft:golden_sword":21,"minecraft:red_carpet":1,"minecraft:written_book":1,"quark:birch_bookshelf":115,"fantasyfurniture:venthyr/chandelier":1,"minecraft:dark_oak_sapling":7,"minecraft:stone_pickaxe":181,"minecraft:dark_oak_sign":1,"minecraft:mangrove_planks":5,"minecraft:ender_pearl":7,"fantasyfurniture:necrolord/chandelier":4,"fantasyfurniture:dunmer/floor_light":4,"cataclysm:music_disc_the_leviathan":1,"minecraft:ochre_froglight":79,"minecraft:black_bed":1,"fantasyfurniture:bone/skeleton/door_double":7,"minecraft:lime_carpet":1,"regions_unexplored:brimwood_wood":6,"fantasyfurniture:bone/wither/chair":4,"regions_unexplored:blackwood_sapling":6,"minecraft:bread":275,"minecraft:deepslate":25,"minecraft:gravel":28,"cataclysm:music_disc_ender_guardian":2,"regions_unexplored:brimwood_trapdoor":7,"minecraft:white_concrete":2,"minecraft:bone_meal":20,"minecraft:experience_bottle":21,"born_in_chaos_v1:argillite_lamp":9,"minecraft:flint_and_steel":23,"minecraft:spruce_planks":106,"minecraft:dirt":229,"minecraft:spyglass":1,"quark:framed_glass":9,"regions_unexplored:brimwood_sapling":4,"minecraft:dark_oak_planks":1,"minecraft:wooden_axe":20,"aquamirae:luminescent_lamp":7,"quark:spruce_chest":1,"minecraft:black_stained_glass":4,"regions_unexplored:larch_planks":12,"minecraft:soul_soil":10,"minecraft:cooked_beef":1,"minecraft:enchanted_golden_apple":1,"minecraft:brown_bed":1,"horror_element_mod:slashed_skull":1,"fantasyfurniture:venthyr/chest":1,"regions_unexplored:brimsprout":2,"minecraft:music_disc_cat":1,"drinkbeer:beer_mug":3,"minecraft:smoker":1,"minecraft:apple":3,"aether:quicksoil_glass_pane":9,"fantasyfurniture:bone/wither/table_small":6,"regions_unexplored:brimwood_stairs":145,"bygonenether:netherite_bell":1,"minecraft:stone_axe":4,"butchersdelightfoods:cookedsheeprack":1,"minecraft:bucket":56,"structure_gel:building_tool":3,"minecraft:splash_potion":55,"endlessbiomes:arkan_wall":3},"minecraft:dropped":{"minecraft:iron_sword":1,"regions_unexplored:peat_podzol":7,"minecraft:cooked_beef":16,"minecraft:dark_oak_slab":5,"travelersbackpack:iron_tier_upgrade":2,"minecraft:cracked_stone_bricks":1,"fantasyfurniture:bone/wither/table_small":1,"graveyard:corruption":1,"minecraft:item_frame":1,"born_in_chaos_v1:monster_flesh":5,"minecraft:dirt":17,"immersiveengineering:bannerpattern_treated_wood":1,"minecraft:dark_oak_fence":4,"horror_element_mod:phished_head":1,"minecraft:cracked_deepslate_tiles":1,"regions_unexplored:large_prismarite_cluster":2,"minecraft:chain":4,"regions_unexplored:golden_larch_leaves":1,"minecraft:phantom_membrane":4,"philipsruins:dark_brick":4,"born_in_chaos_v1:death_totem":1,"minecraft:dark_oak_planks":3,"drinkbeer:empty_beer_mug":1,"regions_unexplored:cave_hyssop":1,"quark:ancient_tome":3,"minecraft:bone":11,"regions_unexplored:brimwood_log":12,"minecraft:sugar_cane":10,"minecraft:cobbled_deepslate":7,"butchersdelight:cleaver":1,"minecraft:netherite_sword":1,"minecraft:birch_sapling":2,"minecraft:rotten_flesh":218,"minecraft:oak_planks":39,"supplementaries:flax_seeds":1,"minecraft:tipped_arrow":1,"minecraft:red_candle":4,"fantasyfurniture:decorations/book_stack":1,"regions_unexplored:hanging_prismarite":2,"minecraft:leather_boots":2,"minecraft:beef":32,"drinkbeer:beer_mug":5,"regions_unexplored:blackwood_log":12,"cataclysm:music_disc_the_leviathan":1,"born_in_chaos_v1:shattered_skull":2,"fantasyfurniture:bone/wither/table_wide":1,"minecraft:wheat_seeds":12,"hexerei:witch_hazel_window_pane":1,"minecraft:cobblestone":15,"minecraft:iron_helmet":1,"minecraft:spruce_door":1,"regions_unexplored:daisy":1,"minecraft:golden_apple":2,"minecraft:polished_andesite":2,"minecraft:ink_sac":2,"minecraft:rose_bush":1,"regions_unexplored:dusktrap":1,"regions_unexplored:purple_lupine":1,"regions_unexplored:cypress_log":31,"minecraft:potion":1,"structure_gel:building_tool":2,"minecraft:paper":4,"minecraft:chainmail_leggings":1,"minecraft:string":17,"butchersdelight:deadpig":2,"minecraft:stone_brick_slab":3,"hexerei:sage_seed":8,"minecraft:soul_soil":9,"minecraft:smooth_stone_slab":2,"minecraft:polished_deepslate_slab":1,"regions_unexplored:clover":27,"minecraft:iron_boots":2,"minecraft:cobbled_deepslate_slab":3,"minecraft:cobblestone_slab":1,"minecraft:hay_block":1,"minecraft:spruce_trapdoor":1,"minecraft:diamond_pickaxe":1,"minecraft:andesite_stairs":2,"minecraft:stone_bricks":1,"minecraft:bamboo":4,"minecraft:bell":1,"minecraft:magma_block":3,"regions_unexplored:blue_lupine":4,"minecraft:soul_sand":2,"minecraft:dark_oak_stairs":6,"minecraft:oak_log":9,"regions_unexplored:brimwood_planks":1,"minecraft:leather":31,"born_in_chaos_v1:pileof_dark_metal":1,"travelersbackpack:standard":3,"minecraft:music_disc_13":1,"minecraft:dark_oak_log":102,"born_in_chaos_v1:monster_skin":3,"regions_unexplored:willow_planks":88,"ftbquests:book":1,"minecraft:birch_log":7,"regions_unexplored:felicia_daisy":8,"minecraft:gold_ingot":30,"minecraft:armor_stand":1,"minecraft:gravel":28,"minecraft:fern":1,"minecraft:mossy_stone_brick_slab":1,"minecraft:stone_stairs":1,"minecraft:carrot":5,"minecraft:leather_chestplate":1,"supplementaries:ash":4,"regions_unexplored:peat_dirt":3,"minecraft:gunpowder":10,"itemfilters:item_group":1,"born_in_chaos_v1:corpse_maggot":7,"quark:mangrove_bookshelf":1,"minecraft:quartz":6,"immersiveengineering:seed":17,"minecraft:written_book":1,"born_in_chaos_v1:dark_rod":1,"minecraft:bread":30,"minecraft:stripped_spruce_log":1,"minecraft:golden_helmet":1,"minecraft:stick":43,"minecraft:mossy_cobblestone_slab":8,"minecraft:milk_bucket":1,"supplementaries:timber_frame":1,"minecraft:white_concrete":2,"spore:gastric_reagent":1,"minecraft:iron_leggings":2,"minecraft:wither_rose":16,"minecraft:polished_andesite_stairs":1,"butchersdelight:deadhoglin":2,"minecraft:redstone":3,"minecraft:nether_brick_slab":1,"butchersdelight:roaster":2,"minecraft:tuff":4,"minecraft:raw_iron":8,"butchersdelightfoods:cookedsheepshank":1,"regions_unexplored:pink_lupine":2,"aether:iron_gloves":3,"horror_element_mod:human_remains":4,"minecraft:iron_chestplate":2,"minecraft:andesite":8,"minecraft:golden_leggings":1,"minecraft:oak_sapling":1,"minecraft:golden_sword":2,"fantasyfurniture:bone/wither/table_large":1,"minecraft:wooden_pickaxe":1,"minecraft:cracked_deepslate_bricks":3,"graveyard:vase_block":1},"minecraft:broken":{"minecraft:iron_chestplate":2,"minecraft:iron_leggings":3,"minecraft:golden_sword":1,"minecraft:iron_sword":1,"minecraft:iron_helmet":2,"aether:leather_gloves":1,"sanitydim:garland":1,"minecraft:stone_pickaxe":1},"minecraft:mined":{"regions_unexplored:brimsprout":3,"regions_unexplored:brimwood_leaves":2,"regions_unexplored:cattail":1,"regions_unexplored:dropleaf":1,"quark:green_corundum_cluster":1,"minecraft:oxeye_daisy":1,"minecraft:spawner":8,"the_old_ai:scp_079_active":1,"cataclysm:obsidian_explosion_trap_bricks":1,"minecraft:cobbled_deepslate":3,"minecraft:fire":10,"minecraft:pumpkin":1,"minecraft:deepslate_lapis_ore":3,"deep_dark_regrowth:wither_chiseled_stone_bricks":1,"minecraft:polished_deepslate_slab":5,"minecraft:quartz_slab":1,"regions_unexplored:silt_grass_block":4,"hexerei:witch_hazel_drying_rack":2,"minecraft:red_bed":4,"minecraft:smoker":1,"minecraft:soul_fire":3,"minecraft:torch":27,"minecraft:polished_andesite_stairs":1,"minecraft:white_candle":1,"minecraft:sugar_cane":3,"minecraft:damaged_anvil":4,"regions_unexplored:blackwood_sapling":1,"minecraft:black_bed":1,"minecraft:wither_rose":9,"minecraft:grass":56,"fantasyfurniture:bone/wither/table_small":1,"quark:yellow_corundum_cluster":2,"regions_unexplored:mycotoxic_grass":1,"minecraft:deepslate":1,"minecraft:mossy_cobblestone":1,"minecraft:dark_oak_log":5,"regions_unexplored:dusktrap":3,"minecraft:jack_o_lantern":1,"minecraft:dark_oak_fence":2,"minecraft:cobbled_deepslate_slab":8,"immersiveengineering:ore_silver":3,"spore:growths_small":1,"minecraft:redstone_ore":2,"graveyard:tg_moss_block":1,"minecraft:andesite":7,"graveyard:sarcophagus":1,"minecraft:cobblestone_slab":9,"minecraft:vine":8,"supplementaries:wall_lantern":1,"minecraft:smithing_table":1,"minecraft:redstone_block":6,"minecraft:soul_sand":2,"minecraft:stone_brick_slab":30,"minecraft:dandelion":1,"boh:kindness_flower":1,"minecraft:emerald_ore":1,"regions_unexplored:silt_dirt":11,"minecraft:campfire":1,"minecraft:tall_grass":8,"the_old_ai:scp_079_refuse":1,"minecraft:diorite":9,"deep_dark_regrowth:petronium_bricks":1,"minecraft:coarse_dirt":1,"graveyard:vase_block":7,"hexerei:pestle_and_mortar":1,"deep_dark_regrowth:grimstone_bricks":1,"quark:green_corundum":10,"minecraft:gravel":11,"minecraft:dripstone_block":1,"minecraft:cobweb":11,"minecraft:stone_bricks":6,"regions_unexplored:peat_podzol":1,"minecraft:fern":5,"minecraft:spruce_planks":6,"minecraft:mossy_stone_brick_slab":29,"minecraft:andesite_stairs":1,"minecraft:grass_block":6,"minecraft:white_concrete":4,"minecraft:soul_soil":20,"minecraft:mossy_cobblestone_slab":15,"minecraft:iron_ore":16,"minecraft:anvil":1,"minecraft:brown_bed":1,"minecraft:iron_bars":1,"regions_unexplored:cave_hyssop":1,"regions_unexplored:willow_log":1,"minecraft:chest":2,"minecraft:mushroom_stem":1,"minecraft:cobblestone":25,"graveyard:skeleton_hand":1,"minecraft:wall_torch":25,"minecraft:seagrass":1,"minecraft:stone_stairs":1,"regions_unexplored:mauve_planks":1,"graveyard:skull_pile":1,"minecraft:smooth_stone_slab":2,"minecraft:oak_log":1,"regions_unexplored:peat_dirt":3,"philipsruins:dark_brick":1,"minecraft:dirt":28,"minecraft:oak_leaves":2,"minecraft:red_carpet":1,"minecraft:mangrove_roots":2,"born_in_chaos_v1:infected_diamond_ore":1,"minecraft:glow_lichen":1,"minecraft:soul_campfire":1,"minecraft:polished_andesite_slab":4,"minecraft:spruce_leaves":2,"regions_unexplored:large_prismarite_cluster":1,"minecraft:large_fern":5,"minecraft:hay_block":4,"regions_unexplored:brimwood_log_magma":12,"minecraft:stripped_spruce_log":3,"treechop:chopped_log":16,"minecraft:peony":2,"minecraft:bookshelf":21,"regions_unexplored:medium_grass":9,"minecraft:stone":107,"regions_unexplored:brimwood_log":7,"hexerei:witch_hazel_leaves":1,"regions_unexplored:silver_birch_leaf_pile":3,"travelersbackpack:standard":7,"minecraft:crafting_table":6,"realmrpg_skeletons:basic_skeleton":1,"minecraft:rose_bush":1,"minecraft:andesite_slab":4,"born_in_chaos_v1:chipped_black_argillite_brick":1,"regions_unexplored:daisy":1,"minecraft:coal_ore":29,"regions_unexplored:mycotoxic_mushrooms":2,"graveyard:leaning_skeleton":1,"minecraft:cracked_stone_bricks":2,"minecraft:polished_andesite":4,"minecraft:mossy_stone_bricks":1,"minecraft:dark_oak_planks":1}},"DataVersion":3120}