{"stats":{"minecraft:used":{"minecraft:oak_trapdoor":5,"minecraft:oak_fence":40,"minecraft:stone_sword":91,"minecraft:crimson_fence":28,"minecraft:iron_shovel":457,"minecraft:flint_and_steel":1,"minecraft:poppy":2,"minecraft:bone_block":3,"minecraft:chest":11,"minecraft:iron_sword":17,"minecraft:netherrack":116,"minecraft:dirt":154,"minecraft:hopper":7,"minecraft:carrot":193,"minecraft:obsidian":4,"minecraft:glass":34,"minecraft:lava_bucket":4,"minecraft:bricks":1,"minecraft:iron_axe":405,"minecraft:birch_sapling":1,"minecraft:crimson_slab":10,"minecraft:crimson_planks":377,"minecraft:stone_brick_stairs":1,"minecraft:stone_bricks":2,"minecraft:tripwire_hook":2,"minecraft:ominous_bottle":1,"minecraft:oak_sapling":8,"minecraft:goat_horn":1,"minecraft:furnace":4,"minecraft:egg":4,"minecraft:cooked_beef":4,"minecraft:cobbled_deepslate":40,"minecraft:pumpkin":8,"minecraft:crimson_stem":1,"minecraft:cooked_mutton":3,"minecraft:water_bucket":123,"minecraft:diorite":11,"minecraft:birch_planks":12,"minecraft:stone_pickaxe":61,"minecraft:oak_planks":111,"minecraft:wooden_pickaxe":3,"minecraft:composter":1,"minecraft:cobblestone_slab":4,"minecraft:sand":1,"minecraft:oak_slab":40,"minecraft:crafting_table":16,"minecraft:crimson_trapdoor":38,"minecraft:white_bed":2,"minecraft:shears":8,"minecraft:crimson_fence_gate":21,"minecraft:lever":1,"minecraft:diamond_pickaxe":767,"minecraft:apple":2,"minecraft:iron_pickaxe":249,"minecraft:string":7,"minecraft:bread":94,"minecraft:oak_button":1,"minecraft:stone_axe":25,"minecraft:nether_wart_block":2,"minecraft:cobblestone":125,"minecraft:crimson_stairs":15,"minecraft:dark_oak_fence":6,"minecraft:bucket":126,"minecraft:oak_boat":1,"minecraft:experience_bottle":1},"minecraft:picked_up":{"minecraft:crafting_table":7,"minecraft:ominous_bottle":1,"minecraft:stone_brick_stairs":1,"minecraft:crimson_planks":87,"minecraft:oak_trapdoor":1,"minecraft:string":450,"minecraft:raw_copper":7,"minecraft:gold_nugget":9,"minecraft:cobbled_deepslate":40,"minecraft:crimson_fence":13,"minecraft:oak_boat":1,"minecraft:poppy":3,"minecraft:chest":3,"minecraft:birch_sapling":2,"minecraft:furnace":2,"minecraft:egg":4,"minecraft:stick":10,"minecraft:raw_iron":57,"minecraft:oak_fence":4,"minecraft:diorite":28,"minecraft:carrot":436,"minecraft:weeping_vines":1,"minecraft:rotten_flesh":7,"minecraft:arrow":2,"minecraft:hay_block":16,"minecraft:obsidian":4,"minecraft:mutton":10,"minecraft:cobblestone":672,"minecraft:crimson_slab":5,"minecraft:bone_block":17,"minecraft:white_wool":6,"minecraft:birch_log":6,"minecraft:crimson_stem":137,"minecraft:andesite":2,"minecraft:birch_planks":2,"minecraft:oak_log":83,"minecraft:nether_wart_block":3,"minecraft:gunpowder":1,"minecraft:lapis_lazuli":22,"minecraft:dirt":421,"minecraft:white_banner":1,"minecraft:glass":6,"minecraft:bone":1,"minecraft:stone_bricks":2,"minecraft:apple":4,"minecraft:crimson_fence_gate":1,"minecraft:wheat_seeds":25,"minecraft:raw_gold":5,"minecraft:iron_ingot":20,"minecraft:oak_planks":18,"minecraft:oak_slab":12,"minecraft:pumpkin":20,"minecraft:quartz":18,"minecraft:sand":75,"minecraft:crimson_stairs":9,"minecraft:diamond":27,"minecraft:granite":4,"minecraft:mossy_cobblestone_stairs":1,"minecraft:oak_button":1,"minecraft:dark_oak_fence":6,"minecraft:oak_sapling":16,"minecraft:hopper":3,"minecraft:netherrack":116,"minecraft:bricks":1,"minecraft:coal":83,"minecraft:crimson_roots":1},"minecraft:crafted":{"minecraft:oak_planks":336,"minecraft:cobblestone_slab":6,"minecraft:tripwire_hook":6,"minecraft:crimson_trapdoor":38,"minecraft:crimson_fence_gate":4,"minecraft:furnace":3,"minecraft:oak_trapdoor":4,"minecraft:cooked_mutton":3,"minecraft:flint_and_steel":1,"minecraft:hopper":5,"minecraft:glass":32,"minecraft:iron_axe":2,"minecraft:stone_pickaxe":1,"minecraft:chest":13,"minecraft:dark_oak_planks":12,"minecraft:oak_fence":36,"minecraft:wheat":144,"minecraft:oak_slab":48,"minecraft:crimson_planks":544,"minecraft:crafting_table":9,"minecraft:wooden_pickaxe":1,"minecraft:crimson_slab":42,"minecraft:iron_sword":1,"minecraft:birch_planks":24,"minecraft:bucket":1,"minecraft:stone_axe":1,"minecraft:bread":90,"minecraft:air":0,"minecraft:crimson_stairs":16,"minecraft:oak_boat":1,"minecraft:diamond_pickaxe":1,"minecraft:stick":84,"minecraft:iron_ingot":36,"minecraft:iron_pickaxe":1,"minecraft:crimson_fence":33,"minecraft:stone_sword":1,"minecraft:iron_shovel":4,"minecraft:white_bed":2,"minecraft:composter":1,"minecraft:shears":1},"minecraft:mined":{"minecraft:nether_gold_ore":3,"minecraft:diamond_ore":2,"minecraft:deepslate_diamond_ore":25,"minecraft:crimson_fence_gate":1,"minecraft:obsidian":4,"minecraft:granite":4,"minecraft:dark_oak_fence":6,"minecraft:grass_block":264,"minecraft:crimson_roots":1,"minecraft:weeping_vines":1,"minecraft:hopper":3,"minecraft:crimson_stem":140,"minecraft:hay_block":16,"minecraft:oak_trapdoor":1,"minecraft:furnace":2,"minecraft:carrots":96,"minecraft:iron_ore":58,"minecraft:andesite":2,"minecraft:pumpkin":20,"minecraft:deepslate_iron_ore":1,"minecraft:dirt_path":2,"minecraft:stone":614,"minecraft:bone_block":17,"minecraft:tripwire":1,"minecraft:oak_slab":11,"minecraft:crimson_nylium":1,"minecraft:oak_fence":4,"minecraft:crafting_table":7,"minecraft:short_grass":42,"minecraft:poppy":1,"minecraft:chest":3,"minecraft:crimson_slab":5,"minecraft:copper_ore":2,"minecraft:nether_quartz_ore":18,"minecraft:tall_grass":4,"minecraft:cobblestone":57,"minecraft:lapis_ore":4,"minecraft:deepslate_gold_ore":5,"minecraft:oak_planks":16,"minecraft:bricks":1,"minecraft:diorite":28,"minecraft:crimson_stairs":9,"minecraft:birch_planks":2,"minecraft:nether_wart_block":3,"minecraft:birch_log":6,"minecraft:stone_brick_stairs":1,"minecraft:oak_log":84,"minecraft:coal_ore":64,"minecraft:sand":66,"minecraft:dirt":142,"minecraft:crimson_planks":89,"minecraft:stone_bricks":2,"minecraft:netherrack":118,"minecraft:crimson_fence":14,"minecraft:oak_leaves":20,"minecraft:deepslate":39},"minecraft:killed":{"minecraft:vindicator":4,"minecraft:spider":2,"minecraft:skeleton":3,"minecraft:iron_golem":3,"minecraft:creeper":1,"minecraft:sheep":6,"minecraft:pillager":9,"minecraft:zombie":4},"minecraft:killed_by":{"minecraft:player":1,"minecraft:creeper":1,"minecraft:piglin":1,"minecraft:zombie":1},"minecraft:dropped":{"minecraft:crimson_planks":4,"minecraft:iron_ingot":4,"minecraft:oak_slab":5,"minecraft:birch_planks":1,"minecraft:wheat_seeds":17,"minecraft:diamond":24,"minecraft:weeping_vines":1,"minecraft:cobblestone":64,"minecraft:granite":4,"minecraft:crimson_fence_gate":48,"minecraft:stick":2,"minecraft:mutton":10,"minecraft:crimson_roots":1,"minecraft:nether_wart_block":1,"minecraft:crimson_fence":18,"minecraft:gold_nugget":9,"minecraft:white_banner":1,"minecraft:mossy_cobblestone_stairs":1,"minecraft:iron_shovel":1,"minecraft:tripwire_hook":4,"minecraft:stone_sword":1,"minecraft:raw_copper":7,"minecraft:wheat":5,"minecraft:birch_sapling":1,"minecraft:rotten_flesh":2,"minecraft:oak_planks":1,"minecraft:poppy":1,"minecraft:crimson_slab":36,"minecraft:oak_sapling":3,"minecraft:arrow":2,"minecraft:glass":4,"minecraft:quartz":18},"minecraft:custom":{"minecraft:mob_kills":33,"minecraft:interact_with_crafting_table":57,"minecraft:leave_game":3,"minecraft:time_since_death":24055,"minecraft:climb_one_cm":11119,"minecraft:sprint_one_cm":612134,"minecraft:walk_one_cm":296742,"minecraft:drop":46,"minecraft:play_time":204529,"minecraft:deaths":16,"minecraft:sneak_time":18094,"minecraft:walk_under_water_one_cm":26613,"minecraft:boat_one_cm":9810,"minecraft:jump":4234,"minecraft:interact_with_blast_furnace":9,"minecraft:walk_on_water_one_cm":43277,"minecraft:enchant_item":1,"minecraft:total_world_time":204529,"minecraft:interact_with_furnace":48,"minecraft:raid_trigger":1,"minecraft:sleep_in_bed":3,"minecraft:time_since_rest":21322,"minecraft:damage_taken":6239,"minecraft:damage_dealt":6682,"minecraft:swim_one_cm":100938,"minecraft:fly_one_cm":999559,"minecraft:open_chest":48,"minecraft:crouch_one_cm":59532,"minecraft:fall_one_cm":140494},"minecraft:broken":{"minecraft:iron_axe":1,"minecraft:iron_pickaxe":1}},"DataVersion":3953}