{"stats":{"minecraft:picked_up":{"minecraft:wooden_axe":1,"butchersdelight:deadhoglin":2,"minecraft:iron_chestplate":1,"minecraft:wheat":6,"regions_unexplored:larch_planks":7,"aether:iron_gloves":2,"regions_unexplored:silt_dirt":20,"minecraft:brown_bed":1,"minecraft:oak_stairs":1,"minecraft:potion":2,"minecraft:wither_rose":18,"minecraft:enchanted_book":1,"minecraft:nether_brick":28,"minecraft:golden_sword":2,"minecraft:string":23,"regions_unexplored:prismarite_cluster":1,"minecraft:soul_soil":12,"minecraft:iron_leggings":1,"minecraft:smooth_stone_slab":3,"minecraft:armor_stand":1,"minecraft:red_candle":4,"butchersdelight:cleaver":1,"minecraft:gold_nugget":2,"minecraft:cobbled_deepslate":7,"minecraft:spruce_planks":15,"minecraft:cobblestone_slab":6,"minecraft:iron_pickaxe":1,"minecraft:enchanted_golden_apple":2,"minecraft:mangrove_log":2,"minecraft:iron_boots":3,"minecraft:tipped_arrow":1,"minecraft:golden_helmet":1,"minecraft:spruce_pressure_plate":1,"minecraft:stick":15,"born_in_chaos_v1:shattered_skull":5,"minecraft:oak_fence":1,"minecraft:torch":50,"quark:yellow_corundum_cluster":2,"hexerei:cloth":1,"born_in_chaos_v1:pileof_dark_metal":1,"minecraft:pointed_dripstone":1,"minecraft:diorite":9,"regions_unexplored:daisy":4,"minecraft:rotten_flesh":227,"supplementaries:ash":8,"minecraft:obsidian":4,"minecraft:cobblestone":191,"regions_unexplored:golden_larch_sapling":27,"minecraft:birch_log":9,"minecraft:mossy_cobblestone_slab":11,"minecraft:leather_chestplate":2,"minecraft:cooked_beef":15,"minecraft:water_bucket":1,"minecraft:andesite":8,"minecraft:black_bed":1,"minecraft:smoker":1,"butchersdelight:deadpig":3,"hexerei:witch_hazel_drying_rack":3,"minecraft:flint":2,"minecraft:lapis_lazuli":81,"minecraft:dirt":134,"minecraft:lantern":2,"born_in_chaos_v1:monster_skin":11,"minecraft:leather_boots":1,"horror_element_mod:phished_head":1,"minecraft:bone":52,"hexerei:wax_blend":6,"minecraft:bow":1,"minecraft:wheat_seeds":15,"minecraft:raw_gold":1,"minecraft:cobbled_deepslate_slab":4,"ftbquests:book":1,"minecraft:mossy_stone_bricks":1,"minecraft:bamboo":4,"minecraft:moss_block":1,"regions_unexplored:dropleaf":1,"the_old_ai:scp_079_offline":1,"minecraft:oak_planks":1,"minecraft:ghast_tear":2,"minecraft:music_disc_13":1,"graveyard:bone_dagger":1,"minecraft:stripped_spruce_log":4,"minecraft:spectral_arrow":20,"minecraft:dark_oak_log":4,"regions_unexplored:pink_lupine":2,"minecraft:polished_andesite":5,"minecraft:white_candle":3,"regions_unexplored:clover":31,"horror_element_mod:trapped_leg":1,"minecraft:golden_apple":34,"minecraft:white_concrete":4,"minecraft:bread":59,"minecraft:jack_o_lantern":1,"minecraft:oak_sapling":1,"minecraft:dark_oak_fence":6,"minecraft:andesite_slab":3,"minecraft:coarse_dirt":2,"minecraft:crafting_table":8,"born_in_chaos_v1:seedof_chaos":1,"minecraft:wooden_pickaxe":1,"minecraft:iron_axe":1,"minecraft:red_bed":5,"minecraft:stone_stairs":1,"minecraft:flint_and_steel":1,"born_in_chaos_v1:intoxicating_decoction":1,"minecraft:item_frame":1,"minecraft:iron_shovel":1,"graveyard:corruption":30,"horror_element_mod:human_remains":2,"minecraft:cracked_stone_bricks":2,"minecraft:beef":16,"minecraft:andesite_stairs":2,"born_in_chaos_v1:gnawed_bones":2,"regions_unexplored:peat_podzol":7,"minecraft:sugar_cane":16,"minecraft:birch_sapling":2,"minecraft:spruce_trapdoor":1,"minecraft:phantom_membrane":2,"minecraft:raw_iron":26,"minecraft:polished_deepslate_slab":3,"minecraft:stone":1,"regions_unexplored:silver_birch_leaf_pile":10,"quark:green_corundum_cluster":16,"regions_unexplored:blue_lupine":4,"minecraft:redstone":2,"born_in_chaos_v1:pieceofdarkmetal":11,"minecraft:carrot":5,"minecraft:dark_oak_planks":4,"hexerei:sage_seed":10,"regions_unexplored:dusktrap":2,"minecraft:arrow":66,"regions_unexplored:felicia_daisy":9,"minecraft:hay_block":3,"minecraft:cracked_deepslate_bricks":4,"minecraft:gold_ingot":46,"regions_unexplored:purple_lupine":1,"born_in_chaos_v1:fused_bone":2,"minecraft:cracked_deepslate_tiles":2,"born_in_chaos_v1:corpse_maggot":12,"regions_unexplored:peat_dirt":3,"regions_unexplored:hanging_prismarite":3,"born_in_chaos_v1:monster_flesh":21,"minecraft:leather":10,"minecraft:fern":2,"minecraft:birch_planks":4,"minecraft:oak_log":13,"minecraft:gunpowder":17,"sanitydim:garland":1,"regions_unexplored:large_prismarite_cluster":2,"minecraft:stone_bricks":4,"hexerei:pestle_and_mortar":3,"minecraft:iron_ingot":1,"minecraft:cobweb":7,"minecraft:mangrove_planks":3,"minecraft:polished_andesite_slab":1,"minecraft:iron_sword":2,"minecraft:dark_oak_stairs":6,"minecraft:polished_andesite_stairs":1,"minecraft:dark_oak_slab":5,"minecraft:sweet_berries":8,"minecraft:stone_brick_slab":13,"born_in_chaos_v1:ethereal_spirit":5,"minecraft:quartz":6,"minecraft:dandelion":1,"minecraft:dripstone_block":1,"minecraft:gravel":69,"born_in_chaos_v1:dark_rod":2,"minecraft:spruce_sapling":1,"born_in_chaos_v1:fangofthe_hound_leader":2,"minecraft:mossy_stone_brick_slab":10,"minecraft:crying_obsidian":10,"quark:green_corundum":11,"minecraft:spruce_door":3,"minecraft:spider_eye":1,"travelersbackpack:standard":4,"regions_unexplored:cave_hyssop":1,"immersiveengineering:seed":15,"minecraft:chainmail_leggings":1,"regions_unexplored:silver_birch_log":2,"minecraft:iron_helmet":3,"minecraft:damaged_anvil":4,"minecraft:coal":29,"immersiveengineering:raw_silver":3,"minecraft:ender_pearl":15},"minecraft:custom":{"minecraft:interact_with_crafting_table":41,"minecraft:open_barrel":4,"minecraft:eat_cake_slice":6,"minecraft:leave_game":5,"minecraft:time_since_death":15172,"minecraft:damage_resisted":239,"minecraft:sprint_one_cm":890548,"minecraft:drop":211,"minecraft:talked_to_villager":3,"minecraft:play_time":324567,"minecraft:deaths":26,"minecraft:jump":7809,"minecraft:walk_on_water_one_cm":25861,"minecraft:interact_with_furnace":13,"minecraft:play_record":1,"minecraft:interact_with_cartography_table":2,"minecraft:interact_with_loom":1,"minecraft:sleep_in_bed":4,"minecraft:damage_dealt":37974,"minecraft:player_kills":1,"minecraft:crouch_one_cm":50435,"minecraft:interact_with_smoker":2,"minecraft:interact_with_smithing_table":4,"minecraft:interact_with_anvil":1,"minecraft:mob_kills":183,"minecraft:damage_dealt_resisted":1693,"minecraft:climb_one_cm":22410,"minecraft:walk_one_cm":482043,"minecraft:sneak_time":19661,"minecraft:walk_under_water_one_cm":10543,"minecraft:total_world_time":324567,"minecraft:tune_noteblock":1,"minecraft:pot_flower":1,"minecraft:time_since_rest":15200,"minecraft:damage_absorbed":243,"minecraft:damage_taken":16914,"minecraft:trigger_trapped_chest":34,"minecraft:swim_one_cm":38886,"minecraft:fly_one_cm":2056930,"minecraft:open_chest":162,"minecraft:fall_one_cm":244874},"minecraft:killed":{"born_in_chaos_v1:zombie_clown":1,"minecraft:zombified_piglin":2,"born_in_chaos_v1:restless_spirit":2,"minecraft:spider":4,"graveyard:wraith":17,"born_in_chaos_v1:siamese_skeletonsright":1,"graveyard:acolyte":7,"graveyard:reaper":1,"born_in_chaos_v1:skeleton_thrasher":1,"minecraft:piglin_brute":1,"minecraft:piglin":3,"minecraft:zombie_villager":3,"minecraft:creeper":2,"theplaguedoctor:plague_doctor":1,"minecraft:pillager":2,"minecraft:zombie":67,"born_in_chaos_v1:dread_hound":7,"minecraft:ghast":2,"born_in_chaos_v1:corpse_fly":2,"graveyard:corrupted_pillager":4,"born_in_chaos_v1:siamese_skeletonsleft":2,"graveyard:revenant":1,"minecraft:vindicator":1,"minecraft:zoglin":1,"born_in_chaos_v1:zombie_bruiser":2,"born_in_chaos_v1:maggot":5,"born_in_chaos_v1:dire_hound_leader":1,"born_in_chaos_v1:fallen_chaos_knight":1,"graveyard:ghoul":5,"born_in_chaos_v1:baby_skeleton":5,"born_in_chaos_v1:decrepit_skeleton":2,"difficult_spawners:evil_spirit":11,"born_in_chaos_v1:dark_vortex":2,"boh:jeff_the_killer":1},"minecraft:killed_by":{"minecraft:ghast":1,"theplaguedoctor:plague_doctor":2,"minecraft:zombified_piglin":1,"minecraft:piglin_brute":3,"graveyard:acolyte":1,"graveyard:skeleton_creeper":2,"siren_head:siren_head":3,"sanitydim:sneaking_terror":1,"minecraft:zombie":1,"graveyard:wraith":1,"minecraft:player":1,"born_in_chaos_v1:zombie_lumberjack":1,"thestairwell:scp_0871":1,"minecraft:hoglin":1,"minecraft:skeleton":2},"minecraft:dropped":{"minecraft:iron_sword":1,"minecraft:dark_oak_stairs":6,"regions_unexplored:peat_podzol":7,"minecraft:cooked_beef":16,"minecraft:dark_oak_slab":5,"minecraft:leather":31,"travelersbackpack:iron_tier_upgrade":2,"minecraft:cracked_stone_bricks":1,"born_in_chaos_v1:pileof_dark_metal":1,"travelersbackpack:standard":2,"graveyard:corruption":1,"minecraft:item_frame":1,"minecraft:music_disc_13":1,"born_in_chaos_v1:monster_flesh":5,"minecraft:dirt":14,"minecraft:dark_oak_fence":4,"born_in_chaos_v1:monster_skin":3,"horror_element_mod:phished_head":1,"minecraft:cracked_deepslate_tiles":1,"regions_unexplored:large_prismarite_cluster":2,"minecraft:phantom_membrane":4,"born_in_chaos_v1:death_totem":1,"minecraft:dark_oak_planks":3,"ftbquests:book":1,"regions_unexplored:cave_hyssop":1,"regions_unexplored:felicia_daisy":8,"minecraft:armor_stand":1,"minecraft:gold_ingot":30,"minecraft:bone":10,"minecraft:gravel":28,"minecraft:sugar_cane":10,"minecraft:cobbled_deepslate":7,"minecraft:netherite_sword":1,"minecraft:birch_sapling":2,"butchersdelight:cleaver":1,"minecraft:rotten_flesh":194,"minecraft:oak_planks":39,"minecraft:fern":1,"minecraft:mossy_stone_brick_slab":1,"minecraft:stone_stairs":1,"minecraft:carrot":5,"minecraft:leather_chestplate":1,"supplementaries:flax_seeds":1,"supplementaries:ash":4,"regions_unexplored:peat_dirt":3,"minecraft:tipped_arrow":1,"minecraft:gunpowder":10,"minecraft:red_candle":4,"born_in_chaos_v1:corpse_maggot":7,"regions_unexplored:hanging_prismarite":2,"minecraft:leather_boots":2,"minecraft:beef":32,"minecraft:quartz":6,"immersiveengineering:seed":15,"minecraft:written_book":1,"born_in_chaos_v1:dark_rod":1,"minecraft:bread":30,"minecraft:stripped_spruce_log":1,"born_in_chaos_v1:shattered_skull":2,"minecraft:wheat_seeds":9,"minecraft:golden_helmet":1,"minecraft:iron_helmet":1,"minecraft:cobblestone":15,"minecraft:spruce_door":1,"minecraft:golden_apple":2,"minecraft:stick":23,"minecraft:polished_andesite":2,"minecraft:mossy_cobblestone_slab":8,"minecraft:white_concrete":2,"regions_unexplored:purple_lupine":1,"minecraft:potion":1,"minecraft:iron_leggings":2,"minecraft:polished_andesite_stairs":1,"minecraft:wither_rose":16,"butchersdelight:deadhoglin":2,"minecraft:chainmail_leggings":1,"minecraft:string":17,"butchersdelight:deadpig":2,"minecraft:stone_brick_slab":3,"minecraft:redstone":3,"hexerei:sage_seed":8,"minecraft:smooth_stone_slab":2,"minecraft:raw_iron":8,"minecraft:polished_deepslate_slab":1,"regions_unexplored:clover":27,"minecraft:iron_boots":2,"butchersdelightfoods:cookedsheepshank":1,"minecraft:cobbled_deepslate_slab":3,"regions_unexplored:pink_lupine":2,"minecraft:cobblestone_slab":1,"minecraft:hay_block":1,"aether:iron_gloves":3,"minecraft:spruce_trapdoor":1,"minecraft:iron_chestplate":2,"horror_element_mod:human_remains":4,"minecraft:andesite":8,"minecraft:golden_leggings":1,"minecraft:oak_sapling":1,"minecraft:andesite_stairs":2,"minecraft:golden_sword":1,"minecraft:stone_bricks":1,"minecraft:bamboo":4,"minecraft:wooden_pickaxe":1,"minecraft:cracked_deepslate_bricks":3,"regions_unexplored:blue_lupine":4,"graveyard:vase_block":1},"minecraft:broken":{"minecraft:iron_chestplate":2,"minecraft:iron_leggings":2,"sanitydim:garland":1,"minecraft:stone_pickaxe":1,"minecraft:golden_sword":1,"minecraft:iron_sword":1,"minecraft:iron_helmet":2,"aether:leather_gloves":1},"minecraft:crafted":{"minecraft:oak_planks":56,"born_in_chaos_v1:death_totem":1,"minecraft:crafting_table":3,"minecraft:spruce_planks":156,"travelersbackpack:standard":2,"minecraft:wooden_pickaxe":1,"minecraft:iron_helmet":1,"minecraft:birch_planks":44,"minecraft:campfire":1,"butchersdelightfoods:cookedsheeprack":1,"minecraft:iron_chestplate":2,"minecraft:stick":36,"minecraft:iron_pickaxe":1,"minecraft:jukebox":1,"minecraft:furnace":1,"minecraft:flint_and_steel":1,"quark:dark_oak_chest":3,"minecraft:iron_axe":1,"minecraft:stone_pickaxe":1,"quark:spruce_chest":1,"minecraft:dark_oak_planks":68,"minecraft:wheat":18,"minecraft:nether_bricks":7,"minecraft:mangrove_planks":8,"minecraft:stone_axe":1,"minecraft:bread":9,"minecraft:iron_leggings":1},"minecraft:mined":{"minecraft:spruce_planks":6,"minecraft:mossy_stone_brick_slab":29,"minecraft:andesite_stairs":1,"regions_unexplored:cattail":1,"regions_unexplored:dropleaf":1,"minecraft:grass_block":2,"quark:green_corundum_cluster":1,"minecraft:white_concrete":4,"minecraft:soul_soil":10,"minecraft:oxeye_daisy":1,"minecraft:spawner":7,"minecraft:mossy_cobblestone_slab":15,"minecraft:iron_ore":15,"minecraft:cobbled_deepslate":3,"minecraft:fire":5,"minecraft:pumpkin":1,"minecraft:deepslate_lapis_ore":3,"minecraft:brown_bed":1,"minecraft:polished_deepslate_slab":5,"minecraft:iron_bars":1,"minecraft:quartz_slab":1,"regions_unexplored:silt_grass_block":4,"hexerei:witch_hazel_drying_rack":2,"regions_unexplored:cave_hyssop":1,"minecraft:red_bed":4,"minecraft:smoker":1,"minecraft:soul_fire":3,"minecraft:torch":22,"minecraft:polished_andesite_stairs":1,"minecraft:cobblestone":20,"graveyard:skeleton_hand":1,"minecraft:white_candle":1,"minecraft:damaged_anvil":4,"minecraft:sugar_cane":3,"minecraft:wall_torch":23,"minecraft:seagrass":1,"minecraft:stone_stairs":1,"regions_unexplored:mauve_planks":1,"minecraft:black_bed":1,"graveyard:skull_pile":1,"minecraft:wither_rose":9,"minecraft:smooth_stone_slab":2,"minecraft:grass":47,"minecraft:oak_log":1,"regions_unexplored:peat_dirt":3,"minecraft:dirt":28,"quark:yellow_corundum_cluster":2,"minecraft:oak_leaves":2,"minecraft:mossy_cobblestone":1,"regions_unexplored:dusktrap":2,"minecraft:dark_oak_log":2,"minecraft:jack_o_lantern":1,"minecraft:mangrove_roots":1,"born_in_chaos_v1:infected_diamond_ore":1,"minecraft:glow_lichen":1,"minecraft:cobbled_deepslate_slab":8,"minecraft:dark_oak_fence":2,"minecraft:soul_campfire":1,"minecraft:polished_andesite_slab":4,"minecraft:spruce_leaves":2,"regions_unexplored:large_prismarite_cluster":1,"immersiveengineering:ore_silver":3,"minecraft:large_fern":4,"minecraft:hay_block":4,"regions_unexplored:brimwood_log_magma":1,"graveyard:tg_moss_block":1,"minecraft:andesite":7,"minecraft:stripped_spruce_log":3,"treechop:chopped_log":3,"minecraft:peony":2,"graveyard:sarcophagus":1,"minecraft:bookshelf":15,"minecraft:cobblestone_slab":9,"minecraft:vine":8,"regions_unexplored:medium_grass":7,"minecraft:stone":107,"supplementaries:wall_lantern":1,"regions_unexplored:silver_birch_leaf_pile":3,"hexerei:witch_hazel_leaves":1,"minecraft:stone_brick_slab":30,"minecraft:dandelion":1,"travelersbackpack:standard":1,"minecraft:crafting_table":6,"realmrpg_skeletons:basic_skeleton":1,"regions_unexplored:silt_dirt":11,"minecraft:andesite_slab":4,"minecraft:campfire":1,"minecraft:tall_grass":2,"the_old_ai:scp_079_refuse":1,"minecraft:diorite":9,"minecraft:coarse_dirt":1,"graveyard:vase_block":7,"hexerei:pestle_and_mortar":1,"quark:green_corundum":10,"minecraft:coal_ore":29,"minecraft:dripstone_block":1,"minecraft:gravel":11,"graveyard:leaning_skeleton":1,"minecraft:cobweb":5,"minecraft:cracked_stone_bricks":2,"minecraft:polished_andesite":4,"minecraft:stone_bricks":6,"minecraft:mossy_stone_bricks":1,"regions_unexplored:peat_podzol":1,"minecraft:fern":5,"minecraft:dark_oak_planks":1},"minecraft:used":{"minecraft:iron_shovel":21,"minecraft:chest":2,"minecraft:iron_sword":638,"minecraft:white_candle":5,"minecraft:nether_bricks":7,"regions_unexplored:prismarite_cluster":1,"minecraft:obsidian":10,"minecraft:lantern":2,"the_old_ai:scp_079_offline":1,"minecraft:golden_sword":21,"minecraft:bow":6,"minecraft:written_book":1,"minecraft:furnace":2,"minecraft:diorite":8,"hexerei:pestle_and_mortar":1,"minecraft:stone_pickaxe":181,"minecraft:mangrove_planks":5,"minecraft:ender_pearl":2,"minecraft:wooden_pickaxe":12,"minecraft:golden_apple":2,"minecraft:black_bed":1,"born_in_chaos_v1:monster_flesh":1,"minecraft:bread":196,"minecraft:gravel":28,"minecraft:diamond_sword":198,"minecraft:white_concrete":2,"minecraft:experience_bottle":8,"minecraft:flint_and_steel":1,"minecraft:spruce_planks":106,"minecraft:torch":160,"minecraft:dirt":98,"minecraft:dark_oak_planks":1,"minecraft:wooden_axe":20,"butchersdelight:cleaver":2,"quark:spruce_chest":1,"minecraft:iron_axe":30,"quark:green_corundum_cluster":16,"minecraft:diamond_chestplate":1,"regions_unexplored:larch_planks":12,"minecraft:soul_soil":10,"minecraft:cooked_beef":1,"minecraft:enchanted_golden_apple":1,"minecraft:brown_bed":1,"minecraft:water_bucket":30,"minecraft:birch_planks":12,"horror_element_mod:slashed_skull":1,"minecraft:music_disc_cat":1,"minecraft:crafting_table":11,"minecraft:red_bed":5,"regions_unexplored:hanging_prismarite":1,"minecraft:campfire":1,"minecraft:cake":2,"minecraft:smoker":1,"minecraft:apple":2,"minecraft:iron_pickaxe":214,"quark:green_corundum":11,"minecraft:stone_axe":4,"butchersdelightfoods:cookedsheeprack":1,"quark:dark_oak_chest":3,"minecraft:cobblestone":213,"travelersbackpack:standard":22,"minecraft:bucket":31,"minecraft:jukebox":1,"minecraft:candle":3}},"DataVersion":3120}