{
  "minecraft:recipes/woodcutting/dark_oak/dark_oak_button_from_dark_oak_planks_woodcutting": {
    "criteria": {
      "give_recipe": "2024-10-22 02:14:08 +0000"
    },
    "done": true
  },
  "ancient_manuscripts:items/acacia_binding_table": {
    "criteria": {
      "has_recipe": "2024-10-22 01:17:44 +0000"
    },
    "done": true
  },
  "minecraft:recipes/woodcutting/birch/birch_stairs_from_birch_planks_woodcutting": {
    "criteria": {
      "give_recipe": "2024-10-22 01:29:29 +0000"
    },
    "done": true
  },
  "minecraft:recipes/woodcutting/dark_oak/dark_oak_planks_from_dark_oak_stairs_woodcutting": {
    "criteria": {
      "give_recipe": "2024-10-25 00:31:16 +0000"
    },
    "done": true
  },
  "minecraft:recipes/woodcutting/dark_oak/dark_oak_boat_from_dark_oak_planks_woodcutting": {
    "criteria": {
      "give_recipe": "2024-10-22 02:14:08 +0000"
    },
    "done": true
  },
  "naturescompass:natures_compass": {
    "criteria": {
      "has_recipe": "2024-10-22 01:17:44 +0000"
    },
    "done": true
  },
  "dungeons_enhanced:root": {
    "criteria": {
      "entered_ruined_building": "2024-10-22 01:59:30 +0000"
    },
    "done": true
  },
  "minecraft:recipes/woodcutting/spruce/spruce_planks_from_spruce_log_woodcutting": {
    "criteria": {
      "give_recipe": "2024-10-22 01:57:17 +0000"
    },
    "done": true
  },
  "minecraft:recipes/woodcutting/birch/birch_planks_from_birch_log_woodcutting": {
    "criteria": {
      "give_recipe": "2024-10-22 01:29:26 +0000"
    },
    "done": true
  },
  "minecraft:recipes/woodcutting/birch/birch_slab_from_birch_planks_woodcutting": {
    "criteria": {
      "give_recipe": "2024-10-22 01:29:29 +0000"
    },
    "done": true
  },
  "minecraft:recipes/woodcutting/oak/oak_boat_from_oak_planks_woodcutting": {
    "criteria": {
      "give_recipe": "2024-10-22 01:18:16 +0000"
    },
    "done": true
  },
  "minecraft:recipes/woodcutting/birch/birch_trapdoor_from_birch_planks_woodcutting": {
    "criteria": {
      "give_recipe": "2024-10-22 01:29:29 +0000"
    },
    "done": true
  },
  "minecraft:recipes/woodcutting/birch/birch_pressure_plate_from_birch_planks_woodcutting": {
    "criteria": {
      "give_recipe": "2024-10-22 01:29:29 +0000"
    },
    "done": true
  },
  "minecraft:recipes/woodcutting/dark_oak/dark_oak_trapdoor_from_dark_oak_slab_woodcutting": {
    "criteria": {
      "give_recipe": "2024-10-25 00:31:32 +0000"
    },
    "done": true
  },
  "minecraft:recipes/woodcutting/oak/oak_fence_gate_from_oak_planks_woodcutting": {
    "criteria": {
      "give_recipe": "2024-10-22 01:18:16 +0000"
    },
    "done": true
  },
  "minecraft:recipes/woodcutting/dark_oak/crafting_table_from_dark_oak_slab_woodcutting": {
    "criteria": {
      "give_recipe": "2024-10-25 00:31:32 +0000"
    },
    "done": true
  },
  "minecraft:recipes/woodcutting/dark_oak/dark_oak_slab_from_dark_oak_planks_woodcutting": {
    "criteria": {
      "give_recipe": "2024-10-22 02:14:08 +0000"
    },
    "done": true
  },
  "aquamirae:adventure/root": {
    "criteria": {
      "crafting_table": "2024-10-22 01:18:22 +0000"
    },
    "done": true
  },
  "minecraft:recipes/woodcutting/spruce/spruce_boat_from_spruce_planks_woodcutting": {
    "criteria": {
      "give_recipe": "2024-10-22 02:02:17 +0000"
    },
    "done": true
  },
  "minecraft:recipes/woodcutting/spruce/spruce_stairs_from_spruce_planks_woodcutting": {
    "criteria": {
      "give_recipe": "2024-10-22 02:02:17 +0000"
    },
    "done": true
  },
  "minecraft:recipes/woodcutting/oak/oak_sign_from_oak_planks_woodcutting": {
    "criteria": {
      "give_recipe": "2024-10-22 01:18:16 +0000"
    },
    "done": true
  },
  "minecraft:recipes/woodcutting/dark_oak/dark_oak_sign_from_dark_oak_planks_woodcutting": {
    "criteria": {
      "give_recipe": "2024-10-22 02:14:08 +0000"
    },
    "done": true
  },
  "minecraft:recipes/woodcutting/spruce/chest_from_spruce_planks_woodcutting": {
    "criteria": {
      "give_recipe": "2024-10-22 02:02:17 +0000"
    },
    "done": true
  },
  "minecraft:recipes/woodcutting/dark_oak/dark_oak_fence_from_dark_oak_slab_woodcutting": {
    "criteria": {
      "give_recipe": "2024-10-25 00:31:32 +0000"
    },
    "done": true
  },
  "regions_unexplored:got_wood": {
    "criteria": {
      "silver_birch_log": "2024-10-25 00:00:43 +0000"
    },
    "done": false
  },
  "minecraft:recipes/woodcutting/dark_oak/barrel_from_dark_oak_slab_woodcutting": {
    "criteria": {
      "give_recipe": "2024-10-25 00:31:32 +0000"
    },
    "done": true
  },
  "biomancy:biomancy/flesh": {
    "criteria": {
      "has_ender_pearl": "2024-10-22 02:53:52 +0000"
    },
    "done": true
  },
  "ancient_manuscripts:items/mangrove_binding_table": {
    "criteria": {
      "has_recipe": "2024-10-22 01:17:44 +0000"
    },
    "done": true
  },
  "minecraft:recipes/woodcutting/oak/oak_slab_from_oak_planks_woodcutting": {
    "criteria": {
      "give_recipe": "2024-10-22 01:18:16 +0000"
    },
    "done": true
  },
  "minecraft:recipes/woodcutting/dark_oak/dark_oak_stairs_from_dark_oak_slab_woodcutting": {
    "criteria": {
      "give_recipe": "2024-10-25 00:31:32 +0000"
    },
    "done": true
  },
  "quark:get_all_corundum": {
    "criteria": {
      "yellow": "2024-10-22 02:08:03 +0000"
    },
    "done": false
  },
  "minecraft:recipes/woodcutting/birch/birch_button_from_birch_planks_woodcutting": {
    "criteria": {
      "give_recipe": "2024-10-22 01:29:29 +0000"
    },
    "done": true
  },
  "minecraft:recipes/woodcutting/spruce/spruce_fence_from_spruce_planks_woodcutting": {
    "criteria": {
      "give_recipe": "2024-10-22 02:02:17 +0000"
    },
    "done": true
  },
  "minecraft:recipes/woodcutting/dark_oak/dark_oak_fence_gate_from_dark_oak_planks_woodcutting": {
    "criteria": {
      "give_recipe": "2024-10-22 02:14:08 +0000"
    },
    "done": true
  },
  "minecraft:recipes/woodcutting/dark_oak/dark_oak_sign_from_dark_oak_slab_woodcutting": {
    "criteria": {
      "give_recipe": "2024-10-25 00:31:32 +0000"
    },
    "done": true
  },
  "graveyard:graveyard/large_graveyard": {
    "criteria": {
      "large_graveyard": "2024-10-22 02:09:59 +0000"
    },
    "done": true
  },
  "betterdungeons:all_dungeons": {
    "criteria": {
      "in_better_spider_dungeon": "2024-10-22 02:57:27 +0000"
    },
    "done": false
  },
  "minecraft:recipes/woodcutting/dark_oak/dark_oak_boat_from_dark_oak_slab_woodcutting": {
    "criteria": {
      "give_recipe": "2024-10-25 00:31:32 +0000"
    },
    "done": true
  },
  "minecraft:recipes/woodcutting/oak/oak_trapdoor_from_oak_planks_woodcutting": {
    "criteria": {
      "give_recipe": "2024-10-22 01:18:16 +0000"
    },
    "done": true
  },
  "ancient_manuscripts:items/jungle_binding_table": {
    "criteria": {
      "has_recipe": "2024-10-22 01:17:44 +0000"
    },
    "done": true
  },
  "minecraft:recipes/woodcutting/dark_oak/dark_oak_button_from_dark_oak_slab_woodcutting": {
    "criteria": {
      "give_recipe": "2024-10-25 00:31:32 +0000"
    },
    "done": true
  },
  "cataclysm:root": {
    "criteria": {
      "custom_test_name": "2024-10-22 01:17:44 +0000"
    },
    "done": true
  },
  "minecraft:recipes/woodcutting/spruce/crafting_table_from_spruce_planks_woodcutting": {
    "criteria": {
      "give_recipe": "2024-10-22 02:02:17 +0000"
    },
    "done": true
  },
  "minecraft:recipes/woodcutting/oak/crafting_table_from_oak_planks_woodcutting": {
    "criteria": {
      "give_recipe": "2024-10-22 01:18:16 +0000"
    },
    "done": true
  },
  "minecraft:recipes/woodcutting/spruce/spruce_door_from_spruce_planks_woodcutting": {
    "criteria": {
      "give_recipe": "2024-10-22 02:02:17 +0000"
    },
    "done": true
  },
  "minecraft:recipes/woodcutting/birch/birch_fence_from_birch_planks_woodcutting": {
    "criteria": {
      "give_recipe": "2024-10-22 01:29:29 +0000"
    },
    "done": true
  },
  "minecraft:husbandry/balanced_diet": {
    "criteria": {
      "apple": "2024-10-22 02:13:34 +0000",
      "bread": "2024-10-22 01:35:02 +0000",
      "golden_apple": "2024-10-25 00:22:28 +0000"
    },
    "done": false
  },
  "minecraft:recipes/woodcutting/dark_oak/chest_from_dark_oak_slab_woodcutting": {
    "criteria": {
      "give_recipe": "2024-10-25 00:31:32 +0000"
    },
    "done": true
  },
  "regions_unexplored:regions_explored": {
    "criteria": {
      "silver_birch_forest": "2024-10-22 01:36:04 +0000",
      "shrubland": "2024-10-22 01:34:06 +0000",
      "pine_taiga": "2024-10-22 01:58:49 +0000",
      "autumnal_maple_forest": "2024-10-22 01:34:18 +0000",
      "muddy_river": "2024-10-22 01:53:55 +0000",
      "prismachasm": "2024-10-22 02:04:03 +0000",
      "ancient_delta": "2024-10-25 00:34:24 +0000",
      "redstone_caves": "2024-10-22 01:51:55 +0000",
      "grassy_beach": "2024-10-25 00:09:53 +0000",
      "blackwood_taiga": "2024-10-22 02:07:45 +0000",
      "rocky_meadow": "2024-10-24 23:43:56 +0000",
      "flower_fields": "2024-10-25 00:12:35 +0000",
      "highland_fields": "2024-10-25 00:16:27 +0000",
      "maple_forest": "2024-10-22 01:50:36 +0000",
      "magnolia_highlands": "2024-10-22 02:09:50 +0000",
      "boreal_forest": "2024-10-22 01:53:26 +0000",
      "temperate_grove": "2024-10-25 00:18:16 +0000",
      "cold_river": "2024-10-22 01:35:20 +0000",
      "pumpkin_fields": "2024-10-22 01:35:30 +0000",
      "gravel_beach": "2024-10-25 00:10:31 +0000",
      "golden_boreal_taiga": "2024-10-24 23:25:04 +0000",
      "bioshroom_caves": "2024-10-25 00:19:43 +0000",
      "lupine_plains": "2024-10-22 01:59:17 +0000"
    },
    "done": false
  },
  "endofherobrine:story/root": {
    "criteria": {
      "requirement": "2024-10-22 01:17:44 +0000"
    },
    "done": true
  },
  "minecraft:recipes/woodcutting/birch/barrel_from_birch_planks_woodcutting": {
    "criteria": {
      "give_recipe": "2024-10-22 01:29:29 +0000"
    },
    "done": true
  },
  "biomancy:biomancy/root": {
    "criteria": {
      "has_raw_meats": "2024-10-22 02:10:19 +0000"
    },
    "done": true
  },
  "minecraft:recipes/woodcutting/oak/oak_stairs_from_oak_planks_woodcutting": {
    "criteria": {
      "give_recipe": "2024-10-22 01:18:16 +0000"
    },
    "done": true
  },
  "minecraft:recipes/woodcutting/dark_oak/barrel_from_dark_oak_planks_woodcutting": {
    "criteria": {
      "give_recipe": "2024-10-22 02:14:08 +0000"
    },
    "done": true
  },
  "graveyard:graveyard/medium_graveyard": {
    "criteria": {
      "medium_graveyard": "2024-10-24 23:34:06 +0000"
    },
    "done": true
  },
  "minecraft:recipes/woodcutting/dark_oak/dark_oak_chest_boat_from_dark_oak_slab_woodcutting": {
    "criteria": {
      "give_recipe": "2024-10-25 00:31:32 +0000"
    },
    "done": true
  },
  "minecraft:recipes/woodcutting/oak/oak_planks_from_oak_log_woodcutting": {
    "criteria": {
      "give_recipe": "2024-10-22 01:18:14 +0000"
    },
    "done": true
  },
  "minecraft:story/iron_tools": {
    "criteria": {
      "iron_pickaxe": "2024-10-22 02:26:44 +0000"
    },
    "done": true
  },
  "naturescompass:natures_compass_sapling": {
    "criteria": {
      "has_recipe": "2024-10-22 01:17:44 +0000"
    },
    "done": true
  },
  "ancient_manuscripts:items/dark_oak_binding_table": {
    "criteria": {
      "has_recipe": "2024-10-22 01:17:44 +0000"
    },
    "done": true
  },
  "minecraft:recipes/woodcutting/birch/birch_sign_from_birch_planks_woodcutting": {
    "criteria": {
      "give_recipe": "2024-10-22 01:29:29 +0000"
    },
    "done": true
  },
  "minecraft:recipes/woodcutting/spruce/spruce_planks_from_stripped_spruce_log_woodcutting": {
    "criteria": {
      "give_recipe": "2024-10-22 02:22:53 +0000"
    },
    "done": true
  },
  "ancient_manuscripts:items/oak_binding_table": {
    "criteria": {
      "has_recipe": "2024-10-22 01:17:44 +0000"
    },
    "done": true
  },
  "minecraft:story/root": {
    "criteria": {
      "crafting_table": "2024-10-22 01:18:22 +0000"
    },
    "done": true
  },
  "graveyard:graveyard/corruption": {
    "criteria": {
      "corruption": "2024-10-22 01:44:35 +0000"
    },
    "done": true
  },
  "regions_unexplored:pioneer": {
    "criteria": {
      "silver_birch_forest": "2024-10-22 01:36:04 +0000",
      "shrubland": "2024-10-22 01:34:06 +0000",
      "pine_taiga": "2024-10-22 01:58:49 +0000",
      "autumnal_maple_forest": "2024-10-22 01:34:18 +0000",
      "muddy_river": "2024-10-22 01:53:55 +0000",
      "grassy_beach": "2024-10-25 00:09:53 +0000",
      "blackwood_taiga": "2024-10-22 02:07:45 +0000",
      "rocky_meadow": "2024-10-24 23:43:56 +0000",
      "flower_fields": "2024-10-25 00:12:35 +0000",
      "highland_fields": "2024-10-25 00:16:27 +0000",
      "maple_forest": "2024-10-22 01:50:36 +0000",
      "magnolia_highlands": "2024-10-22 02:09:50 +0000",
      "boreal_forest": "2024-10-22 01:53:26 +0000",
      "temperate_grove": "2024-10-25 00:18:16 +0000",
      "cold_river": "2024-10-22 01:35:20 +0000",
      "pumpkin_fields": "2024-10-22 01:35:30 +0000",
      "gravel_beach": "2024-10-25 00:10:31 +0000",
      "golden_boreal_taiga": "2024-10-24 23:25:04 +0000",
      "lupine_plains": "2024-10-22 01:59:17 +0000"
    },
    "done": false
  },
  "minecraft:recipes/woodcutting/dark_oak/chest_from_dark_oak_planks_woodcutting": {
    "criteria": {
      "give_recipe": "2024-10-22 02:14:08 +0000"
    },
    "done": true
  },
  "ancient_manuscripts:items/birch_binding_table": {
    "criteria": {
      "has_recipe": "2024-10-22 01:17:44 +0000"
    },
    "done": true
  },
  "ancient_manuscripts:items/enchanted_book_glue": {
    "criteria": {
      "has_recipe": "2024-10-22 01:17:44 +0000"
    },
    "done": true
  },
  "ancient_manuscripts:items/empty_glue_bottle": {
    "criteria": {
      "has_recipe": "2024-10-22 01:17:44 +0000"
    },
    "done": true
  },
  "dungeons_enhanced:ambitious_explorer": {
    "criteria": {
      "entered_tower_of_the_undead": "2024-10-24 23:30:44 +0000",
      "entered_pillager_camp": "2024-10-24 23:41:16 +0000",
      "entered_ruined_building": "2024-10-22 01:59:30 +0000"
    },
    "done": false
  },
  "minecraft:recipes/woodcutting/spruce/spruce_button_from_spruce_planks_woodcutting": {
    "criteria": {
      "give_recipe": "2024-10-22 02:02:17 +0000"
    },
    "done": true
  },
  "minecraft:recipes/woodcutting/dark_oak/dark_oak_slab_from_dark_oak_stairs_woodcutting_combine": {
    "criteria": {
      "give_recipe": "2024-10-25 00:31:16 +0000",
      "has_block": "2024-10-25 00:31:16 +0000"
    },
    "done": true
  },
  "minecraft:story/form_obsidian": {
    "criteria": {
      "obsidian": "2024-10-24 23:37:30 +0000"
    },
    "done": true
  },
  "biomancy:biomancy/predator_killer": {
    "criteria": {
      "has_killed_fangs_mob": "2024-10-24 23:49:45 +0000"
    },
    "done": false
  },
  "minecraft:recipes/woodcutting/oak/oak_slab_from_oak_stairs_woodcutting_combine": {
    "criteria": {
      "give_recipe": "2024-10-22 02:31:59 +0000",
      "has_block": "2024-10-22 02:31:59 +0000"
    },
    "done": true
  },
  "betterdungeons:root": {
    "criteria": {
      "always": "2024-10-22 01:17:44 +0000"
    },
    "done": true
  },
  "dnl:entity/guardian_ghast/hurt": {
    "criteria": {
      "not_projectile": "2024-10-22 01:26:50 +0000"
    },
    "done": false
  },
  "minecraft:recipes/woodcutting/birch/birch_door_from_birch_planks_woodcutting": {
    "criteria": {
      "give_recipe": "2024-10-22 01:29:29 +0000"
    },
    "done": true
  },
  "minecraft:adventure/kill_a_mob": {
    "criteria": {
      "minecraft:zombie": "2024-10-22 01:36:52 +0000"
    },
    "done": true
  },
  "minecraft:recipes/woodcutting/dark_oak/dark_oak_planks_from_dark_oak_log_woodcutting": {
    "criteria": {
      "give_recipe": "2024-10-22 02:10:17 +0000"
    },
    "done": true
  },
  "minecraft:recipes/woodcutting/dark_oak/crafting_table_from_dark_oak_planks_woodcutting": {
    "criteria": {
      "give_recipe": "2024-10-22 02:14:08 +0000"
    },
    "done": true
  },
  "minecraft:story/obtain_armor": {
    "criteria": {
      "iron_boots": "2024-10-22 02:13:54 +0000"
    },
    "done": true
  },
  "minecraft:recipes/woodcutting/spruce/spruce_sign_from_spruce_planks_woodcutting": {
    "criteria": {
      "give_recipe": "2024-10-22 02:02:17 +0000"
    },
    "done": true
  },
  "minecraft:recipes/woodcutting/dark_oak/dark_oak_planks_from_dark_oak_slab_woodcutting": {
    "criteria": {
      "give_recipe": "2024-10-25 00:31:32 +0000"
    },
    "done": true
  },
  "regions_unexplored:parent": {
    "criteria": {
      "load_in_world": "2024-10-22 01:17:47 +0000"
    },
    "done": true
  },
  "minecraft:story/mine_stone": {
    "criteria": {
      "get_stone": "2024-10-22 01:19:52 +0000"
    },
    "done": true
  },
  "minecraft:adventure/adventuring_time": {
    "criteria": {
      "minecraft:old_growth_pine_taiga": "2024-10-22 03:00:41 +0000",
      "minecraft:taiga": "2024-10-22 03:17:46 +0000",
      "minecraft:sunflower_plains": "2024-10-24 23:39:39 +0000",
      "minecraft:birch_forest": "2024-10-22 02:57:27 +0000",
      "minecraft:beach": "2024-10-22 01:41:31 +0000",
      "minecraft:dark_forest": "2024-10-22 02:59:21 +0000",
      "minecraft:river": "2024-10-22 01:33:46 +0000",
      "minecraft:dripstone_caves": "2024-10-22 03:16:53 +0000",
      "minecraft:forest": "2024-10-22 01:17:47 +0000",
      "minecraft:old_growth_spruce_taiga": "2024-10-22 03:16:40 +0000",
      "minecraft:old_growth_birch_forest": "2024-10-22 02:57:19 +0000",
      "minecraft:plains": "2024-10-22 01:19:04 +0000"
    },
    "done": false
  },
  "minecraft:adventure/sleep_in_bed": {
    "criteria": {
      "slept_in_bed": "2024-10-22 02:39:11 +0000"
    },
    "done": true
  },
  "minecraft:recipes/woodcutting/spruce/barrel_from_spruce_planks_woodcutting": {
    "criteria": {
      "give_recipe": "2024-10-22 02:02:17 +0000"
    },
    "done": true
  },
  "minecraft:recipes/woodcutting/spruce/spruce_fence_gate_from_spruce_planks_woodcutting": {
    "criteria": {
      "give_recipe": "2024-10-22 02:02:17 +0000"
    },
    "done": true
  },
  "minecraft:husbandry/root": {
    "criteria": {
      "consumed_item": "2024-10-22 01:33:02 +0000"
    },
    "done": true
  },
  "minecraft:recipes/woodcutting/birch/birch_chest_boat_from_birch_planks_woodcutting": {
    "criteria": {
      "give_recipe": "2024-10-22 01:29:29 +0000"
    },
    "done": true
  },
  "minecraft:recipes/woodcutting/spruce/spruce_trapdoor_from_spruce_planks_woodcutting": {
    "criteria": {
      "give_recipe": "2024-10-22 02:02:17 +0000"
    },
    "done": true
  },
  "minecraft:recipes/woodcutting/dark_oak/dark_oak_door_from_dark_oak_slab_woodcutting": {
    "criteria": {
      "give_recipe": "2024-10-25 00:31:32 +0000"
    },
    "done": true
  },
  "minecraft:adventure/root": {
    "criteria": {
      "killed_something": "2024-10-22 01:36:52 +0000"
    },
    "done": true
  },
  "minecraft:recipes/woodcutting/oak/oak_pressure_plate_from_oak_planks_woodcutting": {
    "criteria": {
      "give_recipe": "2024-10-22 01:18:16 +0000"
    },
    "done": true
  },
  "ancient_manuscripts:items/crimson_binding_table": {
    "criteria": {
      "has_recipe": "2024-10-22 01:17:44 +0000"
    },
    "done": true
  },
  "minecraft:recipes/woodcutting/oak/chest_from_oak_planks_woodcutting": {
    "criteria": {
      "give_recipe": "2024-10-22 01:18:16 +0000"
    },
    "done": true
  },
  "minecraft:recipes/woodcutting/spruce/spruce_chest_boat_from_spruce_planks_woodcutting": {
    "criteria": {
      "give_recipe": "2024-10-22 02:02:17 +0000"
    },
    "done": true
  },
  "regions_unexplored:spelunker": {
    "criteria": {
      "redstone_caves": "2024-10-22 01:51:55 +0000",
      "prismachasm": "2024-10-22 02:04:03 +0000",
      "bioshroom_caves": "2024-10-25 00:19:43 +0000",
      "ancient_delta": "2024-10-25 00:34:24 +0000"
    },
    "done": false
  },
  "minecraft:recipes/woodcutting/spruce/spruce_slab_from_spruce_planks_woodcutting": {
    "criteria": {
      "give_recipe": "2024-10-22 02:02:17 +0000"
    },
    "done": true
  },
  "graveyard:graveyard/root": {
    "criteria": {
      "grave_01": "2024-10-22 02:51:23 +0000"
    },
    "done": true
  },
  "graveyard:graveyard/kill_graveyard_mob": {
    "criteria": {
      "ghoul": "2024-10-22 03:04:06 +0000"
    },
    "done": true
  },
  "minecraft:recipes/woodcutting/oak/oak_door_from_oak_planks_woodcutting": {
    "criteria": {
      "give_recipe": "2024-10-22 01:18:16 +0000"
    },
    "done": true
  },
  "minecraft:recipes/woodcutting/oak/oak_fence_from_oak_planks_woodcutting": {
    "criteria": {
      "give_recipe": "2024-10-22 01:18:16 +0000"
    },
    "done": true
  },
  "ancient_manuscripts:items/spruce_binding_table": {
    "criteria": {
      "has_recipe": "2024-10-22 01:17:44 +0000"
    },
    "done": true
  },
  "minecraft:adventure/kill_all_mobs": {
    "criteria": {
      "minecraft:pillager": "2024-10-24 23:41:41 +0000",
      "minecraft:zoglin": "2024-10-24 23:49:45 +0000",
      "minecraft:vindicator": "2024-10-25 00:09:59 +0000",
      "minecraft:spider": "2024-10-22 02:30:07 +0000",
      "minecraft:creeper": "2024-10-22 02:30:29 +0000",
      "minecraft:zombie": "2024-10-22 01:36:52 +0000",
      "minecraft:zombie_villager": "2024-10-22 03:05:01 +0000"
    },
    "done": false
  },
  "graveyard:graveyard/dead_tree": {
    "criteria": {
      "dead_tree": "2024-10-24 23:39:48 +0000"
    },
    "done": true
  },
  "minecraft:recipes/woodcutting/spruce/spruce_pressure_plate_from_spruce_planks_woodcutting": {
    "criteria": {
      "give_recipe": "2024-10-22 02:02:17 +0000"
    },
    "done": true
  },
  "minecraft:recipes/woodcutting/dark_oak/dark_oak_chest_boat_from_dark_oak_planks_woodcutting": {
    "criteria": {
      "give_recipe": "2024-10-22 02:14:08 +0000"
    },
    "done": true
  },
  "minecraft:recipes/woodcutting/oak/barrel_from_oak_planks_woodcutting": {
    "criteria": {
      "give_recipe": "2024-10-22 01:18:16 +0000"
    },
    "done": true
  },
  "minecraft:recipes/woodcutting/oak/oak_chest_boat_from_oak_planks_woodcutting": {
    "criteria": {
      "give_recipe": "2024-10-22 01:18:16 +0000"
    },
    "done": true
  },
  "minecraft:recipes/woodcutting/birch/birch_fence_gate_from_birch_planks_woodcutting": {
    "criteria": {
      "give_recipe": "2024-10-22 01:29:29 +0000"
    },
    "done": true
  },
  "minecraft:recipes/woodcutting/dark_oak/dark_oak_fence_from_dark_oak_planks_woodcutting": {
    "criteria": {
      "give_recipe": "2024-10-22 02:14:08 +0000"
    },
    "done": true
  },
  "minecraft:recipes/woodcutting/dark_oak/dark_oak_pressure_plate_from_dark_oak_slab_woodcutting": {
    "criteria": {
      "give_recipe": "2024-10-25 00:31:32 +0000"
    },
    "done": true
  },
  "minecraft:recipes/woodcutting/oak/oak_planks_from_oak_stairs_woodcutting": {
    "criteria": {
      "give_recipe": "2024-10-22 02:31:59 +0000"
    },
    "done": true
  },
  "minecraft:recipes/woodcutting/birch/chest_from_birch_planks_woodcutting": {
    "criteria": {
      "give_recipe": "2024-10-22 01:29:29 +0000"
    },
    "done": true
  },
  "betterdeserttemples:root": {
    "criteria": {
      "always": "2024-10-22 01:17:44 +0000"
    },
    "done": true
  },
  "naturescompass:natures_compass_log": {
    "criteria": {
      "has_recipe": "2024-10-22 01:17:44 +0000"
    },
    "done": true
  },
  "ancient_manuscripts:items/warped_binding_table": {
    "criteria": {
      "has_recipe": "2024-10-22 01:17:44 +0000"
    },
    "done": true
  },
  "minecraft:recipes/woodcutting/dark_oak/dark_oak_fence_gate_from_dark_oak_slab_woodcutting": {
    "criteria": {
      "give_recipe": "2024-10-25 00:31:32 +0000"
    },
    "done": true
  },
  "minecraft:recipes/woodcutting/dark_oak/dark_oak_trapdoor_from_dark_oak_planks_woodcutting": {
    "criteria": {
      "give_recipe": "2024-10-22 02:14:08 +0000"
    },
    "done": true
  },
  "minecraft:story/mine_diamond": {
    "criteria": {
      "diamond": "2024-10-22 02:19:12 +0000"
    },
    "done": true
  },
  "minecraft:story/upgrade_tools": {
    "criteria": {
      "stone_pickaxe": "2024-10-22 01:20:39 +0000"
    },
    "done": true
  },
  "minecraft:recipes/woodcutting/dark_oak/dark_oak_door_from_dark_oak_planks_woodcutting": {
    "criteria": {
      "give_recipe": "2024-10-22 02:14:08 +0000"
    },
    "done": true
  },
  "minecraft:story/smelt_iron": {
    "criteria": {
      "iron": "2024-10-22 02:00:32 +0000"
    },
    "done": true
  },
  "minecraft:recipes/woodcutting/dark_oak/dark_oak_pressure_plate_from_dark_oak_planks_woodcutting": {
    "criteria": {
      "give_recipe": "2024-10-22 02:14:08 +0000"
    },
    "done": true
  },
  "supplementaries:adventure/way_sign": {
    "criteria": {
      "bastion": "2024-10-22 03:15:02 +0000"
    },
    "done": true
  },
  "minecraft:recipes/woodcutting/oak/oak_button_from_oak_planks_woodcutting": {
    "criteria": {
      "give_recipe": "2024-10-22 01:18:16 +0000"
    },
    "done": true
  },
  "minecraft:recipes/woodcutting/birch/birch_boat_from_birch_planks_woodcutting": {
    "criteria": {
      "give_recipe": "2024-10-22 01:29:29 +0000"
    },
    "done": true
  },
  "minecraft:recipes/woodcutting/dark_oak/dark_oak_stairs_from_dark_oak_planks_woodcutting": {
    "criteria": {
      "give_recipe": "2024-10-22 02:14:08 +0000"
    },
    "done": true
  },
  "betterdungeons:spider_dungeon": {
    "criteria": {
      "in_better_spider_dungeon": "2024-10-22 02:57:27 +0000"
    },
    "done": true
  },
  "minecraft:story/follow_ender_eye": {
    "criteria": {
      "in_stronghold_betterstrongholds": "2024-10-25 00:19:50 +0000"
    },
    "done": true
  },
  "travelersbackpack:standard_from_custom": {
    "criteria": {
      "has_the_recipe": "2024-10-22 01:17:44 +0000"
    },
    "done": true
  },
  "minecraft:recipes/woodcutting/birch/crafting_table_from_birch_planks_woodcutting": {
    "criteria": {
      "give_recipe": "2024-10-22 01:29:29 +0000"
    },
    "done": true
  },
  "repurposed_structures:root": {
    "criteria": {
      "always": "2024-10-22 01:17:44 +0000"
    },
    "done": true
  },
  "DataVersion": 3120
}